group_type,task,nominal_length,subgroup,method,baseline,budget_fraction,baseline_budget_fraction,n_pairs,n_method_available,n_baseline_available,n_method_without_baseline,n_baseline_without_method,method_score_mean,baseline_score_mean,score_delta_mean,bootstrap_ci95_low,bootstrap_ci95_high,wins,ties,losses,bootstrap_reps,bootstrap_unit,bootstrap_seed
niah_length,niah_multi,16384,all,keydiff,full,0.1,1.0,6,6,6,0,0,1.0,1.0,0.0,0.0,0.0,0,6,0,2000,case,20260927
niah_length,niah_multi,16384,full_cache_correct,keydiff,full,0.1,1.0,6,6,6,0,0,1.0,1.0,0.0,0.0,0.0,0,6,0,2000,case,20260927
niah_length,niah_multi,16384,all,keydiff,knorm,0.1,0.1,6,6,6,0,0,1.0,0.0,1.0,1.0,1.0,6,0,0,2000,case,20260927
niah_length,niah_multi,16384,full_cache_correct,keydiff,knorm,0.1,0.1,6,6,6,0,0,1.0,0.0,1.0,1.0,1.0,6,0,0,2000,case,20260927
niah_length,niah_multi,16384,all,keydiff,leverage,0.1,0.1,6,6,6,0,0,1.0,1.0,0.0,0.0,0.0,0,6,0,2000,case,20260927
niah_length,niah_multi,16384,full_cache_correct,keydiff,leverage,0.1,0.1,6,6,6,0,0,1.0,1.0,0.0,0.0,0.0,0,6,0,2000,case,20260927
niah_length,niah_multi,16384,all,keydiff,random,0.1,0.1,6,6,6,0,0,1.0,0.0,1.0,1.0,1.0,6,0,0,2000,case,20260927
niah_length,niah_multi,16384,full_cache_correct,keydiff,random,0.1,0.1,6,6,6,0,0,1.0,0.0,1.0,1.0,1.0,6,0,0,2000,case,20260927
niah_length,niah_multi,16384,all,keydiff,snapkv,0.1,0.1,6,6,6,0,0,1.0,0.0,1.0,1.0,1.0,6,0,0,2000,case,20260927
niah_length,niah_multi,16384,full_cache_correct,keydiff,snapkv,0.1,0.1,6,6,6,0,0,1.0,0.0,1.0,1.0,1.0,6,0,0,2000,case,20260927
niah_length,niah_multi,16384,all,keydiff,streaming,0.1,0.1,6,6,6,0,0,1.0,0.0,1.0,1.0,1.0,6,0,0,2000,case,20260927
niah_length,niah_multi,16384,full_cache_correct,keydiff,streaming,0.1,0.1,6,6,6,0,0,1.0,0.0,1.0,1.0,1.0,6,0,0,2000,case,20260927
niah_length,niah_multi,16384,all,keydiff,svdd,0.1,0.1,6,6,6,0,0,1.0,0.16666666666666666,0.8333333333333334,0.6666666666666666,1.0,6,0,0,2000,case,20260927
niah_length,niah_multi,16384,full_cache_correct,keydiff,svdd,0.1,0.1,6,6,6,0,0,1.0,0.16666666666666666,0.8333333333333334,0.6666666666666666,1.0,6,0,0,2000,case,20260927
niah_length,niah_multi,16384,all,keydiff,svdd_prerope,0.1,0.1,6,6,6,0,0,1.0,0.16666666666666666,0.8333333333333334,0.6666666666666666,1.0,6,0,0,2000,case,20260927
niah_length,niah_multi,16384,full_cache_correct,keydiff,svdd_prerope,0.1,0.1,6,6,6,0,0,1.0,0.16666666666666666,0.8333333333333334,0.6666666666666666,1.0,6,0,0,2000,case,20260927
niah_length,niah_multi,16384,all,keydiff,full,0.2,1.0,6,6,6,0,0,1.0,1.0,0.0,0.0,0.0,0,6,0,2000,case,20260927
niah_length,niah_multi,16384,full_cache_correct,keydiff,full,0.2,1.0,6,6,6,0,0,1.0,1.0,0.0,0.0,0.0,0,6,0,2000,case,20260927
niah_length,niah_multi,16384,all,keydiff,knorm,0.2,0.2,6,6,6,0,0,1.0,0.0,1.0,1.0,1.0,6,0,0,2000,case,20260927
niah_length,niah_multi,16384,full_cache_correct,keydiff,knorm,0.2,0.2,6,6,6,0,0,1.0,0.0,1.0,1.0,1.0,6,0,0,2000,case,20260927
niah_length,niah_multi,16384,all,keydiff,leverage,0.2,0.2,6,6,6,0,0,1.0,1.0,0.0,0.0,0.0,0,6,0,2000,case,20260927
niah_length,niah_multi,16384,full_cache_correct,keydiff,leverage,0.2,0.2,6,6,6,0,0,1.0,1.0,0.0,0.0,0.0,0,6,0,2000,case,20260927
niah_length,niah_multi,16384,all,keydiff,random,0.2,0.2,6,6,6,0,0,1.0,0.0,1.0,1.0,1.0,6,0,0,2000,case,20260927
niah_length,niah_multi,16384,full_cache_correct,keydiff,random,0.2,0.2,6,6,6,0,0,1.0,0.0,1.0,1.0,1.0,6,0,0,2000,case,20260927
niah_length,niah_multi,16384,all,keydiff,snapkv,0.2,0.2,6,6,6,0,0,1.0,0.0,1.0,1.0,1.0,6,0,0,2000,case,20260927
niah_length,niah_multi,16384,full_cache_correct,keydiff,snapkv,0.2,0.2,6,6,6,0,0,1.0,0.0,1.0,1.0,1.0,6,0,0,2000,case,20260927
niah_length,niah_multi,16384,all,keydiff,streaming,0.2,0.2,6,6,6,0,0,1.0,0.3333333333333333,0.6666666666666666,0.5,0.8333333333333334,6,0,0,2000,case,20260927
niah_length,niah_multi,16384,full_cache_correct,keydiff,streaming,0.2,0.2,6,6,6,0,0,1.0,0.3333333333333333,0.6666666666666666,0.5,0.8333333333333334,6,0,0,2000,case,20260927
niah_length,niah_multi,16384,all,keydiff,svdd,0.2,0.2,6,6,6,0,0,1.0,0.3333333333333333,0.6666666666666666,0.5,0.8333333333333334,6,0,0,2000,case,20260927
niah_length,niah_multi,16384,full_cache_correct,keydiff,svdd,0.2,0.2,6,6,6,0,0,1.0,0.3333333333333333,0.6666666666666666,0.5,0.8333333333333334,6,0,0,2000,case,20260927
niah_length,niah_multi,16384,all,keydiff,svdd_prerope,0.2,0.2,6,6,6,0,0,1.0,0.25,0.75,0.5833333333333334,0.9166666666666666,6,0,0,2000,case,20260927
niah_length,niah_multi,16384,full_cache_correct,keydiff,svdd_prerope,0.2,0.2,6,6,6,0,0,1.0,0.25,0.75,0.5833333333333334,0.9166666666666666,6,0,0,2000,case,20260927
niah_length,niah_multi,16384,all,keydiff,full,0.5,1.0,6,6,6,0,0,1.0,1.0,0.0,0.0,0.0,0,6,0,2000,case,20260927
niah_length,niah_multi,16384,full_cache_correct,keydiff,full,0.5,1.0,6,6,6,0,0,1.0,1.0,0.0,0.0,0.0,0,6,0,2000,case,20260927
niah_length,niah_multi,16384,all,keydiff,knorm,0.5,0.5,6,6,6,0,0,1.0,0.08333333333333333,0.9166666666666666,0.75,1.0,6,0,0,2000,case,20260927
niah_length,niah_multi,16384,full_cache_correct,keydiff,knorm,0.5,0.5,6,6,6,0,0,1.0,0.08333333333333333,0.9166666666666666,0.75,1.0,6,0,0,2000,case,20260927
niah_length,niah_multi,16384,all,keydiff,leverage,0.5,0.5,6,6,6,0,0,1.0,1.0,0.0,0.0,0.0,0,6,0,2000,case,20260927
niah_length,niah_multi,16384,full_cache_correct,keydiff,leverage,0.5,0.5,6,6,6,0,0,1.0,1.0,0.0,0.0,0.0,0,6,0,2000,case,20260927
niah_length,niah_multi,16384,all,keydiff,random,0.5,0.5,6,6,6,0,0,1.0,0.16666666666666666,0.8333333333333334,0.6666666666666666,1.0,6,0,0,2000,case,20260927
niah_length,niah_multi,16384,full_cache_correct,keydiff,random,0.5,0.5,6,6,6,0,0,1.0,0.16666666666666666,0.8333333333333334,0.6666666666666666,1.0,6,0,0,2000,case,20260927
niah_length,niah_multi,16384,all,keydiff,snapkv,0.5,0.5,6,6,6,0,0,1.0,0.25,0.75,0.5833333333333334,0.9166666666666666,6,0,0,2000,case,20260927
niah_length,niah_multi,16384,full_cache_correct,keydiff,snapkv,0.5,0.5,6,6,6,0,0,1.0,0.25,0.75,0.5833333333333334,0.9166666666666666,6,0,0,2000,case,20260927
niah_length,niah_multi,16384,all,keydiff,streaming,0.5,0.5,6,6,6,0,0,1.0,0.5,0.5,0.5,0.5,6,0,0,2000,case,20260927
niah_length,niah_multi,16384,full_cache_correct,keydiff,streaming,0.5,0.5,6,6,6,0,0,1.0,0.5,0.5,0.5,0.5,6,0,0,2000,case,20260927
niah_length,niah_multi,16384,all,keydiff,svdd,0.5,0.5,6,6,6,0,0,1.0,0.6666666666666666,0.3333333333333333,0.16666666666666666,0.5,4,2,0,2000,case,20260927
niah_length,niah_multi,16384,full_cache_correct,keydiff,svdd,0.5,0.5,6,6,6,0,0,1.0,0.6666666666666666,0.3333333333333333,0.16666666666666666,0.5,4,2,0,2000,case,20260927
niah_length,niah_multi,16384,all,keydiff,svdd_prerope,0.5,0.5,6,6,6,0,0,1.0,0.5833333333333334,0.4166666666666667,0.25,0.5,5,1,0,2000,case,20260927
niah_length,niah_multi,16384,full_cache_correct,keydiff,svdd_prerope,0.5,0.5,6,6,6,0,0,1.0,0.5833333333333334,0.4166666666666667,0.25,0.5,5,1,0,2000,case,20260927
niah_length,niah_multi,16384,all,knorm,full,0.1,1.0,6,6,6,0,0,0.0,1.0,-1.0,-1.0,-1.0,0,0,6,2000,case,20260927
niah_length,niah_multi,16384,full_cache_correct,knorm,full,0.1,1.0,6,6,6,0,0,0.0,1.0,-1.0,-1.0,-1.0,0,0,6,2000,case,20260927
niah_length,niah_multi,16384,all,knorm,keydiff,0.1,0.1,6,6,6,0,0,0.0,1.0,-1.0,-1.0,-1.0,0,0,6,2000,case,20260927
niah_length,niah_multi,16384,full_cache_correct,knorm,keydiff,0.1,0.1,6,6,6,0,0,0.0,1.0,-1.0,-1.0,-1.0,0,0,6,2000,case,20260927
niah_length,niah_multi,16384,all,knorm,leverage,0.1,0.1,6,6,6,0,0,0.0,1.0,-1.0,-1.0,-1.0,0,0,6,2000,case,20260927
niah_length,niah_multi,16384,full_cache_correct,knorm,leverage,0.1,0.1,6,6,6,0,0,0.0,1.0,-1.0,-1.0,-1.0,0,0,6,2000,case,20260927
niah_length,niah_multi,16384,all,knorm,random,0.1,0.1,6,6,6,0,0,0.0,0.0,0.0,0.0,0.0,0,6,0,2000,case,20260927
niah_length,niah_multi,16384,full_cache_correct,knorm,random,0.1,0.1,6,6,6,0,0,0.0,0.0,0.0,0.0,0.0,0,6,0,2000,case,20260927
niah_length,niah_multi,16384,all,knorm,snapkv,0.1,0.1,6,6,6,0,0,0.0,0.0,0.0,0.0,0.0,0,6,0,2000,case,20260927
niah_length,niah_multi,16384,full_cache_correct,knorm,snapkv,0.1,0.1,6,6,6,0,0,0.0,0.0,0.0,0.0,0.0,0,6,0,2000,case,20260927
niah_length,niah_multi,16384,all,knorm,streaming,0.1,0.1,6,6,6,0,0,0.0,0.0,0.0,0.0,0.0,0,6,0,2000,case,20260927
niah_length,niah_multi,16384,full_cache_correct,knorm,streaming,0.1,0.1,6,6,6,0,0,0.0,0.0,0.0,0.0,0.0,0,6,0,2000,case,20260927
niah_length,niah_multi,16384,all,knorm,svdd,0.1,0.1,6,6,6,0,0,0.0,0.16666666666666666,-0.16666666666666666,-0.3333333333333333,0.0,0,4,2,2000,case,20260927
niah_length,niah_multi,16384,full_cache_correct,knorm,svdd,0.1,0.1,6,6,6,0,0,0.0,0.16666666666666666,-0.16666666666666666,-0.3333333333333333,0.0,0,4,2,2000,case,20260927
niah_length,niah_multi,16384,all,knorm,svdd_prerope,0.1,0.1,6,6,6,0,0,0.0,0.16666666666666666,-0.16666666666666666,-0.3333333333333333,0.0,0,4,2,2000,case,20260927
niah_length,niah_multi,16384,full_cache_correct,knorm,svdd_prerope,0.1,0.1,6,6,6,0,0,0.0,0.16666666666666666,-0.16666666666666666,-0.3333333333333333,0.0,0,4,2,2000,case,20260927
niah_length,niah_multi,16384,all,knorm,full,0.2,1.0,6,6,6,0,0,0.0,1.0,-1.0,-1.0,-1.0,0,0,6,2000,case,20260927
niah_length,niah_multi,16384,full_cache_correct,knorm,full,0.2,1.0,6,6,6,0,0,0.0,1.0,-1.0,-1.0,-1.0,0,0,6,2000,case,20260927
niah_length,niah_multi,16384,all,knorm,keydiff,0.2,0.2,6,6,6,0,0,0.0,1.0,-1.0,-1.0,-1.0,0,0,6,2000,case,20260927
niah_length,niah_multi,16384,full_cache_correct,knorm,keydiff,0.2,0.2,6,6,6,0,0,0.0,1.0,-1.0,-1.0,-1.0,0,0,6,2000,case,20260927
niah_length,niah_multi,16384,all,knorm,leverage,0.2,0.2,6,6,6,0,0,0.0,1.0,-1.0,-1.0,-1.0,0,0,6,2000,case,20260927
niah_length,niah_multi,16384,full_cache_correct,knorm,leverage,0.2,0.2,6,6,6,0,0,0.0,1.0,-1.0,-1.0,-1.0,0,0,6,2000,case,20260927
niah_length,niah_multi,16384,all,knorm,random,0.2,0.2,6,6,6,0,0,0.0,0.0,0.0,0.0,0.0,0,6,0,2000,case,20260927
niah_length,niah_multi,16384,full_cache_correct,knorm,random,0.2,0.2,6,6,6,0,0,0.0,0.0,0.0,0.0,0.0,0,6,0,2000,case,20260927
niah_length,niah_multi,16384,all,knorm,snapkv,0.2,0.2,6,6,6,0,0,0.0,0.0,0.0,0.0,0.0,0,6,0,2000,case,20260927
niah_length,niah_multi,16384,full_cache_correct,knorm,snapkv,0.2,0.2,6,6,6,0,0,0.0,0.0,0.0,0.0,0.0,0,6,0,2000,case,20260927
niah_length,niah_multi,16384,all,knorm,streaming,0.2,0.2,6,6,6,0,0,0.0,0.3333333333333333,-0.3333333333333333,-0.5,-0.16666666666666666,0,2,4,2000,case,20260927
niah_length,niah_multi,16384,full_cache_correct,knorm,streaming,0.2,0.2,6,6,6,0,0,0.0,0.3333333333333333,-0.3333333333333333,-0.5,-0.16666666666666666,0,2,4,2000,case,20260927
niah_length,niah_multi,16384,all,knorm,svdd,0.2,0.2,6,6,6,0,0,0.0,0.3333333333333333,-0.3333333333333333,-0.5,-0.16666666666666666,0,2,4,2000,case,20260927
niah_length,niah_multi,16384,full_cache_correct,knorm,svdd,0.2,0.2,6,6,6,0,0,0.0,0.3333333333333333,-0.3333333333333333,-0.5,-0.16666666666666666,0,2,4,2000,case,20260927
niah_length,niah_multi,16384,all,knorm,svdd_prerope,0.2,0.2,6,6,6,0,0,0.0,0.25,-0.25,-0.4166666666666667,-0.08333333333333333,0,3,3,2000,case,20260927
niah_length,niah_multi,16384,full_cache_correct,knorm,svdd_prerope,0.2,0.2,6,6,6,0,0,0.0,0.25,-0.25,-0.4166666666666667,-0.08333333333333333,0,3,3,2000,case,20260927
niah_length,niah_multi,16384,all,knorm,full,0.5,1.0,6,6,6,0,0,0.08333333333333333,1.0,-0.9166666666666666,-1.0,-0.75,0,0,6,2000,case,20260927
niah_length,niah_multi,16384,full_cache_correct,knorm,full,0.5,1.0,6,6,6,0,0,0.08333333333333333,1.0,-0.9166666666666666,-1.0,-0.75,0,0,6,2000,case,20260927
niah_length,niah_multi,16384,all,knorm,keydiff,0.5,0.5,6,6,6,0,0,0.08333333333333333,1.0,-0.9166666666666666,-1.0,-0.75,0,0,6,2000,case,20260927
niah_length,niah_multi,16384,full_cache_correct,knorm,keydiff,0.5,0.5,6,6,6,0,0,0.08333333333333333,1.0,-0.9166666666666666,-1.0,-0.75,0,0,6,2000,case,20260927
niah_length,niah_multi,16384,all,knorm,leverage,0.5,0.5,6,6,6,0,0,0.08333333333333333,1.0,-0.9166666666666666,-1.0,-0.75,0,0,6,2000,case,20260927
niah_length,niah_multi,16384,full_cache_correct,knorm,leverage,0.5,0.5,6,6,6,0,0,0.08333333333333333,1.0,-0.9166666666666666,-1.0,-0.75,0,0,6,2000,case,20260927
niah_length,niah_multi,16384,all,knorm,random,0.5,0.5,6,6,6,0,0,0.08333333333333333,0.16666666666666666,-0.08333333333333333,-0.3333333333333333,0.16666666666666666,1,3,2,2000,case,20260927
niah_length,niah_multi,16384,full_cache_correct,knorm,random,0.5,0.5,6,6,6,0,0,0.08333333333333333,0.16666666666666666,-0.08333333333333333,-0.3333333333333333,0.16666666666666666,1,3,2,2000,case,20260927
niah_length,niah_multi,16384,all,knorm,snapkv,0.5,0.5,6,6,6,0,0,0.08333333333333333,0.25,-0.16666666666666666,-0.4166666666666667,0.16666666666666666,1,2,3,2000,case,20260927
niah_length,niah_multi,16384,full_cache_correct,knorm,snapkv,0.5,0.5,6,6,6,0,0,0.08333333333333333,0.25,-0.16666666666666666,-0.4166666666666667,0.16666666666666666,1,2,3,2000,case,20260927
niah_length,niah_multi,16384,all,knorm,streaming,0.5,0.5,6,6,6,0,0,0.08333333333333333,0.5,-0.4166666666666667,-0.5,-0.25,0,1,5,2000,case,20260927
niah_length,niah_multi,16384,full_cache_correct,knorm,streaming,0.5,0.5,6,6,6,0,0,0.08333333333333333,0.5,-0.4166666666666667,-0.5,-0.25,0,1,5,2000,case,20260927
niah_length,niah_multi,16384,all,knorm,svdd,0.5,0.5,6,6,6,0,0,0.08333333333333333,0.6666666666666666,-0.5833333333333334,-0.75,-0.5,0,0,6,2000,case,20260927
niah_length,niah_multi,16384,full_cache_correct,knorm,svdd,0.5,0.5,6,6,6,0,0,0.08333333333333333,0.6666666666666666,-0.5833333333333334,-0.75,-0.5,0,0,6,2000,case,20260927
niah_length,niah_multi,16384,all,knorm,svdd_prerope,0.5,0.5,6,6,6,0,0,0.08333333333333333,0.5833333333333334,-0.5,-0.5,-0.5,0,0,6,2000,case,20260927
niah_length,niah_multi,16384,full_cache_correct,knorm,svdd_prerope,0.5,0.5,6,6,6,0,0,0.08333333333333333,0.5833333333333334,-0.5,-0.5,-0.5,0,0,6,2000,case,20260927
niah_length,niah_multi,16384,all,leverage,full,0.1,1.0,6,6,6,0,0,1.0,1.0,0.0,0.0,0.0,0,6,0,2000,case,20260927
niah_length,niah_multi,16384,full_cache_correct,leverage,full,0.1,1.0,6,6,6,0,0,1.0,1.0,0.0,0.0,0.0,0,6,0,2000,case,20260927
niah_length,niah_multi,16384,all,leverage,keydiff,0.1,0.1,6,6,6,0,0,1.0,1.0,0.0,0.0,0.0,0,6,0,2000,case,20260927
niah_length,niah_multi,16384,full_cache_correct,leverage,keydiff,0.1,0.1,6,6,6,0,0,1.0,1.0,0.0,0.0,0.0,0,6,0,2000,case,20260927
niah_length,niah_multi,16384,all,leverage,knorm,0.1,0.1,6,6,6,0,0,1.0,0.0,1.0,1.0,1.0,6,0,0,2000,case,20260927
niah_length,niah_multi,16384,full_cache_correct,leverage,knorm,0.1,0.1,6,6,6,0,0,1.0,0.0,1.0,1.0,1.0,6,0,0,2000,case,20260927
niah_length,niah_multi,16384,all,leverage,random,0.1,0.1,6,6,6,0,0,1.0,0.0,1.0,1.0,1.0,6,0,0,2000,case,20260927
niah_length,niah_multi,16384,full_cache_correct,leverage,random,0.1,0.1,6,6,6,0,0,1.0,0.0,1.0,1.0,1.0,6,0,0,2000,case,20260927
niah_length,niah_multi,16384,all,leverage,snapkv,0.1,0.1,6,6,6,0,0,1.0,0.0,1.0,1.0,1.0,6,0,0,2000,case,20260927
niah_length,niah_multi,16384,full_cache_correct,leverage,snapkv,0.1,0.1,6,6,6,0,0,1.0,0.0,1.0,1.0,1.0,6,0,0,2000,case,20260927
niah_length,niah_multi,16384,all,leverage,streaming,0.1,0.1,6,6,6,0,0,1.0,0.0,1.0,1.0,1.0,6,0,0,2000,case,20260927
niah_length,niah_multi,16384,full_cache_correct,leverage,streaming,0.1,0.1,6,6,6,0,0,1.0,0.0,1.0,1.0,1.0,6,0,0,2000,case,20260927
niah_length,niah_multi,16384,all,leverage,svdd,0.1,0.1,6,6,6,0,0,1.0,0.16666666666666666,0.8333333333333334,0.6666666666666666,1.0,6,0,0,2000,case,20260927
niah_length,niah_multi,16384,full_cache_correct,leverage,svdd,0.1,0.1,6,6,6,0,0,1.0,0.16666666666666666,0.8333333333333334,0.6666666666666666,1.0,6,0,0,2000,case,20260927
niah_length,niah_multi,16384,all,leverage,svdd_prerope,0.1,0.1,6,6,6,0,0,1.0,0.16666666666666666,0.8333333333333334,0.6666666666666666,1.0,6,0,0,2000,case,20260927
niah_length,niah_multi,16384,full_cache_correct,leverage,svdd_prerope,0.1,0.1,6,6,6,0,0,1.0,0.16666666666666666,0.8333333333333334,0.6666666666666666,1.0,6,0,0,2000,case,20260927
niah_length,niah_multi,16384,all,leverage,full,0.2,1.0,6,6,6,0,0,1.0,1.0,0.0,0.0,0.0,0,6,0,2000,case,20260927
niah_length,niah_multi,16384,full_cache_correct,leverage,full,0.2,1.0,6,6,6,0,0,1.0,1.0,0.0,0.0,0.0,0,6,0,2000,case,20260927
niah_length,niah_multi,16384,all,leverage,keydiff,0.2,0.2,6,6,6,0,0,1.0,1.0,0.0,0.0,0.0,0,6,0,2000,case,20260927
niah_length,niah_multi,16384,full_cache_correct,leverage,keydiff,0.2,0.2,6,6,6,0,0,1.0,1.0,0.0,0.0,0.0,0,6,0,2000,case,20260927
niah_length,niah_multi,16384,all,leverage,knorm,0.2,0.2,6,6,6,0,0,1.0,0.0,1.0,1.0,1.0,6,0,0,2000,case,20260927
niah_length,niah_multi,16384,full_cache_correct,leverage,knorm,0.2,0.2,6,6,6,0,0,1.0,0.0,1.0,1.0,1.0,6,0,0,2000,case,20260927
niah_length,niah_multi,16384,all,leverage,random,0.2,0.2,6,6,6,0,0,1.0,0.0,1.0,1.0,1.0,6,0,0,2000,case,20260927
niah_length,niah_multi,16384,full_cache_correct,leverage,random,0.2,0.2,6,6,6,0,0,1.0,0.0,1.0,1.0,1.0,6,0,0,2000,case,20260927
niah_length,niah_multi,16384,all,leverage,snapkv,0.2,0.2,6,6,6,0,0,1.0,0.0,1.0,1.0,1.0,6,0,0,2000,case,20260927
niah_length,niah_multi,16384,full_cache_correct,leverage,snapkv,0.2,0.2,6,6,6,0,0,1.0,0.0,1.0,1.0,1.0,6,0,0,2000,case,20260927
niah_length,niah_multi,16384,all,leverage,streaming,0.2,0.2,6,6,6,0,0,1.0,0.3333333333333333,0.6666666666666666,0.5,0.8333333333333334,6,0,0,2000,case,20260927
niah_length,niah_multi,16384,full_cache_correct,leverage,streaming,0.2,0.2,6,6,6,0,0,1.0,0.3333333333333333,0.6666666666666666,0.5,0.8333333333333334,6,0,0,2000,case,20260927
niah_length,niah_multi,16384,all,leverage,svdd,0.2,0.2,6,6,6,0,0,1.0,0.3333333333333333,0.6666666666666666,0.5,0.8333333333333334,6,0,0,2000,case,20260927
niah_length,niah_multi,16384,full_cache_correct,leverage,svdd,0.2,0.2,6,6,6,0,0,1.0,0.3333333333333333,0.6666666666666666,0.5,0.8333333333333334,6,0,0,2000,case,20260927
niah_length,niah_multi,16384,all,leverage,svdd_prerope,0.2,0.2,6,6,6,0,0,1.0,0.25,0.75,0.5833333333333334,0.9166666666666666,6,0,0,2000,case,20260927
niah_length,niah_multi,16384,full_cache_correct,leverage,svdd_prerope,0.2,0.2,6,6,6,0,0,1.0,0.25,0.75,0.5833333333333334,0.9166666666666666,6,0,0,2000,case,20260927
niah_length,niah_multi,16384,all,leverage,full,0.5,1.0,6,6,6,0,0,1.0,1.0,0.0,0.0,0.0,0,6,0,2000,case,20260927
niah_length,niah_multi,16384,full_cache_correct,leverage,full,0.5,1.0,6,6,6,0,0,1.0,1.0,0.0,0.0,0.0,0,6,0,2000,case,20260927
niah_length,niah_multi,16384,all,leverage,keydiff,0.5,0.5,6,6,6,0,0,1.0,1.0,0.0,0.0,0.0,0,6,0,2000,case,20260927
niah_length,niah_multi,16384,full_cache_correct,leverage,keydiff,0.5,0.5,6,6,6,0,0,1.0,1.0,0.0,0.0,0.0,0,6,0,2000,case,20260927
niah_length,niah_multi,16384,all,leverage,knorm,0.5,0.5,6,6,6,0,0,1.0,0.08333333333333333,0.9166666666666666,0.75,1.0,6,0,0,2000,case,20260927
niah_length,niah_multi,16384,full_cache_correct,leverage,knorm,0.5,0.5,6,6,6,0,0,1.0,0.08333333333333333,0.9166666666666666,0.75,1.0,6,0,0,2000,case,20260927
niah_length,niah_multi,16384,all,leverage,random,0.5,0.5,6,6,6,0,0,1.0,0.16666666666666666,0.8333333333333334,0.6666666666666666,1.0,6,0,0,2000,case,20260927
niah_length,niah_multi,16384,full_cache_correct,leverage,random,0.5,0.5,6,6,6,0,0,1.0,0.16666666666666666,0.8333333333333334,0.6666666666666666,1.0,6,0,0,2000,case,20260927
niah_length,niah_multi,16384,all,leverage,snapkv,0.5,0.5,6,6,6,0,0,1.0,0.25,0.75,0.5833333333333334,0.9166666666666666,6,0,0,2000,case,20260927
niah_length,niah_multi,16384,full_cache_correct,leverage,snapkv,0.5,0.5,6,6,6,0,0,1.0,0.25,0.75,0.5833333333333334,0.9166666666666666,6,0,0,2000,case,20260927
niah_length,niah_multi,16384,all,leverage,streaming,0.5,0.5,6,6,6,0,0,1.0,0.5,0.5,0.5,0.5,6,0,0,2000,case,20260927
niah_length,niah_multi,16384,full_cache_correct,leverage,streaming,0.5,0.5,6,6,6,0,0,1.0,0.5,0.5,0.5,0.5,6,0,0,2000,case,20260927
niah_length,niah_multi,16384,all,leverage,svdd,0.5,0.5,6,6,6,0,0,1.0,0.6666666666666666,0.3333333333333333,0.16666666666666666,0.5,4,2,0,2000,case,20260927
niah_length,niah_multi,16384,full_cache_correct,leverage,svdd,0.5,0.5,6,6,6,0,0,1.0,0.6666666666666666,0.3333333333333333,0.16666666666666666,0.5,4,2,0,2000,case,20260927
niah_length,niah_multi,16384,all,leverage,svdd_prerope,0.5,0.5,6,6,6,0,0,1.0,0.5833333333333334,0.4166666666666667,0.25,0.5,5,1,0,2000,case,20260927
niah_length,niah_multi,16384,full_cache_correct,leverage,svdd_prerope,0.5,0.5,6,6,6,0,0,1.0,0.5833333333333334,0.4166666666666667,0.25,0.5,5,1,0,2000,case,20260927
niah_length,niah_multi,16384,all,random,full,0.1,1.0,6,6,6,0,0,0.0,1.0,-1.0,-1.0,-1.0,0,0,6,2000,case,20260927
niah_length,niah_multi,16384,full_cache_correct,random,full,0.1,1.0,6,6,6,0,0,0.0,1.0,-1.0,-1.0,-1.0,0,0,6,2000,case,20260927
niah_length,niah_multi,16384,all,random,keydiff,0.1,0.1,6,6,6,0,0,0.0,1.0,-1.0,-1.0,-1.0,0,0,6,2000,case,20260927
niah_length,niah_multi,16384,full_cache_correct,random,keydiff,0.1,0.1,6,6,6,0,0,0.0,1.0,-1.0,-1.0,-1.0,0,0,6,2000,case,20260927
niah_length,niah_multi,16384,all,random,knorm,0.1,0.1,6,6,6,0,0,0.0,0.0,0.0,0.0,0.0,0,6,0,2000,case,20260927
niah_length,niah_multi,16384,full_cache_correct,random,knorm,0.1,0.1,6,6,6,0,0,0.0,0.0,0.0,0.0,0.0,0,6,0,2000,case,20260927
niah_length,niah_multi,16384,all,random,leverage,0.1,0.1,6,6,6,0,0,0.0,1.0,-1.0,-1.0,-1.0,0,0,6,2000,case,20260927
niah_length,niah_multi,16384,full_cache_correct,random,leverage,0.1,0.1,6,6,6,0,0,0.0,1.0,-1.0,-1.0,-1.0,0,0,6,2000,case,20260927
niah_length,niah_multi,16384,all,random,snapkv,0.1,0.1,6,6,6,0,0,0.0,0.0,0.0,0.0,0.0,0,6,0,2000,case,20260927
niah_length,niah_multi,16384,full_cache_correct,random,snapkv,0.1,0.1,6,6,6,0,0,0.0,0.0,0.0,0.0,0.0,0,6,0,2000,case,20260927
niah_length,niah_multi,16384,all,random,streaming,0.1,0.1,6,6,6,0,0,0.0,0.0,0.0,0.0,0.0,0,6,0,2000,case,20260927
niah_length,niah_multi,16384,full_cache_correct,random,streaming,0.1,0.1,6,6,6,0,0,0.0,0.0,0.0,0.0,0.0,0,6,0,2000,case,20260927
niah_length,niah_multi,16384,all,random,svdd,0.1,0.1,6,6,6,0,0,0.0,0.16666666666666666,-0.16666666666666666,-0.3333333333333333,0.0,0,4,2,2000,case,20260927
niah_length,niah_multi,16384,full_cache_correct,random,svdd,0.1,0.1,6,6,6,0,0,0.0,0.16666666666666666,-0.16666666666666666,-0.3333333333333333,0.0,0,4,2,2000,case,20260927
niah_length,niah_multi,16384,all,random,svdd_prerope,0.1,0.1,6,6,6,0,0,0.0,0.16666666666666666,-0.16666666666666666,-0.3333333333333333,0.0,0,4,2,2000,case,20260927
niah_length,niah_multi,16384,full_cache_correct,random,svdd_prerope,0.1,0.1,6,6,6,0,0,0.0,0.16666666666666666,-0.16666666666666666,-0.3333333333333333,0.0,0,4,2,2000,case,20260927
niah_length,niah_multi,16384,all,random,full,0.2,1.0,6,6,6,0,0,0.0,1.0,-1.0,-1.0,-1.0,0,0,6,2000,case,20260927
niah_length,niah_multi,16384,full_cache_correct,random,full,0.2,1.0,6,6,6,0,0,0.0,1.0,-1.0,-1.0,-1.0,0,0,6,2000,case,20260927
niah_length,niah_multi,16384,all,random,keydiff,0.2,0.2,6,6,6,0,0,0.0,1.0,-1.0,-1.0,-1.0,0,0,6,2000,case,20260927
niah_length,niah_multi,16384,full_cache_correct,random,keydiff,0.2,0.2,6,6,6,0,0,0.0,1.0,-1.0,-1.0,-1.0,0,0,6,2000,case,20260927
niah_length,niah_multi,16384,all,random,knorm,0.2,0.2,6,6,6,0,0,0.0,0.0,0.0,0.0,0.0,0,6,0,2000,case,20260927
niah_length,niah_multi,16384,full_cache_correct,random,knorm,0.2,0.2,6,6,6,0,0,0.0,0.0,0.0,0.0,0.0,0,6,0,2000,case,20260927
niah_length,niah_multi,16384,all,random,leverage,0.2,0.2,6,6,6,0,0,0.0,1.0,-1.0,-1.0,-1.0,0,0,6,2000,case,20260927
niah_length,niah_multi,16384,full_cache_correct,random,leverage,0.2,0.2,6,6,6,0,0,0.0,1.0,-1.0,-1.0,-1.0,0,0,6,2000,case,20260927
niah_length,niah_multi,16384,all,random,snapkv,0.2,0.2,6,6,6,0,0,0.0,0.0,0.0,0.0,0.0,0,6,0,2000,case,20260927
niah_length,niah_multi,16384,full_cache_correct,random,snapkv,0.2,0.2,6,6,6,0,0,0.0,0.0,0.0,0.0,0.0,0,6,0,2000,case,20260927
niah_length,niah_multi,16384,all,random,streaming,0.2,0.2,6,6,6,0,0,0.0,0.3333333333333333,-0.3333333333333333,-0.5,-0.16666666666666666,0,2,4,2000,case,20260927
niah_length,niah_multi,16384,full_cache_correct,random,streaming,0.2,0.2,6,6,6,0,0,0.0,0.3333333333333333,-0.3333333333333333,-0.5,-0.16666666666666666,0,2,4,2000,case,20260927
niah_length,niah_multi,16384,all,random,svdd,0.2,0.2,6,6,6,0,0,0.0,0.3333333333333333,-0.3333333333333333,-0.5,-0.16666666666666666,0,2,4,2000,case,20260927
niah_length,niah_multi,16384,full_cache_correct,random,svdd,0.2,0.2,6,6,6,0,0,0.0,0.3333333333333333,-0.3333333333333333,-0.5,-0.16666666666666666,0,2,4,2000,case,20260927
niah_length,niah_multi,16384,all,random,svdd_prerope,0.2,0.2,6,6,6,0,0,0.0,0.25,-0.25,-0.4166666666666667,-0.08333333333333333,0,3,3,2000,case,20260927
niah_length,niah_multi,16384,full_cache_correct,random,svdd_prerope,0.2,0.2,6,6,6,0,0,0.0,0.25,-0.25,-0.4166666666666667,-0.08333333333333333,0,3,3,2000,case,20260927
niah_length,niah_multi,16384,all,random,full,0.5,1.0,6,6,6,0,0,0.16666666666666666,1.0,-0.8333333333333334,-1.0,-0.6666666666666666,0,0,6,2000,case,20260927
niah_length,niah_multi,16384,full_cache_correct,random,full,0.5,1.0,6,6,6,0,0,0.16666666666666666,1.0,-0.8333333333333334,-1.0,-0.6666666666666666,0,0,6,2000,case,20260927
niah_length,niah_multi,16384,all,random,keydiff,0.5,0.5,6,6,6,0,0,0.16666666666666666,1.0,-0.8333333333333334,-1.0,-0.6666666666666666,0,0,6,2000,case,20260927
niah_length,niah_multi,16384,full_cache_correct,random,keydiff,0.5,0.5,6,6,6,0,0,0.16666666666666666,1.0,-0.8333333333333334,-1.0,-0.6666666666666666,0,0,6,2000,case,20260927
niah_length,niah_multi,16384,all,random,knorm,0.5,0.5,6,6,6,0,0,0.16666666666666666,0.08333333333333333,0.08333333333333333,-0.16666666666666666,0.3333333333333333,2,3,1,2000,case,20260927
niah_length,niah_multi,16384,full_cache_correct,random,knorm,0.5,0.5,6,6,6,0,0,0.16666666666666666,0.08333333333333333,0.08333333333333333,-0.16666666666666666,0.3333333333333333,2,3,1,2000,case,20260927
niah_length,niah_multi,16384,all,random,leverage,0.5,0.5,6,6,6,0,0,0.16666666666666666,1.0,-0.8333333333333334,-1.0,-0.6666666666666666,0,0,6,2000,case,20260927
niah_length,niah_multi,16384,full_cache_correct,random,leverage,0.5,0.5,6,6,6,0,0,0.16666666666666666,1.0,-0.8333333333333334,-1.0,-0.6666666666666666,0,0,6,2000,case,20260927
niah_length,niah_multi,16384,all,random,snapkv,0.5,0.5,6,6,6,0,0,0.16666666666666666,0.25,-0.08333333333333333,-0.25,0.0,0,5,1,2000,case,20260927
niah_length,niah_multi,16384,full_cache_correct,random,snapkv,0.5,0.5,6,6,6,0,0,0.16666666666666666,0.25,-0.08333333333333333,-0.25,0.0,0,5,1,2000,case,20260927
niah_length,niah_multi,16384,all,random,streaming,0.5,0.5,6,6,6,0,0,0.16666666666666666,0.5,-0.3333333333333333,-0.5,-0.16666666666666666,0,2,4,2000,case,20260927
niah_length,niah_multi,16384,full_cache_correct,random,streaming,0.5,0.5,6,6,6,0,0,0.16666666666666666,0.5,-0.3333333333333333,-0.5,-0.16666666666666666,0,2,4,2000,case,20260927
niah_length,niah_multi,16384,all,random,svdd,0.5,0.5,6,6,6,0,0,0.16666666666666666,0.6666666666666666,-0.5,-0.8333333333333334,-0.16666666666666666,0,2,4,2000,case,20260927
niah_length,niah_multi,16384,full_cache_correct,random,svdd,0.5,0.5,6,6,6,0,0,0.16666666666666666,0.6666666666666666,-0.5,-0.8333333333333334,-0.16666666666666666,0,2,4,2000,case,20260927
niah_length,niah_multi,16384,all,random,svdd_prerope,0.5,0.5,6,6,6,0,0,0.16666666666666666,0.5833333333333334,-0.4166666666666667,-0.6666666666666666,-0.16666666666666666,0,2,4,2000,case,20260927
niah_length,niah_multi,16384,full_cache_correct,random,svdd_prerope,0.5,0.5,6,6,6,0,0,0.16666666666666666,0.5833333333333334,-0.4166666666666667,-0.6666666666666666,-0.16666666666666666,0,2,4,2000,case,20260927
niah_length,niah_multi,16384,all,snapkv,full,0.1,1.0,6,6,6,0,0,0.0,1.0,-1.0,-1.0,-1.0,0,0,6,2000,case,20260927
niah_length,niah_multi,16384,full_cache_correct,snapkv,full,0.1,1.0,6,6,6,0,0,0.0,1.0,-1.0,-1.0,-1.0,0,0,6,2000,case,20260927
niah_length,niah_multi,16384,all,snapkv,keydiff,0.1,0.1,6,6,6,0,0,0.0,1.0,-1.0,-1.0,-1.0,0,0,6,2000,case,20260927
niah_length,niah_multi,16384,full_cache_correct,snapkv,keydiff,0.1,0.1,6,6,6,0,0,0.0,1.0,-1.0,-1.0,-1.0,0,0,6,2000,case,20260927
niah_length,niah_multi,16384,all,snapkv,knorm,0.1,0.1,6,6,6,0,0,0.0,0.0,0.0,0.0,0.0,0,6,0,2000,case,20260927
niah_length,niah_multi,16384,full_cache_correct,snapkv,knorm,0.1,0.1,6,6,6,0,0,0.0,0.0,0.0,0.0,0.0,0,6,0,2000,case,20260927
niah_length,niah_multi,16384,all,snapkv,leverage,0.1,0.1,6,6,6,0,0,0.0,1.0,-1.0,-1.0,-1.0,0,0,6,2000,case,20260927
niah_length,niah_multi,16384,full_cache_correct,snapkv,leverage,0.1,0.1,6,6,6,0,0,0.0,1.0,-1.0,-1.0,-1.0,0,0,6,2000,case,20260927
niah_length,niah_multi,16384,all,snapkv,random,0.1,0.1,6,6,6,0,0,0.0,0.0,0.0,0.0,0.0,0,6,0,2000,case,20260927
niah_length,niah_multi,16384,full_cache_correct,snapkv,random,0.1,0.1,6,6,6,0,0,0.0,0.0,0.0,0.0,0.0,0,6,0,2000,case,20260927
niah_length,niah_multi,16384,all,snapkv,streaming,0.1,0.1,6,6,6,0,0,0.0,0.0,0.0,0.0,0.0,0,6,0,2000,case,20260927
niah_length,niah_multi,16384,full_cache_correct,snapkv,streaming,0.1,0.1,6,6,6,0,0,0.0,0.0,0.0,0.0,0.0,0,6,0,2000,case,20260927
niah_length,niah_multi,16384,all,snapkv,svdd,0.1,0.1,6,6,6,0,0,0.0,0.16666666666666666,-0.16666666666666666,-0.3333333333333333,0.0,0,4,2,2000,case,20260927
niah_length,niah_multi,16384,full_cache_correct,snapkv,svdd,0.1,0.1,6,6,6,0,0,0.0,0.16666666666666666,-0.16666666666666666,-0.3333333333333333,0.0,0,4,2,2000,case,20260927
niah_length,niah_multi,16384,all,snapkv,svdd_prerope,0.1,0.1,6,6,6,0,0,0.0,0.16666666666666666,-0.16666666666666666,-0.3333333333333333,0.0,0,4,2,2000,case,20260927
niah_length,niah_multi,16384,full_cache_correct,snapkv,svdd_prerope,0.1,0.1,6,6,6,0,0,0.0,0.16666666666666666,-0.16666666666666666,-0.3333333333333333,0.0,0,4,2,2000,case,20260927
niah_length,niah_multi,16384,all,snapkv,full,0.2,1.0,6,6,6,0,0,0.0,1.0,-1.0,-1.0,-1.0,0,0,6,2000,case,20260927
niah_length,niah_multi,16384,full_cache_correct,snapkv,full,0.2,1.0,6,6,6,0,0,0.0,1.0,-1.0,-1.0,-1.0,0,0,6,2000,case,20260927
niah_length,niah_multi,16384,all,snapkv,keydiff,0.2,0.2,6,6,6,0,0,0.0,1.0,-1.0,-1.0,-1.0,0,0,6,2000,case,20260927
niah_length,niah_multi,16384,full_cache_correct,snapkv,keydiff,0.2,0.2,6,6,6,0,0,0.0,1.0,-1.0,-1.0,-1.0,0,0,6,2000,case,20260927
niah_length,niah_multi,16384,all,snapkv,knorm,0.2,0.2,6,6,6,0,0,0.0,0.0,0.0,0.0,0.0,0,6,0,2000,case,20260927
niah_length,niah_multi,16384,full_cache_correct,snapkv,knorm,0.2,0.2,6,6,6,0,0,0.0,0.0,0.0,0.0,0.0,0,6,0,2000,case,20260927
niah_length,niah_multi,16384,all,snapkv,leverage,0.2,0.2,6,6,6,0,0,0.0,1.0,-1.0,-1.0,-1.0,0,0,6,2000,case,20260927
niah_length,niah_multi,16384,full_cache_correct,snapkv,leverage,0.2,0.2,6,6,6,0,0,0.0,1.0,-1.0,-1.0,-1.0,0,0,6,2000,case,20260927
niah_length,niah_multi,16384,all,snapkv,random,0.2,0.2,6,6,6,0,0,0.0,0.0,0.0,0.0,0.0,0,6,0,2000,case,20260927
niah_length,niah_multi,16384,full_cache_correct,snapkv,random,0.2,0.2,6,6,6,0,0,0.0,0.0,0.0,0.0,0.0,0,6,0,2000,case,20260927
niah_length,niah_multi,16384,all,snapkv,streaming,0.2,0.2,6,6,6,0,0,0.0,0.3333333333333333,-0.3333333333333333,-0.5,-0.16666666666666666,0,2,4,2000,case,20260927
niah_length,niah_multi,16384,full_cache_correct,snapkv,streaming,0.2,0.2,6,6,6,0,0,0.0,0.3333333333333333,-0.3333333333333333,-0.5,-0.16666666666666666,0,2,4,2000,case,20260927
niah_length,niah_multi,16384,all,snapkv,svdd,0.2,0.2,6,6,6,0,0,0.0,0.3333333333333333,-0.3333333333333333,-0.5,-0.16666666666666666,0,2,4,2000,case,20260927
niah_length,niah_multi,16384,full_cache_correct,snapkv,svdd,0.2,0.2,6,6,6,0,0,0.0,0.3333333333333333,-0.3333333333333333,-0.5,-0.16666666666666666,0,2,4,2000,case,20260927
niah_length,niah_multi,16384,all,snapkv,svdd_prerope,0.2,0.2,6,6,6,0,0,0.0,0.25,-0.25,-0.4166666666666667,-0.08333333333333333,0,3,3,2000,case,20260927
niah_length,niah_multi,16384,full_cache_correct,snapkv,svdd_prerope,0.2,0.2,6,6,6,0,0,0.0,0.25,-0.25,-0.4166666666666667,-0.08333333333333333,0,3,3,2000,case,20260927
niah_length,niah_multi,16384,all,snapkv,full,0.5,1.0,6,6,6,0,0,0.25,1.0,-0.75,-0.9166666666666666,-0.5833333333333334,0,0,6,2000,case,20260927
niah_length,niah_multi,16384,full_cache_correct,snapkv,full,0.5,1.0,6,6,6,0,0,0.25,1.0,-0.75,-0.9166666666666666,-0.5833333333333334,0,0,6,2000,case,20260927
niah_length,niah_multi,16384,all,snapkv,keydiff,0.5,0.5,6,6,6,0,0,0.25,1.0,-0.75,-0.9166666666666666,-0.5833333333333334,0,0,6,2000,case,20260927
niah_length,niah_multi,16384,full_cache_correct,snapkv,keydiff,0.5,0.5,6,6,6,0,0,0.25,1.0,-0.75,-0.9166666666666666,-0.5833333333333334,0,0,6,2000,case,20260927
niah_length,niah_multi,16384,all,snapkv,knorm,0.5,0.5,6,6,6,0,0,0.25,0.08333333333333333,0.16666666666666666,-0.16666666666666666,0.4166666666666667,3,2,1,2000,case,20260927
niah_length,niah_multi,16384,full_cache_correct,snapkv,knorm,0.5,0.5,6,6,6,0,0,0.25,0.08333333333333333,0.16666666666666666,-0.16666666666666666,0.4166666666666667,3,2,1,2000,case,20260927
niah_length,niah_multi,16384,all,snapkv,leverage,0.5,0.5,6,6,6,0,0,0.25,1.0,-0.75,-0.9166666666666666,-0.5833333333333334,0,0,6,2000,case,20260927
niah_length,niah_multi,16384,full_cache_correct,snapkv,leverage,0.5,0.5,6,6,6,0,0,0.25,1.0,-0.75,-0.9166666666666666,-0.5833333333333334,0,0,6,2000,case,20260927
niah_length,niah_multi,16384,all,snapkv,random,0.5,0.5,6,6,6,0,0,0.25,0.16666666666666666,0.08333333333333333,0.0,0.25,1,5,0,2000,case,20260927
niah_length,niah_multi,16384,full_cache_correct,snapkv,random,0.5,0.5,6,6,6,0,0,0.25,0.16666666666666666,0.08333333333333333,0.0,0.25,1,5,0,2000,case,20260927
niah_length,niah_multi,16384,all,snapkv,streaming,0.5,0.5,6,6,6,0,0,0.25,0.5,-0.25,-0.4166666666666667,-0.08333333333333333,0,3,3,2000,case,20260927
niah_length,niah_multi,16384,full_cache_correct,snapkv,streaming,0.5,0.5,6,6,6,0,0,0.25,0.5,-0.25,-0.4166666666666667,-0.08333333333333333,0,3,3,2000,case,20260927
niah_length,niah_multi,16384,all,snapkv,svdd,0.5,0.5,6,6,6,0,0,0.25,0.6666666666666666,-0.4166666666666667,-0.7520833333333332,-0.08333333333333333,0,3,3,2000,case,20260927
niah_length,niah_multi,16384,full_cache_correct,snapkv,svdd,0.5,0.5,6,6,6,0,0,0.25,0.6666666666666666,-0.4166666666666667,-0.75,-0.08333333333333333,0,3,3,2000,case,20260927
niah_length,niah_multi,16384,all,snapkv,svdd_prerope,0.5,0.5,6,6,6,0,0,0.25,0.5833333333333334,-0.3333333333333333,-0.6666666666666666,-0.08333333333333333,0,3,3,2000,case,20260927
niah_length,niah_multi,16384,full_cache_correct,snapkv,svdd_prerope,0.5,0.5,6,6,6,0,0,0.25,0.5833333333333334,-0.3333333333333333,-0.5833333333333334,-0.08333333333333333,0,3,3,2000,case,20260927
niah_length,niah_multi,16384,all,streaming,full,0.1,1.0,6,6,6,0,0,0.0,1.0,-1.0,-1.0,-1.0,0,0,6,2000,case,20260927
niah_length,niah_multi,16384,full_cache_correct,streaming,full,0.1,1.0,6,6,6,0,0,0.0,1.0,-1.0,-1.0,-1.0,0,0,6,2000,case,20260927
niah_length,niah_multi,16384,all,streaming,keydiff,0.1,0.1,6,6,6,0,0,0.0,1.0,-1.0,-1.0,-1.0,0,0,6,2000,case,20260927
niah_length,niah_multi,16384,full_cache_correct,streaming,keydiff,0.1,0.1,6,6,6,0,0,0.0,1.0,-1.0,-1.0,-1.0,0,0,6,2000,case,20260927
niah_length,niah_multi,16384,all,streaming,knorm,0.1,0.1,6,6,6,0,0,0.0,0.0,0.0,0.0,0.0,0,6,0,2000,case,20260927
niah_length,niah_multi,16384,full_cache_correct,streaming,knorm,0.1,0.1,6,6,6,0,0,0.0,0.0,0.0,0.0,0.0,0,6,0,2000,case,20260927
niah_length,niah_multi,16384,all,streaming,leverage,0.1,0.1,6,6,6,0,0,0.0,1.0,-1.0,-1.0,-1.0,0,0,6,2000,case,20260927
niah_length,niah_multi,16384,full_cache_correct,streaming,leverage,0.1,0.1,6,6,6,0,0,0.0,1.0,-1.0,-1.0,-1.0,0,0,6,2000,case,20260927
niah_length,niah_multi,16384,all,streaming,random,0.1,0.1,6,6,6,0,0,0.0,0.0,0.0,0.0,0.0,0,6,0,2000,case,20260927
niah_length,niah_multi,16384,full_cache_correct,streaming,random,0.1,0.1,6,6,6,0,0,0.0,0.0,0.0,0.0,0.0,0,6,0,2000,case,20260927
niah_length,niah_multi,16384,all,streaming,snapkv,0.1,0.1,6,6,6,0,0,0.0,0.0,0.0,0.0,0.0,0,6,0,2000,case,20260927
niah_length,niah_multi,16384,full_cache_correct,streaming,snapkv,0.1,0.1,6,6,6,0,0,0.0,0.0,0.0,0.0,0.0,0,6,0,2000,case,20260927
niah_length,niah_multi,16384,all,streaming,svdd,0.1,0.1,6,6,6,0,0,0.0,0.16666666666666666,-0.16666666666666666,-0.3333333333333333,0.0,0,4,2,2000,case,20260927
niah_length,niah_multi,16384,full_cache_correct,streaming,svdd,0.1,0.1,6,6,6,0,0,0.0,0.16666666666666666,-0.16666666666666666,-0.3333333333333333,0.0,0,4,2,2000,case,20260927
niah_length,niah_multi,16384,all,streaming,svdd_prerope,0.1,0.1,6,6,6,0,0,0.0,0.16666666666666666,-0.16666666666666666,-0.3333333333333333,0.0,0,4,2,2000,case,20260927
niah_length,niah_multi,16384,full_cache_correct,streaming,svdd_prerope,0.1,0.1,6,6,6,0,0,0.0,0.16666666666666666,-0.16666666666666666,-0.3333333333333333,0.0,0,4,2,2000,case,20260927
niah_length,niah_multi,16384,all,streaming,full,0.2,1.0,6,6,6,0,0,0.3333333333333333,1.0,-0.6666666666666666,-0.8333333333333334,-0.5,0,0,6,2000,case,20260927
niah_length,niah_multi,16384,full_cache_correct,streaming,full,0.2,1.0,6,6,6,0,0,0.3333333333333333,1.0,-0.6666666666666666,-0.8333333333333334,-0.5,0,0,6,2000,case,20260927
niah_length,niah_multi,16384,all,streaming,keydiff,0.2,0.2,6,6,6,0,0,0.3333333333333333,1.0,-0.6666666666666666,-0.8333333333333334,-0.5,0,0,6,2000,case,20260927
niah_length,niah_multi,16384,full_cache_correct,streaming,keydiff,0.2,0.2,6,6,6,0,0,0.3333333333333333,1.0,-0.6666666666666666,-0.8333333333333334,-0.5,0,0,6,2000,case,20260927
niah_length,niah_multi,16384,all,streaming,knorm,0.2,0.2,6,6,6,0,0,0.3333333333333333,0.0,0.3333333333333333,0.16666666666666666,0.5,4,2,0,2000,case,20260927
niah_length,niah_multi,16384,full_cache_correct,streaming,knorm,0.2,0.2,6,6,6,0,0,0.3333333333333333,0.0,0.3333333333333333,0.16666666666666666,0.5,4,2,0,2000,case,20260927
niah_length,niah_multi,16384,all,streaming,leverage,0.2,0.2,6,6,6,0,0,0.3333333333333333,1.0,-0.6666666666666666,-0.8333333333333334,-0.5,0,0,6,2000,case,20260927
niah_length,niah_multi,16384,full_cache_correct,streaming,leverage,0.2,0.2,6,6,6,0,0,0.3333333333333333,1.0,-0.6666666666666666,-0.8333333333333334,-0.5,0,0,6,2000,case,20260927
niah_length,niah_multi,16384,all,streaming,random,0.2,0.2,6,6,6,0,0,0.3333333333333333,0.0,0.3333333333333333,0.16666666666666666,0.5,4,2,0,2000,case,20260927
niah_length,niah_multi,16384,full_cache_correct,streaming,random,0.2,0.2,6,6,6,0,0,0.3333333333333333,0.0,0.3333333333333333,0.16666666666666666,0.5,4,2,0,2000,case,20260927
niah_length,niah_multi,16384,all,streaming,snapkv,0.2,0.2,6,6,6,0,0,0.3333333333333333,0.0,0.3333333333333333,0.16666666666666666,0.5,4,2,0,2000,case,20260927
niah_length,niah_multi,16384,full_cache_correct,streaming,snapkv,0.2,0.2,6,6,6,0,0,0.3333333333333333,0.0,0.3333333333333333,0.16666666666666666,0.5,4,2,0,2000,case,20260927
niah_length,niah_multi,16384,all,streaming,svdd,0.2,0.2,6,6,6,0,0,0.3333333333333333,0.3333333333333333,0.0,-0.3333333333333333,0.3333333333333333,2,2,2,2000,case,20260927
niah_length,niah_multi,16384,full_cache_correct,streaming,svdd,0.2,0.2,6,6,6,0,0,0.3333333333333333,0.3333333333333333,0.0,-0.3333333333333333,0.3333333333333333,2,2,2,2000,case,20260927
niah_length,niah_multi,16384,all,streaming,svdd_prerope,0.2,0.2,6,6,6,0,0,0.3333333333333333,0.25,0.08333333333333333,-0.16666666666666666,0.3333333333333333,2,3,1,2000,case,20260927
niah_length,niah_multi,16384,full_cache_correct,streaming,svdd_prerope,0.2,0.2,6,6,6,0,0,0.3333333333333333,0.25,0.08333333333333333,-0.16666666666666666,0.3333333333333333,2,3,1,2000,case,20260927
niah_length,niah_multi,16384,all,streaming,full,0.5,1.0,6,6,6,0,0,0.5,1.0,-0.5,-0.5,-0.5,0,0,6,2000,case,20260927
niah_length,niah_multi,16384,full_cache_correct,streaming,full,0.5,1.0,6,6,6,0,0,0.5,1.0,-0.5,-0.5,-0.5,0,0,6,2000,case,20260927
niah_length,niah_multi,16384,all,streaming,keydiff,0.5,0.5,6,6,6,0,0,0.5,1.0,-0.5,-0.5,-0.5,0,0,6,2000,case,20260927
niah_length,niah_multi,16384,full_cache_correct,streaming,keydiff,0.5,0.5,6,6,6,0,0,0.5,1.0,-0.5,-0.5,-0.5,0,0,6,2000,case,20260927
niah_length,niah_multi,16384,all,streaming,knorm,0.5,0.5,6,6,6,0,0,0.5,0.08333333333333333,0.4166666666666667,0.25,0.5,5,1,0,2000,case,20260927
niah_length,niah_multi,16384,full_cache_correct,streaming,knorm,0.5,0.5,6,6,6,0,0,0.5,0.08333333333333333,0.4166666666666667,0.25,0.5,5,1,0,2000,case,20260927
niah_length,niah_multi,16384,all,streaming,leverage,0.5,0.5,6,6,6,0,0,0.5,1.0,-0.5,-0.5,-0.5,0,0,6,2000,case,20260927
niah_length,niah_multi,16384,full_cache_correct,streaming,leverage,0.5,0.5,6,6,6,0,0,0.5,1.0,-0.5,-0.5,-0.5,0,0,6,2000,case,20260927
niah_length,niah_multi,16384,all,streaming,random,0.5,0.5,6,6,6,0,0,0.5,0.16666666666666666,0.3333333333333333,0.16666666666666666,0.5,4,2,0,2000,case,20260927
niah_length,niah_multi,16384,full_cache_correct,streaming,random,0.5,0.5,6,6,6,0,0,0.5,0.16666666666666666,0.3333333333333333,0.16666666666666666,0.5,4,2,0,2000,case,20260927
niah_length,niah_multi,16384,all,streaming,snapkv,0.5,0.5,6,6,6,0,0,0.5,0.25,0.25,0.08333333333333333,0.4166666666666667,3,3,0,2000,case,20260927
niah_length,niah_multi,16384,full_cache_correct,streaming,snapkv,0.5,0.5,6,6,6,0,0,0.5,0.25,0.25,0.08333333333333333,0.4166666666666667,3,3,0,2000,case,20260927
niah_length,niah_multi,16384,all,streaming,svdd,0.5,0.5,6,6,6,0,0,0.5,0.6666666666666666,-0.16666666666666666,-0.3333333333333333,0.0,0,4,2,2000,case,20260927
niah_length,niah_multi,16384,full_cache_correct,streaming,svdd,0.5,0.5,6,6,6,0,0,0.5,0.6666666666666666,-0.16666666666666666,-0.3333333333333333,0.0,0,4,2,2000,case,20260927
niah_length,niah_multi,16384,all,streaming,svdd_prerope,0.5,0.5,6,6,6,0,0,0.5,0.5833333333333334,-0.08333333333333333,-0.25,0.0,0,5,1,2000,case,20260927
niah_length,niah_multi,16384,full_cache_correct,streaming,svdd_prerope,0.5,0.5,6,6,6,0,0,0.5,0.5833333333333334,-0.08333333333333333,-0.25,0.0,0,5,1,2000,case,20260927
niah_length,niah_multi,16384,all,svdd,full,0.1,1.0,6,6,6,0,0,0.16666666666666666,1.0,-0.8333333333333334,-1.0,-0.6666666666666666,0,0,6,2000,case,20260927
niah_length,niah_multi,16384,full_cache_correct,svdd,full,0.1,1.0,6,6,6,0,0,0.16666666666666666,1.0,-0.8333333333333334,-1.0,-0.6666666666666666,0,0,6,2000,case,20260927
niah_length,niah_multi,16384,all,svdd,keydiff,0.1,0.1,6,6,6,0,0,0.16666666666666666,1.0,-0.8333333333333334,-1.0,-0.6666666666666666,0,0,6,2000,case,20260927
niah_length,niah_multi,16384,full_cache_correct,svdd,keydiff,0.1,0.1,6,6,6,0,0,0.16666666666666666,1.0,-0.8333333333333334,-1.0,-0.6666666666666666,0,0,6,2000,case,20260927
niah_length,niah_multi,16384,all,svdd,knorm,0.1,0.1,6,6,6,0,0,0.16666666666666666,0.0,0.16666666666666666,0.0,0.3333333333333333,2,4,0,2000,case,20260927
niah_length,niah_multi,16384,full_cache_correct,svdd,knorm,0.1,0.1,6,6,6,0,0,0.16666666666666666,0.0,0.16666666666666666,0.0,0.3333333333333333,2,4,0,2000,case,20260927
niah_length,niah_multi,16384,all,svdd,leverage,0.1,0.1,6,6,6,0,0,0.16666666666666666,1.0,-0.8333333333333334,-1.0,-0.6666666666666666,0,0,6,2000,case,20260927
niah_length,niah_multi,16384,full_cache_correct,svdd,leverage,0.1,0.1,6,6,6,0,0,0.16666666666666666,1.0,-0.8333333333333334,-1.0,-0.6666666666666666,0,0,6,2000,case,20260927
niah_length,niah_multi,16384,all,svdd,random,0.1,0.1,6,6,6,0,0,0.16666666666666666,0.0,0.16666666666666666,0.0,0.3333333333333333,2,4,0,2000,case,20260927
niah_length,niah_multi,16384,full_cache_correct,svdd,random,0.1,0.1,6,6,6,0,0,0.16666666666666666,0.0,0.16666666666666666,0.0,0.3333333333333333,2,4,0,2000,case,20260927
niah_length,niah_multi,16384,all,svdd,snapkv,0.1,0.1,6,6,6,0,0,0.16666666666666666,0.0,0.16666666666666666,0.0,0.3333333333333333,2,4,0,2000,case,20260927
niah_length,niah_multi,16384,full_cache_correct,svdd,snapkv,0.1,0.1,6,6,6,0,0,0.16666666666666666,0.0,0.16666666666666666,0.0,0.3333333333333333,2,4,0,2000,case,20260927
niah_length,niah_multi,16384,all,svdd,streaming,0.1,0.1,6,6,6,0,0,0.16666666666666666,0.0,0.16666666666666666,0.0,0.3333333333333333,2,4,0,2000,case,20260927
niah_length,niah_multi,16384,full_cache_correct,svdd,streaming,0.1,0.1,6,6,6,0,0,0.16666666666666666,0.0,0.16666666666666666,0.0,0.3333333333333333,2,4,0,2000,case,20260927
niah_length,niah_multi,16384,all,svdd,svdd_prerope,0.1,0.1,6,6,6,0,0,0.16666666666666666,0.16666666666666666,0.0,0.0,0.0,0,6,0,2000,case,20260927
niah_length,niah_multi,16384,full_cache_correct,svdd,svdd_prerope,0.1,0.1,6,6,6,0,0,0.16666666666666666,0.16666666666666666,0.0,0.0,0.0,0,6,0,2000,case,20260927
niah_length,niah_multi,16384,all,svdd,full,0.2,1.0,6,6,6,0,0,0.3333333333333333,1.0,-0.6666666666666666,-0.8333333333333334,-0.5,0,0,6,2000,case,20260927
niah_length,niah_multi,16384,full_cache_correct,svdd,full,0.2,1.0,6,6,6,0,0,0.3333333333333333,1.0,-0.6666666666666666,-0.8333333333333334,-0.5,0,0,6,2000,case,20260927
niah_length,niah_multi,16384,all,svdd,keydiff,0.2,0.2,6,6,6,0,0,0.3333333333333333,1.0,-0.6666666666666666,-0.8333333333333334,-0.5,0,0,6,2000,case,20260927
niah_length,niah_multi,16384,full_cache_correct,svdd,keydiff,0.2,0.2,6,6,6,0,0,0.3333333333333333,1.0,-0.6666666666666666,-0.8333333333333334,-0.5,0,0,6,2000,case,20260927
niah_length,niah_multi,16384,all,svdd,knorm,0.2,0.2,6,6,6,0,0,0.3333333333333333,0.0,0.3333333333333333,0.16666666666666666,0.5,4,2,0,2000,case,20260927
niah_length,niah_multi,16384,full_cache_correct,svdd,knorm,0.2,0.2,6,6,6,0,0,0.3333333333333333,0.0,0.3333333333333333,0.16666666666666666,0.5,4,2,0,2000,case,20260927
niah_length,niah_multi,16384,all,svdd,leverage,0.2,0.2,6,6,6,0,0,0.3333333333333333,1.0,-0.6666666666666666,-0.8333333333333334,-0.5,0,0,6,2000,case,20260927
niah_length,niah_multi,16384,full_cache_correct,svdd,leverage,0.2,0.2,6,6,6,0,0,0.3333333333333333,1.0,-0.6666666666666666,-0.8333333333333334,-0.5,0,0,6,2000,case,20260927
niah_length,niah_multi,16384,all,svdd,random,0.2,0.2,6,6,6,0,0,0.3333333333333333,0.0,0.3333333333333333,0.16666666666666666,0.5,4,2,0,2000,case,20260927
niah_length,niah_multi,16384,full_cache_correct,svdd,random,0.2,0.2,6,6,6,0,0,0.3333333333333333,0.0,0.3333333333333333,0.16666666666666666,0.5,4,2,0,2000,case,20260927
niah_length,niah_multi,16384,all,svdd,snapkv,0.2,0.2,6,6,6,0,0,0.3333333333333333,0.0,0.3333333333333333,0.16666666666666666,0.5,4,2,0,2000,case,20260927
niah_length,niah_multi,16384,full_cache_correct,svdd,snapkv,0.2,0.2,6,6,6,0,0,0.3333333333333333,0.0,0.3333333333333333,0.16666666666666666,0.5,4,2,0,2000,case,20260927
niah_length,niah_multi,16384,all,svdd,streaming,0.2,0.2,6,6,6,0,0,0.3333333333333333,0.3333333333333333,0.0,-0.3333333333333333,0.3333333333333333,2,2,2,2000,case,20260927
niah_length,niah_multi,16384,full_cache_correct,svdd,streaming,0.2,0.2,6,6,6,0,0,0.3333333333333333,0.3333333333333333,0.0,-0.3333333333333333,0.3333333333333333,2,2,2,2000,case,20260927
niah_length,niah_multi,16384,all,svdd,svdd_prerope,0.2,0.2,6,6,6,0,0,0.3333333333333333,0.25,0.08333333333333333,0.0,0.25,1,5,0,2000,case,20260927
niah_length,niah_multi,16384,full_cache_correct,svdd,svdd_prerope,0.2,0.2,6,6,6,0,0,0.3333333333333333,0.25,0.08333333333333333,0.0,0.25,1,5,0,2000,case,20260927
niah_length,niah_multi,16384,all,svdd,full,0.5,1.0,6,6,6,0,0,0.6666666666666666,1.0,-0.3333333333333333,-0.5,-0.16666666666666666,0,2,4,2000,case,20260927
niah_length,niah_multi,16384,full_cache_correct,svdd,full,0.5,1.0,6,6,6,0,0,0.6666666666666666,1.0,-0.3333333333333333,-0.5,-0.16666666666666666,0,2,4,2000,case,20260927
niah_length,niah_multi,16384,all,svdd,keydiff,0.5,0.5,6,6,6,0,0,0.6666666666666666,1.0,-0.3333333333333333,-0.5,-0.16666666666666666,0,2,4,2000,case,20260927
niah_length,niah_multi,16384,full_cache_correct,svdd,keydiff,0.5,0.5,6,6,6,0,0,0.6666666666666666,1.0,-0.3333333333333333,-0.5,-0.16666666666666666,0,2,4,2000,case,20260927
niah_length,niah_multi,16384,all,svdd,knorm,0.5,0.5,6,6,6,0,0,0.6666666666666666,0.08333333333333333,0.5833333333333334,0.5,0.75,6,0,0,2000,case,20260927
niah_length,niah_multi,16384,full_cache_correct,svdd,knorm,0.5,0.5,6,6,6,0,0,0.6666666666666666,0.08333333333333333,0.5833333333333334,0.5,0.75,6,0,0,2000,case,20260927
niah_length,niah_multi,16384,all,svdd,leverage,0.5,0.5,6,6,6,0,0,0.6666666666666666,1.0,-0.3333333333333333,-0.5,-0.16666666666666666,0,2,4,2000,case,20260927
niah_length,niah_multi,16384,full_cache_correct,svdd,leverage,0.5,0.5,6,6,6,0,0,0.6666666666666666,1.0,-0.3333333333333333,-0.5,-0.16666666666666666,0,2,4,2000,case,20260927
niah_length,niah_multi,16384,all,svdd,random,0.5,0.5,6,6,6,0,0,0.6666666666666666,0.16666666666666666,0.5,0.16666666666666666,0.8333333333333334,4,2,0,2000,case,20260927
niah_length,niah_multi,16384,full_cache_correct,svdd,random,0.5,0.5,6,6,6,0,0,0.6666666666666666,0.16666666666666666,0.5,0.16666666666666666,0.8333333333333334,4,2,0,2000,case,20260927
niah_length,niah_multi,16384,all,svdd,snapkv,0.5,0.5,6,6,6,0,0,0.6666666666666666,0.25,0.4166666666666667,0.08333333333333333,0.75,3,3,0,2000,case,20260927
niah_length,niah_multi,16384,full_cache_correct,svdd,snapkv,0.5,0.5,6,6,6,0,0,0.6666666666666666,0.25,0.4166666666666667,0.08333333333333333,0.75,3,3,0,2000,case,20260927
niah_length,niah_multi,16384,all,svdd,streaming,0.5,0.5,6,6,6,0,0,0.6666666666666666,0.5,0.16666666666666666,0.0,0.3333333333333333,2,4,0,2000,case,20260927
niah_length,niah_multi,16384,full_cache_correct,svdd,streaming,0.5,0.5,6,6,6,0,0,0.6666666666666666,0.5,0.16666666666666666,0.0,0.3333333333333333,2,4,0,2000,case,20260927
niah_length,niah_multi,16384,all,svdd,svdd_prerope,0.5,0.5,6,6,6,0,0,0.6666666666666666,0.5833333333333334,0.08333333333333333,0.0,0.25,1,5,0,2000,case,20260927
niah_length,niah_multi,16384,full_cache_correct,svdd,svdd_prerope,0.5,0.5,6,6,6,0,0,0.6666666666666666,0.5833333333333334,0.08333333333333333,0.0,0.25,1,5,0,2000,case,20260927
niah_length,niah_multi,16384,all,svdd_prerope,full,0.1,1.0,6,6,6,0,0,0.16666666666666666,1.0,-0.8333333333333334,-1.0,-0.6666666666666666,0,0,6,2000,case,20260927
niah_length,niah_multi,16384,full_cache_correct,svdd_prerope,full,0.1,1.0,6,6,6,0,0,0.16666666666666666,1.0,-0.8333333333333334,-1.0,-0.6666666666666666,0,0,6,2000,case,20260927
niah_length,niah_multi,16384,all,svdd_prerope,keydiff,0.1,0.1,6,6,6,0,0,0.16666666666666666,1.0,-0.8333333333333334,-1.0,-0.6666666666666666,0,0,6,2000,case,20260927
niah_length,niah_multi,16384,full_cache_correct,svdd_prerope,keydiff,0.1,0.1,6,6,6,0,0,0.16666666666666666,1.0,-0.8333333333333334,-1.0,-0.6666666666666666,0,0,6,2000,case,20260927
niah_length,niah_multi,16384,all,svdd_prerope,knorm,0.1,0.1,6,6,6,0,0,0.16666666666666666,0.0,0.16666666666666666,0.0,0.3333333333333333,2,4,0,2000,case,20260927
niah_length,niah_multi,16384,full_cache_correct,svdd_prerope,knorm,0.1,0.1,6,6,6,0,0,0.16666666666666666,0.0,0.16666666666666666,0.0,0.3333333333333333,2,4,0,2000,case,20260927
niah_length,niah_multi,16384,all,svdd_prerope,leverage,0.1,0.1,6,6,6,0,0,0.16666666666666666,1.0,-0.8333333333333334,-1.0,-0.6666666666666666,0,0,6,2000,case,20260927
niah_length,niah_multi,16384,full_cache_correct,svdd_prerope,leverage,0.1,0.1,6,6,6,0,0,0.16666666666666666,1.0,-0.8333333333333334,-1.0,-0.6666666666666666,0,0,6,2000,case,20260927
niah_length,niah_multi,16384,all,svdd_prerope,random,0.1,0.1,6,6,6,0,0,0.16666666666666666,0.0,0.16666666666666666,0.0,0.3333333333333333,2,4,0,2000,case,20260927
niah_length,niah_multi,16384,full_cache_correct,svdd_prerope,random,0.1,0.1,6,6,6,0,0,0.16666666666666666,0.0,0.16666666666666666,0.0,0.3333333333333333,2,4,0,2000,case,20260927
niah_length,niah_multi,16384,all,svdd_prerope,snapkv,0.1,0.1,6,6,6,0,0,0.16666666666666666,0.0,0.16666666666666666,0.0,0.3333333333333333,2,4,0,2000,case,20260927
niah_length,niah_multi,16384,full_cache_correct,svdd_prerope,snapkv,0.1,0.1,6,6,6,0,0,0.16666666666666666,0.0,0.16666666666666666,0.0,0.3333333333333333,2,4,0,2000,case,20260927
niah_length,niah_multi,16384,all,svdd_prerope,streaming,0.1,0.1,6,6,6,0,0,0.16666666666666666,0.0,0.16666666666666666,0.0,0.3333333333333333,2,4,0,2000,case,20260927
niah_length,niah_multi,16384,full_cache_correct,svdd_prerope,streaming,0.1,0.1,6,6,6,0,0,0.16666666666666666,0.0,0.16666666666666666,0.0,0.3333333333333333,2,4,0,2000,case,20260927
niah_length,niah_multi,16384,all,svdd_prerope,svdd,0.1,0.1,6,6,6,0,0,0.16666666666666666,0.16666666666666666,0.0,0.0,0.0,0,6,0,2000,case,20260927
niah_length,niah_multi,16384,full_cache_correct,svdd_prerope,svdd,0.1,0.1,6,6,6,0,0,0.16666666666666666,0.16666666666666666,0.0,0.0,0.0,0,6,0,2000,case,20260927
niah_length,niah_multi,16384,all,svdd_prerope,full,0.2,1.0,6,6,6,0,0,0.25,1.0,-0.75,-0.9166666666666666,-0.5833333333333334,0,0,6,2000,case,20260927
niah_length,niah_multi,16384,full_cache_correct,svdd_prerope,full,0.2,1.0,6,6,6,0,0,0.25,1.0,-0.75,-0.9166666666666666,-0.5833333333333334,0,0,6,2000,case,20260927
niah_length,niah_multi,16384,all,svdd_prerope,keydiff,0.2,0.2,6,6,6,0,0,0.25,1.0,-0.75,-0.9166666666666666,-0.5833333333333334,0,0,6,2000,case,20260927
niah_length,niah_multi,16384,full_cache_correct,svdd_prerope,keydiff,0.2,0.2,6,6,6,0,0,0.25,1.0,-0.75,-0.9166666666666666,-0.5833333333333334,0,0,6,2000,case,20260927
niah_length,niah_multi,16384,all,svdd_prerope,knorm,0.2,0.2,6,6,6,0,0,0.25,0.0,0.25,0.08333333333333333,0.4166666666666667,3,3,0,2000,case,20260927
niah_length,niah_multi,16384,full_cache_correct,svdd_prerope,knorm,0.2,0.2,6,6,6,0,0,0.25,0.0,0.25,0.08333333333333333,0.4166666666666667,3,3,0,2000,case,20260927
niah_length,niah_multi,16384,all,svdd_prerope,leverage,0.2,0.2,6,6,6,0,0,0.25,1.0,-0.75,-0.9166666666666666,-0.5833333333333334,0,0,6,2000,case,20260927
niah_length,niah_multi,16384,full_cache_correct,svdd_prerope,leverage,0.2,0.2,6,6,6,0,0,0.25,1.0,-0.75,-0.9166666666666666,-0.5833333333333334,0,0,6,2000,case,20260927
niah_length,niah_multi,16384,all,svdd_prerope,random,0.2,0.2,6,6,6,0,0,0.25,0.0,0.25,0.08333333333333333,0.4166666666666667,3,3,0,2000,case,20260927
niah_length,niah_multi,16384,full_cache_correct,svdd_prerope,random,0.2,0.2,6,6,6,0,0,0.25,0.0,0.25,0.08333333333333333,0.4166666666666667,3,3,0,2000,case,20260927
niah_length,niah_multi,16384,all,svdd_prerope,snapkv,0.2,0.2,6,6,6,0,0,0.25,0.0,0.25,0.08333333333333333,0.4166666666666667,3,3,0,2000,case,20260927
niah_length,niah_multi,16384,full_cache_correct,svdd_prerope,snapkv,0.2,0.2,6,6,6,0,0,0.25,0.0,0.25,0.08333333333333333,0.4166666666666667,3,3,0,2000,case,20260927
niah_length,niah_multi,16384,all,svdd_prerope,streaming,0.2,0.2,6,6,6,0,0,0.25,0.3333333333333333,-0.08333333333333333,-0.3333333333333333,0.16666666666666666,1,3,2,2000,case,20260927
niah_length,niah_multi,16384,full_cache_correct,svdd_prerope,streaming,0.2,0.2,6,6,6,0,0,0.25,0.3333333333333333,-0.08333333333333333,-0.3333333333333333,0.16666666666666666,1,3,2,2000,case,20260927
niah_length,niah_multi,16384,all,svdd_prerope,svdd,0.2,0.2,6,6,6,0,0,0.25,0.3333333333333333,-0.08333333333333333,-0.25,0.0,0,5,1,2000,case,20260927
niah_length,niah_multi,16384,full_cache_correct,svdd_prerope,svdd,0.2,0.2,6,6,6,0,0,0.25,0.3333333333333333,-0.08333333333333333,-0.25,0.0,0,5,1,2000,case,20260927
niah_length,niah_multi,16384,all,svdd_prerope,full,0.5,1.0,6,6,6,0,0,0.5833333333333334,1.0,-0.4166666666666667,-0.5,-0.25,0,1,5,2000,case,20260927
niah_length,niah_multi,16384,full_cache_correct,svdd_prerope,full,0.5,1.0,6,6,6,0,0,0.5833333333333334,1.0,-0.4166666666666667,-0.5,-0.25,0,1,5,2000,case,20260927
niah_length,niah_multi,16384,all,svdd_prerope,keydiff,0.5,0.5,6,6,6,0,0,0.5833333333333334,1.0,-0.4166666666666667,-0.5,-0.25,0,1,5,2000,case,20260927
niah_length,niah_multi,16384,full_cache_correct,svdd_prerope,keydiff,0.5,0.5,6,6,6,0,0,0.5833333333333334,1.0,-0.4166666666666667,-0.5,-0.25,0,1,5,2000,case,20260927
niah_length,niah_multi,16384,all,svdd_prerope,knorm,0.5,0.5,6,6,6,0,0,0.5833333333333334,0.08333333333333333,0.5,0.5,0.5,6,0,0,2000,case,20260927
niah_length,niah_multi,16384,full_cache_correct,svdd_prerope,knorm,0.5,0.5,6,6,6,0,0,0.5833333333333334,0.08333333333333333,0.5,0.5,0.5,6,0,0,2000,case,20260927
niah_length,niah_multi,16384,all,svdd_prerope,leverage,0.5,0.5,6,6,6,0,0,0.5833333333333334,1.0,-0.4166666666666667,-0.5,-0.25,0,1,5,2000,case,20260927
niah_length,niah_multi,16384,full_cache_correct,svdd_prerope,leverage,0.5,0.5,6,6,6,0,0,0.5833333333333334,1.0,-0.4166666666666667,-0.5,-0.25,0,1,5,2000,case,20260927
niah_length,niah_multi,16384,all,svdd_prerope,random,0.5,0.5,6,6,6,0,0,0.5833333333333334,0.16666666666666666,0.4166666666666667,0.16666666666666666,0.6666666666666666,4,2,0,2000,case,20260927
niah_length,niah_multi,16384,full_cache_correct,svdd_prerope,random,0.5,0.5,6,6,6,0,0,0.5833333333333334,0.16666666666666666,0.4166666666666667,0.16666666666666666,0.6666666666666666,4,2,0,2000,case,20260927
niah_length,niah_multi,16384,all,svdd_prerope,snapkv,0.5,0.5,6,6,6,0,0,0.5833333333333334,0.25,0.3333333333333333,0.08333333333333333,0.6666666666666666,3,3,0,2000,case,20260927
niah_length,niah_multi,16384,full_cache_correct,svdd_prerope,snapkv,0.5,0.5,6,6,6,0,0,0.5833333333333334,0.25,0.3333333333333333,0.08333333333333333,0.6666666666666666,3,3,0,2000,case,20260927
niah_length,niah_multi,16384,all,svdd_prerope,streaming,0.5,0.5,6,6,6,0,0,0.5833333333333334,0.5,0.08333333333333333,0.0,0.25,1,5,0,2000,case,20260927
niah_length,niah_multi,16384,full_cache_correct,svdd_prerope,streaming,0.5,0.5,6,6,6,0,0,0.5833333333333334,0.5,0.08333333333333333,0.0,0.25,1,5,0,2000,case,20260927
niah_length,niah_multi,16384,all,svdd_prerope,svdd,0.5,0.5,6,6,6,0,0,0.5833333333333334,0.6666666666666666,-0.08333333333333333,-0.25,0.0,0,5,1,2000,case,20260927
niah_length,niah_multi,16384,full_cache_correct,svdd_prerope,svdd,0.5,0.5,6,6,6,0,0,0.5833333333333334,0.6666666666666666,-0.08333333333333333,-0.25,0.0,0,5,1,2000,case,20260927
niah_length,niah_multi,32768,all,keydiff,full,0.1,1.0,6,6,6,0,0,0.9166666666666666,1.0,-0.08333333333333333,-0.25,0.0,0,5,1,2000,case,20260927
niah_length,niah_multi,32768,full_cache_correct,keydiff,full,0.1,1.0,6,6,6,0,0,0.9166666666666666,1.0,-0.08333333333333333,-0.25,0.0,0,5,1,2000,case,20260927
niah_length,niah_multi,32768,all,keydiff,knorm,0.1,0.1,6,6,6,0,0,0.9166666666666666,0.0,0.9166666666666666,0.75,1.0,6,0,0,2000,case,20260927
niah_length,niah_multi,32768,full_cache_correct,keydiff,knorm,0.1,0.1,6,6,6,0,0,0.9166666666666666,0.0,0.9166666666666666,0.75,1.0,6,0,0,2000,case,20260927
niah_length,niah_multi,32768,all,keydiff,leverage,0.1,0.1,6,6,6,0,0,0.9166666666666666,1.0,-0.08333333333333333,-0.25,0.0,0,5,1,2000,case,20260927
niah_length,niah_multi,32768,full_cache_correct,keydiff,leverage,0.1,0.1,6,6,6,0,0,0.9166666666666666,1.0,-0.08333333333333333,-0.25,0.0,0,5,1,2000,case,20260927
niah_length,niah_multi,32768,all,keydiff,random,0.1,0.1,6,6,6,0,0,0.9166666666666666,0.0,0.9166666666666666,0.75,1.0,6,0,0,2000,case,20260927
niah_length,niah_multi,32768,full_cache_correct,keydiff,random,0.1,0.1,6,6,6,0,0,0.9166666666666666,0.0,0.9166666666666666,0.75,1.0,6,0,0,2000,case,20260927
niah_length,niah_multi,32768,all,keydiff,snapkv,0.1,0.1,6,6,6,0,0,0.9166666666666666,0.0,0.9166666666666666,0.75,1.0,6,0,0,2000,case,20260927
niah_length,niah_multi,32768,full_cache_correct,keydiff,snapkv,0.1,0.1,6,6,6,0,0,0.9166666666666666,0.0,0.9166666666666666,0.75,1.0,6,0,0,2000,case,20260927
niah_length,niah_multi,32768,all,keydiff,streaming,0.1,0.1,6,6,6,0,0,0.9166666666666666,0.0,0.9166666666666666,0.75,1.0,6,0,0,2000,case,20260927
niah_length,niah_multi,32768,full_cache_correct,keydiff,streaming,0.1,0.1,6,6,6,0,0,0.9166666666666666,0.0,0.9166666666666666,0.75,1.0,6,0,0,2000,case,20260927
niah_length,niah_multi,32768,all,keydiff,svdd,0.1,0.1,6,6,6,0,0,0.9166666666666666,0.16666666666666666,0.75,0.5833333333333334,0.9166666666666666,6,0,0,2000,case,20260927
niah_length,niah_multi,32768,full_cache_correct,keydiff,svdd,0.1,0.1,6,6,6,0,0,0.9166666666666666,0.16666666666666666,0.75,0.5833333333333334,0.9166666666666666,6,0,0,2000,case,20260927
niah_length,niah_multi,32768,all,keydiff,svdd_prerope,0.1,0.1,6,6,6,0,0,0.9166666666666666,0.08333333333333333,0.8333333333333334,0.6666666666666666,1.0,6,0,0,2000,case,20260927
niah_length,niah_multi,32768,full_cache_correct,keydiff,svdd_prerope,0.1,0.1,6,6,6,0,0,0.9166666666666666,0.08333333333333333,0.8333333333333334,0.6666666666666666,1.0,6,0,0,2000,case,20260927
niah_length,niah_multi,32768,all,keydiff,full,0.2,1.0,6,6,6,0,0,1.0,1.0,0.0,0.0,0.0,0,6,0,2000,case,20260927
niah_length,niah_multi,32768,full_cache_correct,keydiff,full,0.2,1.0,6,6,6,0,0,1.0,1.0,0.0,0.0,0.0,0,6,0,2000,case,20260927
niah_length,niah_multi,32768,all,keydiff,knorm,0.2,0.2,6,6,6,0,0,1.0,0.0,1.0,1.0,1.0,6,0,0,2000,case,20260927
niah_length,niah_multi,32768,full_cache_correct,keydiff,knorm,0.2,0.2,6,6,6,0,0,1.0,0.0,1.0,1.0,1.0,6,0,0,2000,case,20260927
niah_length,niah_multi,32768,all,keydiff,leverage,0.2,0.2,6,6,6,0,0,1.0,1.0,0.0,0.0,0.0,0,6,0,2000,case,20260927
niah_length,niah_multi,32768,full_cache_correct,keydiff,leverage,0.2,0.2,6,6,6,0,0,1.0,1.0,0.0,0.0,0.0,0,6,0,2000,case,20260927
niah_length,niah_multi,32768,all,keydiff,random,0.2,0.2,6,6,6,0,0,1.0,0.0,1.0,1.0,1.0,6,0,0,2000,case,20260927
niah_length,niah_multi,32768,full_cache_correct,keydiff,random,0.2,0.2,6,6,6,0,0,1.0,0.0,1.0,1.0,1.0,6,0,0,2000,case,20260927
niah_length,niah_multi,32768,all,keydiff,snapkv,0.2,0.2,6,6,6,0,0,1.0,0.25,0.75,0.5833333333333334,0.9166666666666666,6,0,0,2000,case,20260927
niah_length,niah_multi,32768,full_cache_correct,keydiff,snapkv,0.2,0.2,6,6,6,0,0,1.0,0.25,0.75,0.5833333333333334,0.9166666666666666,6,0,0,2000,case,20260927
niah_length,niah_multi,32768,all,keydiff,streaming,0.2,0.2,6,6,6,0,0,1.0,0.3333333333333333,0.6666666666666666,0.5,0.8333333333333334,6,0,0,2000,case,20260927
niah_length,niah_multi,32768,full_cache_correct,keydiff,streaming,0.2,0.2,6,6,6,0,0,1.0,0.3333333333333333,0.6666666666666666,0.5,0.8333333333333334,6,0,0,2000,case,20260927
niah_length,niah_multi,32768,all,keydiff,svdd,0.2,0.2,6,6,6,0,0,1.0,0.5,0.5,0.25,0.75,5,1,0,2000,case,20260927
niah_length,niah_multi,32768,full_cache_correct,keydiff,svdd,0.2,0.2,6,6,6,0,0,1.0,0.5,0.5,0.25,0.75,5,1,0,2000,case,20260927
niah_length,niah_multi,32768,all,keydiff,svdd_prerope,0.2,0.2,6,6,6,0,0,1.0,0.5,0.5,0.25,0.75,5,1,0,2000,case,20260927
niah_length,niah_multi,32768,full_cache_correct,keydiff,svdd_prerope,0.2,0.2,6,6,6,0,0,1.0,0.5,0.5,0.25,0.75,5,1,0,2000,case,20260927
niah_length,niah_multi,32768,all,keydiff,full,0.5,1.0,6,6,6,0,0,1.0,1.0,0.0,0.0,0.0,0,6,0,2000,case,20260927
niah_length,niah_multi,32768,full_cache_correct,keydiff,full,0.5,1.0,6,6,6,0,0,1.0,1.0,0.0,0.0,0.0,0,6,0,2000,case,20260927
niah_length,niah_multi,32768,all,keydiff,knorm,0.5,0.5,6,6,6,0,0,1.0,0.08333333333333333,0.9166666666666666,0.75,1.0,6,0,0,2000,case,20260927
niah_length,niah_multi,32768,full_cache_correct,keydiff,knorm,0.5,0.5,6,6,6,0,0,1.0,0.08333333333333333,0.9166666666666666,0.75,1.0,6,0,0,2000,case,20260927
niah_length,niah_multi,32768,all,keydiff,leverage,0.5,0.5,6,6,6,0,0,1.0,1.0,0.0,0.0,0.0,0,6,0,2000,case,20260927
niah_length,niah_multi,32768,full_cache_correct,keydiff,leverage,0.5,0.5,6,6,6,0,0,1.0,1.0,0.0,0.0,0.0,0,6,0,2000,case,20260927
niah_length,niah_multi,32768,all,keydiff,random,0.5,0.5,6,6,6,0,0,1.0,0.08333333333333333,0.9166666666666666,0.75,1.0,6,0,0,2000,case,20260927
niah_length,niah_multi,32768,full_cache_correct,keydiff,random,0.5,0.5,6,6,6,0,0,1.0,0.08333333333333333,0.9166666666666666,0.75,1.0,6,0,0,2000,case,20260927
niah_length,niah_multi,32768,all,keydiff,snapkv,0.5,0.5,6,6,6,0,0,1.0,0.5,0.5,0.16666666666666666,0.8333333333333334,4,2,0,2000,case,20260927
niah_length,niah_multi,32768,full_cache_correct,keydiff,snapkv,0.5,0.5,6,6,6,0,0,1.0,0.5,0.5,0.16666666666666666,0.8333333333333334,4,2,0,2000,case,20260927
niah_length,niah_multi,32768,all,keydiff,streaming,0.5,0.5,6,6,6,0,0,1.0,0.5,0.5,0.5,0.5,6,0,0,2000,case,20260927
niah_length,niah_multi,32768,full_cache_correct,keydiff,streaming,0.5,0.5,6,6,6,0,0,1.0,0.5,0.5,0.5,0.5,6,0,0,2000,case,20260927
niah_length,niah_multi,32768,all,keydiff,svdd,0.5,0.5,6,6,6,0,0,1.0,0.75,0.25,0.08333333333333333,0.4166666666666667,3,3,0,2000,case,20260927
niah_length,niah_multi,32768,full_cache_correct,keydiff,svdd,0.5,0.5,6,6,6,0,0,1.0,0.75,0.25,0.08333333333333333,0.4166666666666667,3,3,0,2000,case,20260927
niah_length,niah_multi,32768,all,keydiff,svdd_prerope,0.5,0.5,6,6,6,0,0,1.0,0.6666666666666666,0.3333333333333333,0.16458333333333344,0.5,4,2,0,2000,case,20260927
niah_length,niah_multi,32768,full_cache_correct,keydiff,svdd_prerope,0.5,0.5,6,6,6,0,0,1.0,0.6666666666666666,0.3333333333333333,0.16666666666666666,0.5,4,2,0,2000,case,20260927
niah_length,niah_multi,32768,all,knorm,full,0.1,1.0,6,6,6,0,0,0.0,1.0,-1.0,-1.0,-1.0,0,0,6,2000,case,20260927
niah_length,niah_multi,32768,full_cache_correct,knorm,full,0.1,1.0,6,6,6,0,0,0.0,1.0,-1.0,-1.0,-1.0,0,0,6,2000,case,20260927
niah_length,niah_multi,32768,all,knorm,keydiff,0.1,0.1,6,6,6,0,0,0.0,0.9166666666666666,-0.9166666666666666,-1.0,-0.75,0,0,6,2000,case,20260927
niah_length,niah_multi,32768,full_cache_correct,knorm,keydiff,0.1,0.1,6,6,6,0,0,0.0,0.9166666666666666,-0.9166666666666666,-1.0,-0.75,0,0,6,2000,case,20260927
niah_length,niah_multi,32768,all,knorm,leverage,0.1,0.1,6,6,6,0,0,0.0,1.0,-1.0,-1.0,-1.0,0,0,6,2000,case,20260927
niah_length,niah_multi,32768,full_cache_correct,knorm,leverage,0.1,0.1,6,6,6,0,0,0.0,1.0,-1.0,-1.0,-1.0,0,0,6,2000,case,20260927
niah_length,niah_multi,32768,all,knorm,random,0.1,0.1,6,6,6,0,0,0.0,0.0,0.0,0.0,0.0,0,6,0,2000,case,20260927
niah_length,niah_multi,32768,full_cache_correct,knorm,random,0.1,0.1,6,6,6,0,0,0.0,0.0,0.0,0.0,0.0,0,6,0,2000,case,20260927
niah_length,niah_multi,32768,all,knorm,snapkv,0.1,0.1,6,6,6,0,0,0.0,0.0,0.0,0.0,0.0,0,6,0,2000,case,20260927
niah_length,niah_multi,32768,full_cache_correct,knorm,snapkv,0.1,0.1,6,6,6,0,0,0.0,0.0,0.0,0.0,0.0,0,6,0,2000,case,20260927
niah_length,niah_multi,32768,all,knorm,streaming,0.1,0.1,6,6,6,0,0,0.0,0.0,0.0,0.0,0.0,0,6,0,2000,case,20260927
niah_length,niah_multi,32768,full_cache_correct,knorm,streaming,0.1,0.1,6,6,6,0,0,0.0,0.0,0.0,0.0,0.0,0,6,0,2000,case,20260927
niah_length,niah_multi,32768,all,knorm,svdd,0.1,0.1,6,6,6,0,0,0.0,0.16666666666666666,-0.16666666666666666,-0.3333333333333333,0.0,0,4,2,2000,case,20260927
niah_length,niah_multi,32768,full_cache_correct,knorm,svdd,0.1,0.1,6,6,6,0,0,0.0,0.16666666666666666,-0.16666666666666666,-0.3333333333333333,0.0,0,4,2,2000,case,20260927
niah_length,niah_multi,32768,all,knorm,svdd_prerope,0.1,0.1,6,6,6,0,0,0.0,0.08333333333333333,-0.08333333333333333,-0.25,0.0,0,5,1,2000,case,20260927
niah_length,niah_multi,32768,full_cache_correct,knorm,svdd_prerope,0.1,0.1,6,6,6,0,0,0.0,0.08333333333333333,-0.08333333333333333,-0.25,0.0,0,5,1,2000,case,20260927
niah_length,niah_multi,32768,all,knorm,full,0.2,1.0,6,6,6,0,0,0.0,1.0,-1.0,-1.0,-1.0,0,0,6,2000,case,20260927
niah_length,niah_multi,32768,full_cache_correct,knorm,full,0.2,1.0,6,6,6,0,0,0.0,1.0,-1.0,-1.0,-1.0,0,0,6,2000,case,20260927
niah_length,niah_multi,32768,all,knorm,keydiff,0.2,0.2,6,6,6,0,0,0.0,1.0,-1.0,-1.0,-1.0,0,0,6,2000,case,20260927
niah_length,niah_multi,32768,full_cache_correct,knorm,keydiff,0.2,0.2,6,6,6,0,0,0.0,1.0,-1.0,-1.0,-1.0,0,0,6,2000,case,20260927
niah_length,niah_multi,32768,all,knorm,leverage,0.2,0.2,6,6,6,0,0,0.0,1.0,-1.0,-1.0,-1.0,0,0,6,2000,case,20260927
niah_length,niah_multi,32768,full_cache_correct,knorm,leverage,0.2,0.2,6,6,6,0,0,0.0,1.0,-1.0,-1.0,-1.0,0,0,6,2000,case,20260927
niah_length,niah_multi,32768,all,knorm,random,0.2,0.2,6,6,6,0,0,0.0,0.0,0.0,0.0,0.0,0,6,0,2000,case,20260927
niah_length,niah_multi,32768,full_cache_correct,knorm,random,0.2,0.2,6,6,6,0,0,0.0,0.0,0.0,0.0,0.0,0,6,0,2000,case,20260927
niah_length,niah_multi,32768,all,knorm,snapkv,0.2,0.2,6,6,6,0,0,0.0,0.25,-0.25,-0.4166666666666667,-0.08333333333333333,0,3,3,2000,case,20260927
niah_length,niah_multi,32768,full_cache_correct,knorm,snapkv,0.2,0.2,6,6,6,0,0,0.0,0.25,-0.25,-0.4166666666666667,-0.08333333333333333,0,3,3,2000,case,20260927
niah_length,niah_multi,32768,all,knorm,streaming,0.2,0.2,6,6,6,0,0,0.0,0.3333333333333333,-0.3333333333333333,-0.5,-0.16666666666666666,0,2,4,2000,case,20260927
niah_length,niah_multi,32768,full_cache_correct,knorm,streaming,0.2,0.2,6,6,6,0,0,0.0,0.3333333333333333,-0.3333333333333333,-0.5,-0.16666666666666666,0,2,4,2000,case,20260927
niah_length,niah_multi,32768,all,knorm,svdd,0.2,0.2,6,6,6,0,0,0.0,0.5,-0.5,-0.75,-0.25,0,1,5,2000,case,20260927
niah_length,niah_multi,32768,full_cache_correct,knorm,svdd,0.2,0.2,6,6,6,0,0,0.0,0.5,-0.5,-0.75,-0.25,0,1,5,2000,case,20260927
niah_length,niah_multi,32768,all,knorm,svdd_prerope,0.2,0.2,6,6,6,0,0,0.0,0.5,-0.5,-0.75,-0.25,0,1,5,2000,case,20260927
niah_length,niah_multi,32768,full_cache_correct,knorm,svdd_prerope,0.2,0.2,6,6,6,0,0,0.0,0.5,-0.5,-0.75,-0.25,0,1,5,2000,case,20260927
niah_length,niah_multi,32768,all,knorm,full,0.5,1.0,6,6,6,0,0,0.08333333333333333,1.0,-0.9166666666666666,-1.0,-0.75,0,0,6,2000,case,20260927
niah_length,niah_multi,32768,full_cache_correct,knorm,full,0.5,1.0,6,6,6,0,0,0.08333333333333333,1.0,-0.9166666666666666,-1.0,-0.75,0,0,6,2000,case,20260927
niah_length,niah_multi,32768,all,knorm,keydiff,0.5,0.5,6,6,6,0,0,0.08333333333333333,1.0,-0.9166666666666666,-1.0,-0.75,0,0,6,2000,case,20260927
niah_length,niah_multi,32768,full_cache_correct,knorm,keydiff,0.5,0.5,6,6,6,0,0,0.08333333333333333,1.0,-0.9166666666666666,-1.0,-0.75,0,0,6,2000,case,20260927
niah_length,niah_multi,32768,all,knorm,leverage,0.5,0.5,6,6,6,0,0,0.08333333333333333,1.0,-0.9166666666666666,-1.0,-0.75,0,0,6,2000,case,20260927
niah_length,niah_multi,32768,full_cache_correct,knorm,leverage,0.5,0.5,6,6,6,0,0,0.08333333333333333,1.0,-0.9166666666666666,-1.0,-0.75,0,0,6,2000,case,20260927
niah_length,niah_multi,32768,all,knorm,random,0.5,0.5,6,6,6,0,0,0.08333333333333333,0.08333333333333333,0.0,-0.25,0.25,1,4,1,2000,case,20260927
niah_length,niah_multi,32768,full_cache_correct,knorm,random,0.5,0.5,6,6,6,0,0,0.08333333333333333,0.08333333333333333,0.0,-0.25,0.25,1,4,1,2000,case,20260927
niah_length,niah_multi,32768,all,knorm,snapkv,0.5,0.5,6,6,6,0,0,0.08333333333333333,0.5,-0.4166666666666667,-0.6666666666666666,-0.16666666666666666,0,2,4,2000,case,20260927
niah_length,niah_multi,32768,full_cache_correct,knorm,snapkv,0.5,0.5,6,6,6,0,0,0.08333333333333333,0.5,-0.4166666666666667,-0.6687499999999998,-0.16666666666666666,0,2,4,2000,case,20260927
niah_length,niah_multi,32768,all,knorm,streaming,0.5,0.5,6,6,6,0,0,0.08333333333333333,0.5,-0.4166666666666667,-0.5,-0.25,0,1,5,2000,case,20260927
niah_length,niah_multi,32768,full_cache_correct,knorm,streaming,0.5,0.5,6,6,6,0,0,0.08333333333333333,0.5,-0.4166666666666667,-0.5,-0.25,0,1,5,2000,case,20260927
niah_length,niah_multi,32768,all,knorm,svdd,0.5,0.5,6,6,6,0,0,0.08333333333333333,0.75,-0.6666666666666666,-0.9166666666666666,-0.3333333333333333,0,1,5,2000,case,20260927
niah_length,niah_multi,32768,full_cache_correct,knorm,svdd,0.5,0.5,6,6,6,0,0,0.08333333333333333,0.75,-0.6666666666666666,-0.9166666666666666,-0.3333333333333333,0,1,5,2000,case,20260927
niah_length,niah_multi,32768,all,knorm,svdd_prerope,0.5,0.5,6,6,6,0,0,0.08333333333333333,0.6666666666666666,-0.5833333333333334,-0.8333333333333334,-0.3333333333333333,0,1,5,2000,case,20260927
niah_length,niah_multi,32768,full_cache_correct,knorm,svdd_prerope,0.5,0.5,6,6,6,0,0,0.08333333333333333,0.6666666666666666,-0.5833333333333334,-0.8333333333333334,-0.3333333333333333,0,1,5,2000,case,20260927
niah_length,niah_multi,32768,all,leverage,full,0.1,1.0,6,6,6,0,0,1.0,1.0,0.0,0.0,0.0,0,6,0,2000,case,20260927
niah_length,niah_multi,32768,full_cache_correct,leverage,full,0.1,1.0,6,6,6,0,0,1.0,1.0,0.0,0.0,0.0,0,6,0,2000,case,20260927
niah_length,niah_multi,32768,all,leverage,keydiff,0.1,0.1,6,6,6,0,0,1.0,0.9166666666666666,0.08333333333333333,0.0,0.25,1,5,0,2000,case,20260927
niah_length,niah_multi,32768,full_cache_correct,leverage,keydiff,0.1,0.1,6,6,6,0,0,1.0,0.9166666666666666,0.08333333333333333,0.0,0.25,1,5,0,2000,case,20260927
niah_length,niah_multi,32768,all,leverage,knorm,0.1,0.1,6,6,6,0,0,1.0,0.0,1.0,1.0,1.0,6,0,0,2000,case,20260927
niah_length,niah_multi,32768,full_cache_correct,leverage,knorm,0.1,0.1,6,6,6,0,0,1.0,0.0,1.0,1.0,1.0,6,0,0,2000,case,20260927
niah_length,niah_multi,32768,all,leverage,random,0.1,0.1,6,6,6,0,0,1.0,0.0,1.0,1.0,1.0,6,0,0,2000,case,20260927
niah_length,niah_multi,32768,full_cache_correct,leverage,random,0.1,0.1,6,6,6,0,0,1.0,0.0,1.0,1.0,1.0,6,0,0,2000,case,20260927
niah_length,niah_multi,32768,all,leverage,snapkv,0.1,0.1,6,6,6,0,0,1.0,0.0,1.0,1.0,1.0,6,0,0,2000,case,20260927
niah_length,niah_multi,32768,full_cache_correct,leverage,snapkv,0.1,0.1,6,6,6,0,0,1.0,0.0,1.0,1.0,1.0,6,0,0,2000,case,20260927
niah_length,niah_multi,32768,all,leverage,streaming,0.1,0.1,6,6,6,0,0,1.0,0.0,1.0,1.0,1.0,6,0,0,2000,case,20260927
niah_length,niah_multi,32768,full_cache_correct,leverage,streaming,0.1,0.1,6,6,6,0,0,1.0,0.0,1.0,1.0,1.0,6,0,0,2000,case,20260927
niah_length,niah_multi,32768,all,leverage,svdd,0.1,0.1,6,6,6,0,0,1.0,0.16666666666666666,0.8333333333333334,0.6666666666666666,1.0,6,0,0,2000,case,20260927
niah_length,niah_multi,32768,full_cache_correct,leverage,svdd,0.1,0.1,6,6,6,0,0,1.0,0.16666666666666666,0.8333333333333334,0.6666666666666666,1.0,6,0,0,2000,case,20260927
niah_length,niah_multi,32768,all,leverage,svdd_prerope,0.1,0.1,6,6,6,0,0,1.0,0.08333333333333333,0.9166666666666666,0.75,1.0,6,0,0,2000,case,20260927
niah_length,niah_multi,32768,full_cache_correct,leverage,svdd_prerope,0.1,0.1,6,6,6,0,0,1.0,0.08333333333333333,0.9166666666666666,0.75,1.0,6,0,0,2000,case,20260927
niah_length,niah_multi,32768,all,leverage,full,0.2,1.0,6,6,6,0,0,1.0,1.0,0.0,0.0,0.0,0,6,0,2000,case,20260927
niah_length,niah_multi,32768,full_cache_correct,leverage,full,0.2,1.0,6,6,6,0,0,1.0,1.0,0.0,0.0,0.0,0,6,0,2000,case,20260927
niah_length,niah_multi,32768,all,leverage,keydiff,0.2,0.2,6,6,6,0,0,1.0,1.0,0.0,0.0,0.0,0,6,0,2000,case,20260927
niah_length,niah_multi,32768,full_cache_correct,leverage,keydiff,0.2,0.2,6,6,6,0,0,1.0,1.0,0.0,0.0,0.0,0,6,0,2000,case,20260927
niah_length,niah_multi,32768,all,leverage,knorm,0.2,0.2,6,6,6,0,0,1.0,0.0,1.0,1.0,1.0,6,0,0,2000,case,20260927
niah_length,niah_multi,32768,full_cache_correct,leverage,knorm,0.2,0.2,6,6,6,0,0,1.0,0.0,1.0,1.0,1.0,6,0,0,2000,case,20260927
niah_length,niah_multi,32768,all,leverage,random,0.2,0.2,6,6,6,0,0,1.0,0.0,1.0,1.0,1.0,6,0,0,2000,case,20260927
niah_length,niah_multi,32768,full_cache_correct,leverage,random,0.2,0.2,6,6,6,0,0,1.0,0.0,1.0,1.0,1.0,6,0,0,2000,case,20260927
niah_length,niah_multi,32768,all,leverage,snapkv,0.2,0.2,6,6,6,0,0,1.0,0.25,0.75,0.5833333333333334,0.9166666666666666,6,0,0,2000,case,20260927
niah_length,niah_multi,32768,full_cache_correct,leverage,snapkv,0.2,0.2,6,6,6,0,0,1.0,0.25,0.75,0.5833333333333334,0.9166666666666666,6,0,0,2000,case,20260927
niah_length,niah_multi,32768,all,leverage,streaming,0.2,0.2,6,6,6,0,0,1.0,0.3333333333333333,0.6666666666666666,0.5,0.8333333333333334,6,0,0,2000,case,20260927
niah_length,niah_multi,32768,full_cache_correct,leverage,streaming,0.2,0.2,6,6,6,0,0,1.0,0.3333333333333333,0.6666666666666666,0.5,0.8333333333333334,6,0,0,2000,case,20260927
niah_length,niah_multi,32768,all,leverage,svdd,0.2,0.2,6,6,6,0,0,1.0,0.5,0.5,0.25,0.75,5,1,0,2000,case,20260927
niah_length,niah_multi,32768,full_cache_correct,leverage,svdd,0.2,0.2,6,6,6,0,0,1.0,0.5,0.5,0.25,0.75,5,1,0,2000,case,20260927
niah_length,niah_multi,32768,all,leverage,svdd_prerope,0.2,0.2,6,6,6,0,0,1.0,0.5,0.5,0.25,0.75,5,1,0,2000,case,20260927
niah_length,niah_multi,32768,full_cache_correct,leverage,svdd_prerope,0.2,0.2,6,6,6,0,0,1.0,0.5,0.5,0.25,0.75,5,1,0,2000,case,20260927
niah_length,niah_multi,32768,all,leverage,full,0.5,1.0,6,6,6,0,0,1.0,1.0,0.0,0.0,0.0,0,6,0,2000,case,20260927
niah_length,niah_multi,32768,full_cache_correct,leverage,full,0.5,1.0,6,6,6,0,0,1.0,1.0,0.0,0.0,0.0,0,6,0,2000,case,20260927
niah_length,niah_multi,32768,all,leverage,keydiff,0.5,0.5,6,6,6,0,0,1.0,1.0,0.0,0.0,0.0,0,6,0,2000,case,20260927
niah_length,niah_multi,32768,full_cache_correct,leverage,keydiff,0.5,0.5,6,6,6,0,0,1.0,1.0,0.0,0.0,0.0,0,6,0,2000,case,20260927
niah_length,niah_multi,32768,all,leverage,knorm,0.5,0.5,6,6,6,0,0,1.0,0.08333333333333333,0.9166666666666666,0.75,1.0,6,0,0,2000,case,20260927
niah_length,niah_multi,32768,full_cache_correct,leverage,knorm,0.5,0.5,6,6,6,0,0,1.0,0.08333333333333333,0.9166666666666666,0.75,1.0,6,0,0,2000,case,20260927
niah_length,niah_multi,32768,all,leverage,random,0.5,0.5,6,6,6,0,0,1.0,0.08333333333333333,0.9166666666666666,0.75,1.0,6,0,0,2000,case,20260927
niah_length,niah_multi,32768,full_cache_correct,leverage,random,0.5,0.5,6,6,6,0,0,1.0,0.08333333333333333,0.9166666666666666,0.75,1.0,6,0,0,2000,case,20260927
niah_length,niah_multi,32768,all,leverage,snapkv,0.5,0.5,6,6,6,0,0,1.0,0.5,0.5,0.16666666666666666,0.8333333333333334,4,2,0,2000,case,20260927
niah_length,niah_multi,32768,full_cache_correct,leverage,snapkv,0.5,0.5,6,6,6,0,0,1.0,0.5,0.5,0.16666666666666666,0.8333333333333334,4,2,0,2000,case,20260927
niah_length,niah_multi,32768,all,leverage,streaming,0.5,0.5,6,6,6,0,0,1.0,0.5,0.5,0.5,0.5,6,0,0,2000,case,20260927
niah_length,niah_multi,32768,full_cache_correct,leverage,streaming,0.5,0.5,6,6,6,0,0,1.0,0.5,0.5,0.5,0.5,6,0,0,2000,case,20260927
niah_length,niah_multi,32768,all,leverage,svdd,0.5,0.5,6,6,6,0,0,1.0,0.75,0.25,0.08333333333333333,0.4166666666666667,3,3,0,2000,case,20260927
niah_length,niah_multi,32768,full_cache_correct,leverage,svdd,0.5,0.5,6,6,6,0,0,1.0,0.75,0.25,0.08333333333333333,0.4166666666666667,3,3,0,2000,case,20260927
niah_length,niah_multi,32768,all,leverage,svdd_prerope,0.5,0.5,6,6,6,0,0,1.0,0.6666666666666666,0.3333333333333333,0.16666666666666666,0.5,4,2,0,2000,case,20260927
niah_length,niah_multi,32768,full_cache_correct,leverage,svdd_prerope,0.5,0.5,6,6,6,0,0,1.0,0.6666666666666666,0.3333333333333333,0.16666666666666666,0.5,4,2,0,2000,case,20260927
niah_length,niah_multi,32768,all,random,full,0.1,1.0,6,6,6,0,0,0.0,1.0,-1.0,-1.0,-1.0,0,0,6,2000,case,20260927
niah_length,niah_multi,32768,full_cache_correct,random,full,0.1,1.0,6,6,6,0,0,0.0,1.0,-1.0,-1.0,-1.0,0,0,6,2000,case,20260927
niah_length,niah_multi,32768,all,random,keydiff,0.1,0.1,6,6,6,0,0,0.0,0.9166666666666666,-0.9166666666666666,-1.0,-0.75,0,0,6,2000,case,20260927
niah_length,niah_multi,32768,full_cache_correct,random,keydiff,0.1,0.1,6,6,6,0,0,0.0,0.9166666666666666,-0.9166666666666666,-1.0,-0.75,0,0,6,2000,case,20260927
niah_length,niah_multi,32768,all,random,knorm,0.1,0.1,6,6,6,0,0,0.0,0.0,0.0,0.0,0.0,0,6,0,2000,case,20260927
niah_length,niah_multi,32768,full_cache_correct,random,knorm,0.1,0.1,6,6,6,0,0,0.0,0.0,0.0,0.0,0.0,0,6,0,2000,case,20260927
niah_length,niah_multi,32768,all,random,leverage,0.1,0.1,6,6,6,0,0,0.0,1.0,-1.0,-1.0,-1.0,0,0,6,2000,case,20260927
niah_length,niah_multi,32768,full_cache_correct,random,leverage,0.1,0.1,6,6,6,0,0,0.0,1.0,-1.0,-1.0,-1.0,0,0,6,2000,case,20260927
niah_length,niah_multi,32768,all,random,snapkv,0.1,0.1,6,6,6,0,0,0.0,0.0,0.0,0.0,0.0,0,6,0,2000,case,20260927
niah_length,niah_multi,32768,full_cache_correct,random,snapkv,0.1,0.1,6,6,6,0,0,0.0,0.0,0.0,0.0,0.0,0,6,0,2000,case,20260927
niah_length,niah_multi,32768,all,random,streaming,0.1,0.1,6,6,6,0,0,0.0,0.0,0.0,0.0,0.0,0,6,0,2000,case,20260927
niah_length,niah_multi,32768,full_cache_correct,random,streaming,0.1,0.1,6,6,6,0,0,0.0,0.0,0.0,0.0,0.0,0,6,0,2000,case,20260927
niah_length,niah_multi,32768,all,random,svdd,0.1,0.1,6,6,6,0,0,0.0,0.16666666666666666,-0.16666666666666666,-0.3333333333333333,0.0,0,4,2,2000,case,20260927
niah_length,niah_multi,32768,full_cache_correct,random,svdd,0.1,0.1,6,6,6,0,0,0.0,0.16666666666666666,-0.16666666666666666,-0.3333333333333333,0.0,0,4,2,2000,case,20260927
niah_length,niah_multi,32768,all,random,svdd_prerope,0.1,0.1,6,6,6,0,0,0.0,0.08333333333333333,-0.08333333333333333,-0.25,0.0,0,5,1,2000,case,20260927
niah_length,niah_multi,32768,full_cache_correct,random,svdd_prerope,0.1,0.1,6,6,6,0,0,0.0,0.08333333333333333,-0.08333333333333333,-0.25,0.0,0,5,1,2000,case,20260927
niah_length,niah_multi,32768,all,random,full,0.2,1.0,6,6,6,0,0,0.0,1.0,-1.0,-1.0,-1.0,0,0,6,2000,case,20260927
niah_length,niah_multi,32768,full_cache_correct,random,full,0.2,1.0,6,6,6,0,0,0.0,1.0,-1.0,-1.0,-1.0,0,0,6,2000,case,20260927
niah_length,niah_multi,32768,all,random,keydiff,0.2,0.2,6,6,6,0,0,0.0,1.0,-1.0,-1.0,-1.0,0,0,6,2000,case,20260927
niah_length,niah_multi,32768,full_cache_correct,random,keydiff,0.2,0.2,6,6,6,0,0,0.0,1.0,-1.0,-1.0,-1.0,0,0,6,2000,case,20260927
niah_length,niah_multi,32768,all,random,knorm,0.2,0.2,6,6,6,0,0,0.0,0.0,0.0,0.0,0.0,0,6,0,2000,case,20260927
niah_length,niah_multi,32768,full_cache_correct,random,knorm,0.2,0.2,6,6,6,0,0,0.0,0.0,0.0,0.0,0.0,0,6,0,2000,case,20260927
niah_length,niah_multi,32768,all,random,leverage,0.2,0.2,6,6,6,0,0,0.0,1.0,-1.0,-1.0,-1.0,0,0,6,2000,case,20260927
niah_length,niah_multi,32768,full_cache_correct,random,leverage,0.2,0.2,6,6,6,0,0,0.0,1.0,-1.0,-1.0,-1.0,0,0,6,2000,case,20260927
niah_length,niah_multi,32768,all,random,snapkv,0.2,0.2,6,6,6,0,0,0.0,0.25,-0.25,-0.4166666666666667,-0.08333333333333333,0,3,3,2000,case,20260927
niah_length,niah_multi,32768,full_cache_correct,random,snapkv,0.2,0.2,6,6,6,0,0,0.0,0.25,-0.25,-0.4166666666666667,-0.08333333333333333,0,3,3,2000,case,20260927
niah_length,niah_multi,32768,all,random,streaming,0.2,0.2,6,6,6,0,0,0.0,0.3333333333333333,-0.3333333333333333,-0.5,-0.16666666666666666,0,2,4,2000,case,20260927
niah_length,niah_multi,32768,full_cache_correct,random,streaming,0.2,0.2,6,6,6,0,0,0.0,0.3333333333333333,-0.3333333333333333,-0.5,-0.16666666666666666,0,2,4,2000,case,20260927
niah_length,niah_multi,32768,all,random,svdd,0.2,0.2,6,6,6,0,0,0.0,0.5,-0.5,-0.75,-0.25,0,1,5,2000,case,20260927
niah_length,niah_multi,32768,full_cache_correct,random,svdd,0.2,0.2,6,6,6,0,0,0.0,0.5,-0.5,-0.75,-0.25,0,1,5,2000,case,20260927
niah_length,niah_multi,32768,all,random,svdd_prerope,0.2,0.2,6,6,6,0,0,0.0,0.5,-0.5,-0.75,-0.25,0,1,5,2000,case,20260927
niah_length,niah_multi,32768,full_cache_correct,random,svdd_prerope,0.2,0.2,6,6,6,0,0,0.0,0.5,-0.5,-0.75,-0.25,0,1,5,2000,case,20260927
niah_length,niah_multi,32768,all,random,full,0.5,1.0,6,6,6,0,0,0.08333333333333333,1.0,-0.9166666666666666,-1.0,-0.75,0,0,6,2000,case,20260927
niah_length,niah_multi,32768,full_cache_correct,random,full,0.5,1.0,6,6,6,0,0,0.08333333333333333,1.0,-0.9166666666666666,-1.0,-0.75,0,0,6,2000,case,20260927
niah_length,niah_multi,32768,all,random,keydiff,0.5,0.5,6,6,6,0,0,0.08333333333333333,1.0,-0.9166666666666666,-1.0,-0.75,0,0,6,2000,case,20260927
niah_length,niah_multi,32768,full_cache_correct,random,keydiff,0.5,0.5,6,6,6,0,0,0.08333333333333333,1.0,-0.9166666666666666,-1.0,-0.75,0,0,6,2000,case,20260927
niah_length,niah_multi,32768,all,random,knorm,0.5,0.5,6,6,6,0,0,0.08333333333333333,0.08333333333333333,0.0,-0.25,0.25,1,4,1,2000,case,20260927
niah_length,niah_multi,32768,full_cache_correct,random,knorm,0.5,0.5,6,6,6,0,0,0.08333333333333333,0.08333333333333333,0.0,-0.25,0.25,1,4,1,2000,case,20260927
niah_length,niah_multi,32768,all,random,leverage,0.5,0.5,6,6,6,0,0,0.08333333333333333,1.0,-0.9166666666666666,-1.0,-0.75,0,0,6,2000,case,20260927
niah_length,niah_multi,32768,full_cache_correct,random,leverage,0.5,0.5,6,6,6,0,0,0.08333333333333333,1.0,-0.9166666666666666,-1.0,-0.75,0,0,6,2000,case,20260927
niah_length,niah_multi,32768,all,random,snapkv,0.5,0.5,6,6,6,0,0,0.08333333333333333,0.5,-0.4166666666666667,-0.6666666666666666,-0.16666666666666666,0,2,4,2000,case,20260927
niah_length,niah_multi,32768,full_cache_correct,random,snapkv,0.5,0.5,6,6,6,0,0,0.08333333333333333,0.5,-0.4166666666666667,-0.6666666666666666,-0.16666666666666666,0,2,4,2000,case,20260927
niah_length,niah_multi,32768,all,random,streaming,0.5,0.5,6,6,6,0,0,0.08333333333333333,0.5,-0.4166666666666667,-0.5,-0.25,0,1,5,2000,case,20260927
niah_length,niah_multi,32768,full_cache_correct,random,streaming,0.5,0.5,6,6,6,0,0,0.08333333333333333,0.5,-0.4166666666666667,-0.5,-0.25,0,1,5,2000,case,20260927
niah_length,niah_multi,32768,all,random,svdd,0.5,0.5,6,6,6,0,0,0.08333333333333333,0.75,-0.6666666666666666,-0.9166666666666666,-0.3333333333333333,0,1,5,2000,case,20260927
niah_length,niah_multi,32768,full_cache_correct,random,svdd,0.5,0.5,6,6,6,0,0,0.08333333333333333,0.75,-0.6666666666666666,-0.9166666666666666,-0.3333333333333333,0,1,5,2000,case,20260927
niah_length,niah_multi,32768,all,random,svdd_prerope,0.5,0.5,6,6,6,0,0,0.08333333333333333,0.6666666666666666,-0.5833333333333334,-0.8333333333333334,-0.3333333333333333,0,1,5,2000,case,20260927
niah_length,niah_multi,32768,full_cache_correct,random,svdd_prerope,0.5,0.5,6,6,6,0,0,0.08333333333333333,0.6666666666666666,-0.5833333333333334,-0.8333333333333334,-0.3333333333333333,0,1,5,2000,case,20260927
niah_length,niah_multi,32768,all,snapkv,full,0.1,1.0,6,6,6,0,0,0.0,1.0,-1.0,-1.0,-1.0,0,0,6,2000,case,20260927
niah_length,niah_multi,32768,full_cache_correct,snapkv,full,0.1,1.0,6,6,6,0,0,0.0,1.0,-1.0,-1.0,-1.0,0,0,6,2000,case,20260927
niah_length,niah_multi,32768,all,snapkv,keydiff,0.1,0.1,6,6,6,0,0,0.0,0.9166666666666666,-0.9166666666666666,-1.0,-0.75,0,0,6,2000,case,20260927
niah_length,niah_multi,32768,full_cache_correct,snapkv,keydiff,0.1,0.1,6,6,6,0,0,0.0,0.9166666666666666,-0.9166666666666666,-1.0,-0.75,0,0,6,2000,case,20260927
niah_length,niah_multi,32768,all,snapkv,knorm,0.1,0.1,6,6,6,0,0,0.0,0.0,0.0,0.0,0.0,0,6,0,2000,case,20260927
niah_length,niah_multi,32768,full_cache_correct,snapkv,knorm,0.1,0.1,6,6,6,0,0,0.0,0.0,0.0,0.0,0.0,0,6,0,2000,case,20260927
niah_length,niah_multi,32768,all,snapkv,leverage,0.1,0.1,6,6,6,0,0,0.0,1.0,-1.0,-1.0,-1.0,0,0,6,2000,case,20260927
niah_length,niah_multi,32768,full_cache_correct,snapkv,leverage,0.1,0.1,6,6,6,0,0,0.0,1.0,-1.0,-1.0,-1.0,0,0,6,2000,case,20260927
niah_length,niah_multi,32768,all,snapkv,random,0.1,0.1,6,6,6,0,0,0.0,0.0,0.0,0.0,0.0,0,6,0,2000,case,20260927
niah_length,niah_multi,32768,full_cache_correct,snapkv,random,0.1,0.1,6,6,6,0,0,0.0,0.0,0.0,0.0,0.0,0,6,0,2000,case,20260927
niah_length,niah_multi,32768,all,snapkv,streaming,0.1,0.1,6,6,6,0,0,0.0,0.0,0.0,0.0,0.0,0,6,0,2000,case,20260927
niah_length,niah_multi,32768,full_cache_correct,snapkv,streaming,0.1,0.1,6,6,6,0,0,0.0,0.0,0.0,0.0,0.0,0,6,0,2000,case,20260927
niah_length,niah_multi,32768,all,snapkv,svdd,0.1,0.1,6,6,6,0,0,0.0,0.16666666666666666,-0.16666666666666666,-0.3333333333333333,0.0,0,4,2,2000,case,20260927
niah_length,niah_multi,32768,full_cache_correct,snapkv,svdd,0.1,0.1,6,6,6,0,0,0.0,0.16666666666666666,-0.16666666666666666,-0.3333333333333333,0.0,0,4,2,2000,case,20260927
niah_length,niah_multi,32768,all,snapkv,svdd_prerope,0.1,0.1,6,6,6,0,0,0.0,0.08333333333333333,-0.08333333333333333,-0.25,0.0,0,5,1,2000,case,20260927
niah_length,niah_multi,32768,full_cache_correct,snapkv,svdd_prerope,0.1,0.1,6,6,6,0,0,0.0,0.08333333333333333,-0.08333333333333333,-0.25,0.0,0,5,1,2000,case,20260927
niah_length,niah_multi,32768,all,snapkv,full,0.2,1.0,6,6,6,0,0,0.25,1.0,-0.75,-0.9166666666666666,-0.5833333333333334,0,0,6,2000,case,20260927
niah_length,niah_multi,32768,full_cache_correct,snapkv,full,0.2,1.0,6,6,6,0,0,0.25,1.0,-0.75,-0.9166666666666666,-0.5833333333333334,0,0,6,2000,case,20260927
niah_length,niah_multi,32768,all,snapkv,keydiff,0.2,0.2,6,6,6,0,0,0.25,1.0,-0.75,-0.9166666666666666,-0.5833333333333334,0,0,6,2000,case,20260927
niah_length,niah_multi,32768,full_cache_correct,snapkv,keydiff,0.2,0.2,6,6,6,0,0,0.25,1.0,-0.75,-0.9166666666666666,-0.5833333333333334,0,0,6,2000,case,20260927
niah_length,niah_multi,32768,all,snapkv,knorm,0.2,0.2,6,6,6,0,0,0.25,0.0,0.25,0.08333333333333333,0.4166666666666667,3,3,0,2000,case,20260927
niah_length,niah_multi,32768,full_cache_correct,snapkv,knorm,0.2,0.2,6,6,6,0,0,0.25,0.0,0.25,0.08333333333333333,0.4166666666666667,3,3,0,2000,case,20260927
niah_length,niah_multi,32768,all,snapkv,leverage,0.2,0.2,6,6,6,0,0,0.25,1.0,-0.75,-0.9166666666666666,-0.5833333333333334,0,0,6,2000,case,20260927
niah_length,niah_multi,32768,full_cache_correct,snapkv,leverage,0.2,0.2,6,6,6,0,0,0.25,1.0,-0.75,-0.9166666666666666,-0.5833333333333334,0,0,6,2000,case,20260927
niah_length,niah_multi,32768,all,snapkv,random,0.2,0.2,6,6,6,0,0,0.25,0.0,0.25,0.08333333333333333,0.4166666666666667,3,3,0,2000,case,20260927
niah_length,niah_multi,32768,full_cache_correct,snapkv,random,0.2,0.2,6,6,6,0,0,0.25,0.0,0.25,0.08333333333333333,0.4166666666666667,3,3,0,2000,case,20260927
niah_length,niah_multi,32768,all,snapkv,streaming,0.2,0.2,6,6,6,0,0,0.25,0.3333333333333333,-0.08333333333333333,-0.25,0.0,0,5,1,2000,case,20260927
niah_length,niah_multi,32768,full_cache_correct,snapkv,streaming,0.2,0.2,6,6,6,0,0,0.25,0.3333333333333333,-0.08333333333333333,-0.25,0.0,0,5,1,2000,case,20260927
niah_length,niah_multi,32768,all,snapkv,svdd,0.2,0.2,6,6,6,0,0,0.25,0.5,-0.25,-0.5833333333333334,0.16666666666666666,1,2,3,2000,case,20260927
niah_length,niah_multi,32768,full_cache_correct,snapkv,svdd,0.2,0.2,6,6,6,0,0,0.25,0.5,-0.25,-0.6666666666666666,0.08333333333333333,1,2,3,2000,case,20260927
niah_length,niah_multi,32768,all,snapkv,svdd_prerope,0.2,0.2,6,6,6,0,0,0.25,0.5,-0.25,-0.6666666666666666,0.08333333333333333,1,2,3,2000,case,20260927
niah_length,niah_multi,32768,full_cache_correct,snapkv,svdd_prerope,0.2,0.2,6,6,6,0,0,0.25,0.5,-0.25,-0.5833333333333334,0.16666666666666666,1,2,3,2000,case,20260927
niah_length,niah_multi,32768,all,snapkv,full,0.5,1.0,6,6,6,0,0,0.5,1.0,-0.5,-0.8333333333333334,-0.16666666666666666,0,2,4,2000,case,20260927
niah_length,niah_multi,32768,full_cache_correct,snapkv,full,0.5,1.0,6,6,6,0,0,0.5,1.0,-0.5,-0.8333333333333334,-0.16666666666666666,0,2,4,2000,case,20260927
niah_length,niah_multi,32768,all,snapkv,keydiff,0.5,0.5,6,6,6,0,0,0.5,1.0,-0.5,-0.8333333333333334,-0.16666666666666666,0,2,4,2000,case,20260927
niah_length,niah_multi,32768,full_cache_correct,snapkv,keydiff,0.5,0.5,6,6,6,0,0,0.5,1.0,-0.5,-0.8333333333333334,-0.16666666666666666,0,2,4,2000,case,20260927
niah_length,niah_multi,32768,all,snapkv,knorm,0.5,0.5,6,6,6,0,0,0.5,0.08333333333333333,0.4166666666666667,0.16666666666666666,0.6666666666666666,4,2,0,2000,case,20260927
niah_length,niah_multi,32768,full_cache_correct,snapkv,knorm,0.5,0.5,6,6,6,0,0,0.5,0.08333333333333333,0.4166666666666667,0.16666666666666666,0.6666666666666666,4,2,0,2000,case,20260927
niah_length,niah_multi,32768,all,snapkv,leverage,0.5,0.5,6,6,6,0,0,0.5,1.0,-0.5,-0.8333333333333334,-0.16666666666666666,0,2,4,2000,case,20260927
niah_length,niah_multi,32768,full_cache_correct,snapkv,leverage,0.5,0.5,6,6,6,0,0,0.5,1.0,-0.5,-0.8333333333333334,-0.16666666666666666,0,2,4,2000,case,20260927
niah_length,niah_multi,32768,all,snapkv,random,0.5,0.5,6,6,6,0,0,0.5,0.08333333333333333,0.4166666666666667,0.16666666666666666,0.6666666666666666,4,2,0,2000,case,20260927
niah_length,niah_multi,32768,full_cache_correct,snapkv,random,0.5,0.5,6,6,6,0,0,0.5,0.08333333333333333,0.4166666666666667,0.16666666666666666,0.6666666666666666,4,2,0,2000,case,20260927
niah_length,niah_multi,32768,all,snapkv,streaming,0.5,0.5,6,6,6,0,0,0.5,0.5,0.0,-0.3333333333333333,0.3333333333333333,2,2,2,2000,case,20260927
niah_length,niah_multi,32768,full_cache_correct,snapkv,streaming,0.5,0.5,6,6,6,0,0,0.5,0.5,0.0,-0.3333333333333333,0.3333333333333333,2,2,2,2000,case,20260927
niah_length,niah_multi,32768,all,snapkv,svdd,0.5,0.5,6,6,6,0,0,0.5,0.75,-0.25,-0.6666666666666666,0.16666666666666666,2,0,4,2000,case,20260927
niah_length,niah_multi,32768,full_cache_correct,snapkv,svdd,0.5,0.5,6,6,6,0,0,0.5,0.75,-0.25,-0.6666666666666666,0.16666666666666666,2,0,4,2000,case,20260927
niah_length,niah_multi,32768,all,snapkv,svdd_prerope,0.5,0.5,6,6,6,0,0,0.5,0.6666666666666666,-0.16666666666666666,-0.5833333333333334,0.25,2,1,3,2000,case,20260927
niah_length,niah_multi,32768,full_cache_correct,snapkv,svdd_prerope,0.5,0.5,6,6,6,0,0,0.5,0.6666666666666666,-0.16666666666666666,-0.5833333333333334,0.25,2,1,3,2000,case,20260927
niah_length,niah_multi,32768,all,streaming,full,0.1,1.0,6,6,6,0,0,0.0,1.0,-1.0,-1.0,-1.0,0,0,6,2000,case,20260927
niah_length,niah_multi,32768,full_cache_correct,streaming,full,0.1,1.0,6,6,6,0,0,0.0,1.0,-1.0,-1.0,-1.0,0,0,6,2000,case,20260927
niah_length,niah_multi,32768,all,streaming,keydiff,0.1,0.1,6,6,6,0,0,0.0,0.9166666666666666,-0.9166666666666666,-1.0,-0.75,0,0,6,2000,case,20260927
niah_length,niah_multi,32768,full_cache_correct,streaming,keydiff,0.1,0.1,6,6,6,0,0,0.0,0.9166666666666666,-0.9166666666666666,-1.0,-0.75,0,0,6,2000,case,20260927
niah_length,niah_multi,32768,all,streaming,knorm,0.1,0.1,6,6,6,0,0,0.0,0.0,0.0,0.0,0.0,0,6,0,2000,case,20260927
niah_length,niah_multi,32768,full_cache_correct,streaming,knorm,0.1,0.1,6,6,6,0,0,0.0,0.0,0.0,0.0,0.0,0,6,0,2000,case,20260927
niah_length,niah_multi,32768,all,streaming,leverage,0.1,0.1,6,6,6,0,0,0.0,1.0,-1.0,-1.0,-1.0,0,0,6,2000,case,20260927
niah_length,niah_multi,32768,full_cache_correct,streaming,leverage,0.1,0.1,6,6,6,0,0,0.0,1.0,-1.0,-1.0,-1.0,0,0,6,2000,case,20260927
niah_length,niah_multi,32768,all,streaming,random,0.1,0.1,6,6,6,0,0,0.0,0.0,0.0,0.0,0.0,0,6,0,2000,case,20260927
niah_length,niah_multi,32768,full_cache_correct,streaming,random,0.1,0.1,6,6,6,0,0,0.0,0.0,0.0,0.0,0.0,0,6,0,2000,case,20260927
niah_length,niah_multi,32768,all,streaming,snapkv,0.1,0.1,6,6,6,0,0,0.0,0.0,0.0,0.0,0.0,0,6,0,2000,case,20260927
niah_length,niah_multi,32768,full_cache_correct,streaming,snapkv,0.1,0.1,6,6,6,0,0,0.0,0.0,0.0,0.0,0.0,0,6,0,2000,case,20260927
niah_length,niah_multi,32768,all,streaming,svdd,0.1,0.1,6,6,6,0,0,0.0,0.16666666666666666,-0.16666666666666666,-0.3333333333333333,0.0,0,4,2,2000,case,20260927
niah_length,niah_multi,32768,full_cache_correct,streaming,svdd,0.1,0.1,6,6,6,0,0,0.0,0.16666666666666666,-0.16666666666666666,-0.3333333333333333,0.0,0,4,2,2000,case,20260927
niah_length,niah_multi,32768,all,streaming,svdd_prerope,0.1,0.1,6,6,6,0,0,0.0,0.08333333333333333,-0.08333333333333333,-0.25,0.0,0,5,1,2000,case,20260927
niah_length,niah_multi,32768,full_cache_correct,streaming,svdd_prerope,0.1,0.1,6,6,6,0,0,0.0,0.08333333333333333,-0.08333333333333333,-0.25,0.0,0,5,1,2000,case,20260927
niah_length,niah_multi,32768,all,streaming,full,0.2,1.0,6,6,6,0,0,0.3333333333333333,1.0,-0.6666666666666666,-0.8333333333333334,-0.5,0,0,6,2000,case,20260927
niah_length,niah_multi,32768,full_cache_correct,streaming,full,0.2,1.0,6,6,6,0,0,0.3333333333333333,1.0,-0.6666666666666666,-0.8333333333333334,-0.5,0,0,6,2000,case,20260927
niah_length,niah_multi,32768,all,streaming,keydiff,0.2,0.2,6,6,6,0,0,0.3333333333333333,1.0,-0.6666666666666666,-0.8333333333333334,-0.5,0,0,6,2000,case,20260927
niah_length,niah_multi,32768,full_cache_correct,streaming,keydiff,0.2,0.2,6,6,6,0,0,0.3333333333333333,1.0,-0.6666666666666666,-0.8333333333333334,-0.5,0,0,6,2000,case,20260927
niah_length,niah_multi,32768,all,streaming,knorm,0.2,0.2,6,6,6,0,0,0.3333333333333333,0.0,0.3333333333333333,0.16666666666666666,0.5,4,2,0,2000,case,20260927
niah_length,niah_multi,32768,full_cache_correct,streaming,knorm,0.2,0.2,6,6,6,0,0,0.3333333333333333,0.0,0.3333333333333333,0.16666666666666666,0.5,4,2,0,2000,case,20260927
niah_length,niah_multi,32768,all,streaming,leverage,0.2,0.2,6,6,6,0,0,0.3333333333333333,1.0,-0.6666666666666666,-0.8333333333333334,-0.5,0,0,6,2000,case,20260927
niah_length,niah_multi,32768,full_cache_correct,streaming,leverage,0.2,0.2,6,6,6,0,0,0.3333333333333333,1.0,-0.6666666666666666,-0.8333333333333334,-0.5,0,0,6,2000,case,20260927
niah_length,niah_multi,32768,all,streaming,random,0.2,0.2,6,6,6,0,0,0.3333333333333333,0.0,0.3333333333333333,0.16666666666666666,0.5,4,2,0,2000,case,20260927
niah_length,niah_multi,32768,full_cache_correct,streaming,random,0.2,0.2,6,6,6,0,0,0.3333333333333333,0.0,0.3333333333333333,0.16666666666666666,0.5,4,2,0,2000,case,20260927
niah_length,niah_multi,32768,all,streaming,snapkv,0.2,0.2,6,6,6,0,0,0.3333333333333333,0.25,0.08333333333333333,0.0,0.25,1,5,0,2000,case,20260927
niah_length,niah_multi,32768,full_cache_correct,streaming,snapkv,0.2,0.2,6,6,6,0,0,0.3333333333333333,0.25,0.08333333333333333,0.0,0.25,1,5,0,2000,case,20260927
niah_length,niah_multi,32768,all,streaming,svdd,0.2,0.2,6,6,6,0,0,0.3333333333333333,0.5,-0.16666666666666666,-0.5833333333333334,0.16666666666666666,1,3,2,2000,case,20260927
niah_length,niah_multi,32768,full_cache_correct,streaming,svdd,0.2,0.2,6,6,6,0,0,0.3333333333333333,0.5,-0.16666666666666666,-0.5020833333333332,0.16666666666666666,1,3,2,2000,case,20260927
niah_length,niah_multi,32768,all,streaming,svdd_prerope,0.2,0.2,6,6,6,0,0,0.3333333333333333,0.5,-0.16666666666666666,-0.4166666666666667,0.16666666666666666,1,2,3,2000,case,20260927
niah_length,niah_multi,32768,full_cache_correct,streaming,svdd_prerope,0.2,0.2,6,6,6,0,0,0.3333333333333333,0.5,-0.16666666666666666,-0.4166666666666667,0.16666666666666666,1,2,3,2000,case,20260927
niah_length,niah_multi,32768,all,streaming,full,0.5,1.0,6,6,6,0,0,0.5,1.0,-0.5,-0.5,-0.5,0,0,6,2000,case,20260927
niah_length,niah_multi,32768,full_cache_correct,streaming,full,0.5,1.0,6,6,6,0,0,0.5,1.0,-0.5,-0.5,-0.5,0,0,6,2000,case,20260927
niah_length,niah_multi,32768,all,streaming,keydiff,0.5,0.5,6,6,6,0,0,0.5,1.0,-0.5,-0.5,-0.5,0,0,6,2000,case,20260927
niah_length,niah_multi,32768,full_cache_correct,streaming,keydiff,0.5,0.5,6,6,6,0,0,0.5,1.0,-0.5,-0.5,-0.5,0,0,6,2000,case,20260927
niah_length,niah_multi,32768,all,streaming,knorm,0.5,0.5,6,6,6,0,0,0.5,0.08333333333333333,0.4166666666666667,0.25,0.5,5,1,0,2000,case,20260927
niah_length,niah_multi,32768,full_cache_correct,streaming,knorm,0.5,0.5,6,6,6,0,0,0.5,0.08333333333333333,0.4166666666666667,0.25,0.5,5,1,0,2000,case,20260927
niah_length,niah_multi,32768,all,streaming,leverage,0.5,0.5,6,6,6,0,0,0.5,1.0,-0.5,-0.5,-0.5,0,0,6,2000,case,20260927
niah_length,niah_multi,32768,full_cache_correct,streaming,leverage,0.5,0.5,6,6,6,0,0,0.5,1.0,-0.5,-0.5,-0.5,0,0,6,2000,case,20260927
niah_length,niah_multi,32768,all,streaming,random,0.5,0.5,6,6,6,0,0,0.5,0.08333333333333333,0.4166666666666667,0.25,0.5,5,1,0,2000,case,20260927
niah_length,niah_multi,32768,full_cache_correct,streaming,random,0.5,0.5,6,6,6,0,0,0.5,0.08333333333333333,0.4166666666666667,0.25,0.5,5,1,0,2000,case,20260927
niah_length,niah_multi,32768,all,streaming,snapkv,0.5,0.5,6,6,6,0,0,0.5,0.5,0.0,-0.3333333333333333,0.3333333333333333,2,2,2,2000,case,20260927
niah_length,niah_multi,32768,full_cache_correct,streaming,snapkv,0.5,0.5,6,6,6,0,0,0.5,0.5,0.0,-0.3333333333333333,0.3333333333333333,2,2,2,2000,case,20260927
niah_length,niah_multi,32768,all,streaming,svdd,0.5,0.5,6,6,6,0,0,0.5,0.75,-0.25,-0.4166666666666667,-0.08333333333333333,0,3,3,2000,case,20260927
niah_length,niah_multi,32768,full_cache_correct,streaming,svdd,0.5,0.5,6,6,6,0,0,0.5,0.75,-0.25,-0.4166666666666667,-0.08333333333333333,0,3,3,2000,case,20260927
niah_length,niah_multi,32768,all,streaming,svdd_prerope,0.5,0.5,6,6,6,0,0,0.5,0.6666666666666666,-0.16666666666666666,-0.3333333333333333,0.0,0,4,2,2000,case,20260927
niah_length,niah_multi,32768,full_cache_correct,streaming,svdd_prerope,0.5,0.5,6,6,6,0,0,0.5,0.6666666666666666,-0.16666666666666666,-0.3333333333333333,0.0,0,4,2,2000,case,20260927
niah_length,niah_multi,32768,all,svdd,full,0.1,1.0,6,6,6,0,0,0.16666666666666666,1.0,-0.8333333333333334,-1.0,-0.6666666666666666,0,0,6,2000,case,20260927
niah_length,niah_multi,32768,full_cache_correct,svdd,full,0.1,1.0,6,6,6,0,0,0.16666666666666666,1.0,-0.8333333333333334,-1.0,-0.6666666666666666,0,0,6,2000,case,20260927
niah_length,niah_multi,32768,all,svdd,keydiff,0.1,0.1,6,6,6,0,0,0.16666666666666666,0.9166666666666666,-0.75,-0.9166666666666666,-0.5833333333333334,0,0,6,2000,case,20260927
niah_length,niah_multi,32768,full_cache_correct,svdd,keydiff,0.1,0.1,6,6,6,0,0,0.16666666666666666,0.9166666666666666,-0.75,-0.9166666666666666,-0.5833333333333334,0,0,6,2000,case,20260927
niah_length,niah_multi,32768,all,svdd,knorm,0.1,0.1,6,6,6,0,0,0.16666666666666666,0.0,0.16666666666666666,0.0,0.3333333333333333,2,4,0,2000,case,20260927
niah_length,niah_multi,32768,full_cache_correct,svdd,knorm,0.1,0.1,6,6,6,0,0,0.16666666666666666,0.0,0.16666666666666666,0.0,0.3333333333333333,2,4,0,2000,case,20260927
niah_length,niah_multi,32768,all,svdd,leverage,0.1,0.1,6,6,6,0,0,0.16666666666666666,1.0,-0.8333333333333334,-1.0,-0.6666666666666666,0,0,6,2000,case,20260927
niah_length,niah_multi,32768,full_cache_correct,svdd,leverage,0.1,0.1,6,6,6,0,0,0.16666666666666666,1.0,-0.8333333333333334,-1.0,-0.6666666666666666,0,0,6,2000,case,20260927
niah_length,niah_multi,32768,all,svdd,random,0.1,0.1,6,6,6,0,0,0.16666666666666666,0.0,0.16666666666666666,0.0,0.3333333333333333,2,4,0,2000,case,20260927
niah_length,niah_multi,32768,full_cache_correct,svdd,random,0.1,0.1,6,6,6,0,0,0.16666666666666666,0.0,0.16666666666666666,0.0,0.3333333333333333,2,4,0,2000,case,20260927
niah_length,niah_multi,32768,all,svdd,snapkv,0.1,0.1,6,6,6,0,0,0.16666666666666666,0.0,0.16666666666666666,0.0,0.4166666666666667,2,4,0,2000,case,20260927
niah_length,niah_multi,32768,full_cache_correct,svdd,snapkv,0.1,0.1,6,6,6,0,0,0.16666666666666666,0.0,0.16666666666666666,0.0,0.3333333333333333,2,4,0,2000,case,20260927
niah_length,niah_multi,32768,all,svdd,streaming,0.1,0.1,6,6,6,0,0,0.16666666666666666,0.0,0.16666666666666666,0.0,0.3333333333333333,2,4,0,2000,case,20260927
niah_length,niah_multi,32768,full_cache_correct,svdd,streaming,0.1,0.1,6,6,6,0,0,0.16666666666666666,0.0,0.16666666666666666,0.0,0.3333333333333333,2,4,0,2000,case,20260927
niah_length,niah_multi,32768,all,svdd,svdd_prerope,0.1,0.1,6,6,6,0,0,0.16666666666666666,0.08333333333333333,0.08333333333333333,0.0,0.25,1,5,0,2000,case,20260927
niah_length,niah_multi,32768,full_cache_correct,svdd,svdd_prerope,0.1,0.1,6,6,6,0,0,0.16666666666666666,0.08333333333333333,0.08333333333333333,0.0,0.25,1,5,0,2000,case,20260927
niah_length,niah_multi,32768,all,svdd,full,0.2,1.0,6,6,6,0,0,0.5,1.0,-0.5,-0.75,-0.25,0,1,5,2000,case,20260927
niah_length,niah_multi,32768,full_cache_correct,svdd,full,0.2,1.0,6,6,6,0,0,0.5,1.0,-0.5,-0.75,-0.25,0,1,5,2000,case,20260927
niah_length,niah_multi,32768,all,svdd,keydiff,0.2,0.2,6,6,6,0,0,0.5,1.0,-0.5,-0.75,-0.25,0,1,5,2000,case,20260927
niah_length,niah_multi,32768,full_cache_correct,svdd,keydiff,0.2,0.2,6,6,6,0,0,0.5,1.0,-0.5,-0.75,-0.25,0,1,5,2000,case,20260927
niah_length,niah_multi,32768,all,svdd,knorm,0.2,0.2,6,6,6,0,0,0.5,0.0,0.5,0.25,0.75,5,1,0,2000,case,20260927
niah_length,niah_multi,32768,full_cache_correct,svdd,knorm,0.2,0.2,6,6,6,0,0,0.5,0.0,0.5,0.25,0.75,5,1,0,2000,case,20260927
niah_length,niah_multi,32768,all,svdd,leverage,0.2,0.2,6,6,6,0,0,0.5,1.0,-0.5,-0.75,-0.25,0,1,5,2000,case,20260927
niah_length,niah_multi,32768,full_cache_correct,svdd,leverage,0.2,0.2,6,6,6,0,0,0.5,1.0,-0.5,-0.75,-0.25,0,1,5,2000,case,20260927
niah_length,niah_multi,32768,all,svdd,random,0.2,0.2,6,6,6,0,0,0.5,0.0,0.5,0.25,0.75,5,1,0,2000,case,20260927
niah_length,niah_multi,32768,full_cache_correct,svdd,random,0.2,0.2,6,6,6,0,0,0.5,0.0,0.5,0.25,0.75,5,1,0,2000,case,20260927
niah_length,niah_multi,32768,all,svdd,snapkv,0.2,0.2,6,6,6,0,0,0.5,0.25,0.25,-0.16666666666666666,0.5833333333333334,3,2,1,2000,case,20260927
niah_length,niah_multi,32768,full_cache_correct,svdd,snapkv,0.2,0.2,6,6,6,0,0,0.5,0.25,0.25,-0.16666666666666666,0.6666666666666666,3,2,1,2000,case,20260927
niah_length,niah_multi,32768,all,svdd,streaming,0.2,0.2,6,6,6,0,0,0.5,0.3333333333333333,0.16666666666666666,-0.16666666666666666,0.5833333333333334,2,3,1,2000,case,20260927
niah_length,niah_multi,32768,full_cache_correct,svdd,streaming,0.2,0.2,6,6,6,0,0,0.5,0.3333333333333333,0.16666666666666666,-0.16666666666666666,0.5833333333333334,2,3,1,2000,case,20260927
niah_length,niah_multi,32768,all,svdd,svdd_prerope,0.2,0.2,6,6,6,0,0,0.5,0.5,0.0,-0.3333333333333333,0.3333333333333333,2,2,2,2000,case,20260927
niah_length,niah_multi,32768,full_cache_correct,svdd,svdd_prerope,0.2,0.2,6,6,6,0,0,0.5,0.5,0.0,-0.3333333333333333,0.3333333333333333,2,2,2,2000,case,20260927
niah_length,niah_multi,32768,all,svdd,full,0.5,1.0,6,6,6,0,0,0.75,1.0,-0.25,-0.4166666666666667,-0.08333333333333333,0,3,3,2000,case,20260927
niah_length,niah_multi,32768,full_cache_correct,svdd,full,0.5,1.0,6,6,6,0,0,0.75,1.0,-0.25,-0.4166666666666667,-0.08333333333333333,0,3,3,2000,case,20260927
niah_length,niah_multi,32768,all,svdd,keydiff,0.5,0.5,6,6,6,0,0,0.75,1.0,-0.25,-0.4166666666666667,-0.08333333333333333,0,3,3,2000,case,20260927
niah_length,niah_multi,32768,full_cache_correct,svdd,keydiff,0.5,0.5,6,6,6,0,0,0.75,1.0,-0.25,-0.4166666666666667,-0.08333333333333333,0,3,3,2000,case,20260927
niah_length,niah_multi,32768,all,svdd,knorm,0.5,0.5,6,6,6,0,0,0.75,0.08333333333333333,0.6666666666666666,0.3333333333333333,0.9166666666666666,5,1,0,2000,case,20260927
niah_length,niah_multi,32768,full_cache_correct,svdd,knorm,0.5,0.5,6,6,6,0,0,0.75,0.08333333333333333,0.6666666666666666,0.3333333333333333,0.9166666666666666,5,1,0,2000,case,20260927
niah_length,niah_multi,32768,all,svdd,leverage,0.5,0.5,6,6,6,0,0,0.75,1.0,-0.25,-0.4166666666666667,-0.08333333333333333,0,3,3,2000,case,20260927
niah_length,niah_multi,32768,full_cache_correct,svdd,leverage,0.5,0.5,6,6,6,0,0,0.75,1.0,-0.25,-0.4166666666666667,-0.08333333333333333,0,3,3,2000,case,20260927
niah_length,niah_multi,32768,all,svdd,random,0.5,0.5,6,6,6,0,0,0.75,0.08333333333333333,0.6666666666666666,0.3333333333333333,0.9166666666666666,5,1,0,2000,case,20260927
niah_length,niah_multi,32768,full_cache_correct,svdd,random,0.5,0.5,6,6,6,0,0,0.75,0.08333333333333333,0.6666666666666666,0.3333333333333333,0.9166666666666666,5,1,0,2000,case,20260927
niah_length,niah_multi,32768,all,svdd,snapkv,0.5,0.5,6,6,6,0,0,0.75,0.5,0.25,-0.16666666666666666,0.6666666666666666,4,0,2,2000,case,20260927
niah_length,niah_multi,32768,full_cache_correct,svdd,snapkv,0.5,0.5,6,6,6,0,0,0.75,0.5,0.25,-0.16666666666666666,0.6666666666666666,4,0,2,2000,case,20260927
niah_length,niah_multi,32768,all,svdd,streaming,0.5,0.5,6,6,6,0,0,0.75,0.5,0.25,0.08333333333333333,0.4166666666666667,3,3,0,2000,case,20260927
niah_length,niah_multi,32768,full_cache_correct,svdd,streaming,0.5,0.5,6,6,6,0,0,0.75,0.5,0.25,0.08333333333333333,0.4166666666666667,3,3,0,2000,case,20260927
niah_length,niah_multi,32768,all,svdd,svdd_prerope,0.5,0.5,6,6,6,0,0,0.75,0.6666666666666666,0.08333333333333333,-0.16666666666666666,0.3333333333333333,2,3,1,2000,case,20260927
niah_length,niah_multi,32768,full_cache_correct,svdd,svdd_prerope,0.5,0.5,6,6,6,0,0,0.75,0.6666666666666666,0.08333333333333333,-0.16666666666666666,0.3333333333333333,2,3,1,2000,case,20260927
niah_length,niah_multi,32768,all,svdd_prerope,full,0.1,1.0,6,6,6,0,0,0.08333333333333333,1.0,-0.9166666666666666,-1.0,-0.75,0,0,6,2000,case,20260927
niah_length,niah_multi,32768,full_cache_correct,svdd_prerope,full,0.1,1.0,6,6,6,0,0,0.08333333333333333,1.0,-0.9166666666666666,-1.0,-0.75,0,0,6,2000,case,20260927
niah_length,niah_multi,32768,all,svdd_prerope,keydiff,0.1,0.1,6,6,6,0,0,0.08333333333333333,0.9166666666666666,-0.8333333333333334,-1.0,-0.6666666666666666,0,0,6,2000,case,20260927
niah_length,niah_multi,32768,full_cache_correct,svdd_prerope,keydiff,0.1,0.1,6,6,6,0,0,0.08333333333333333,0.9166666666666666,-0.8333333333333334,-1.0,-0.6666666666666666,0,0,6,2000,case,20260927
niah_length,niah_multi,32768,all,svdd_prerope,knorm,0.1,0.1,6,6,6,0,0,0.08333333333333333,0.0,0.08333333333333333,0.0,0.25,1,5,0,2000,case,20260927
niah_length,niah_multi,32768,full_cache_correct,svdd_prerope,knorm,0.1,0.1,6,6,6,0,0,0.08333333333333333,0.0,0.08333333333333333,0.0,0.25,1,5,0,2000,case,20260927
niah_length,niah_multi,32768,all,svdd_prerope,leverage,0.1,0.1,6,6,6,0,0,0.08333333333333333,1.0,-0.9166666666666666,-1.0,-0.75,0,0,6,2000,case,20260927
niah_length,niah_multi,32768,full_cache_correct,svdd_prerope,leverage,0.1,0.1,6,6,6,0,0,0.08333333333333333,1.0,-0.9166666666666666,-1.0,-0.75,0,0,6,2000,case,20260927
niah_length,niah_multi,32768,all,svdd_prerope,random,0.1,0.1,6,6,6,0,0,0.08333333333333333,0.0,0.08333333333333333,0.0,0.25,1,5,0,2000,case,20260927
niah_length,niah_multi,32768,full_cache_correct,svdd_prerope,random,0.1,0.1,6,6,6,0,0,0.08333333333333333,0.0,0.08333333333333333,0.0,0.25,1,5,0,2000,case,20260927
niah_length,niah_multi,32768,all,svdd_prerope,snapkv,0.1,0.1,6,6,6,0,0,0.08333333333333333,0.0,0.08333333333333333,0.0,0.25,1,5,0,2000,case,20260927
niah_length,niah_multi,32768,full_cache_correct,svdd_prerope,snapkv,0.1,0.1,6,6,6,0,0,0.08333333333333333,0.0,0.08333333333333333,0.0,0.25,1,5,0,2000,case,20260927
niah_length,niah_multi,32768,all,svdd_prerope,streaming,0.1,0.1,6,6,6,0,0,0.08333333333333333,0.0,0.08333333333333333,0.0,0.25,1,5,0,2000,case,20260927
niah_length,niah_multi,32768,full_cache_correct,svdd_prerope,streaming,0.1,0.1,6,6,6,0,0,0.08333333333333333,0.0,0.08333333333333333,0.0,0.25,1,5,0,2000,case,20260927
niah_length,niah_multi,32768,all,svdd_prerope,svdd,0.1,0.1,6,6,6,0,0,0.08333333333333333,0.16666666666666666,-0.08333333333333333,-0.25,0.0,0,5,1,2000,case,20260927
niah_length,niah_multi,32768,full_cache_correct,svdd_prerope,svdd,0.1,0.1,6,6,6,0,0,0.08333333333333333,0.16666666666666666,-0.08333333333333333,-0.25,0.0,0,5,1,2000,case,20260927
niah_length,niah_multi,32768,all,svdd_prerope,full,0.2,1.0,6,6,6,0,0,0.5,1.0,-0.5,-0.75,-0.25,0,1,5,2000,case,20260927
niah_length,niah_multi,32768,full_cache_correct,svdd_prerope,full,0.2,1.0,6,6,6,0,0,0.5,1.0,-0.5,-0.75,-0.25,0,1,5,2000,case,20260927
niah_length,niah_multi,32768,all,svdd_prerope,keydiff,0.2,0.2,6,6,6,0,0,0.5,1.0,-0.5,-0.75,-0.25,0,1,5,2000,case,20260927
niah_length,niah_multi,32768,full_cache_correct,svdd_prerope,keydiff,0.2,0.2,6,6,6,0,0,0.5,1.0,-0.5,-0.75,-0.25,0,1,5,2000,case,20260927
niah_length,niah_multi,32768,all,svdd_prerope,knorm,0.2,0.2,6,6,6,0,0,0.5,0.0,0.5,0.25,0.75,5,1,0,2000,case,20260927
niah_length,niah_multi,32768,full_cache_correct,svdd_prerope,knorm,0.2,0.2,6,6,6,0,0,0.5,0.0,0.5,0.25,0.75,5,1,0,2000,case,20260927
niah_length,niah_multi,32768,all,svdd_prerope,leverage,0.2,0.2,6,6,6,0,0,0.5,1.0,-0.5,-0.75,-0.25,0,1,5,2000,case,20260927
niah_length,niah_multi,32768,full_cache_correct,svdd_prerope,leverage,0.2,0.2,6,6,6,0,0,0.5,1.0,-0.5,-0.75,-0.25,0,1,5,2000,case,20260927
niah_length,niah_multi,32768,all,svdd_prerope,random,0.2,0.2,6,6,6,0,0,0.5,0.0,0.5,0.25,0.75,5,1,0,2000,case,20260927
niah_length,niah_multi,32768,full_cache_correct,svdd_prerope,random,0.2,0.2,6,6,6,0,0,0.5,0.0,0.5,0.25,0.75,5,1,0,2000,case,20260927
niah_length,niah_multi,32768,all,svdd_prerope,snapkv,0.2,0.2,6,6,6,0,0,0.5,0.25,0.25,-0.16666666666666666,0.5833333333333334,3,2,1,2000,case,20260927
niah_length,niah_multi,32768,full_cache_correct,svdd_prerope,snapkv,0.2,0.2,6,6,6,0,0,0.5,0.25,0.25,-0.08333333333333333,0.5833333333333334,3,2,1,2000,case,20260927
niah_length,niah_multi,32768,all,svdd_prerope,streaming,0.2,0.2,6,6,6,0,0,0.5,0.3333333333333333,0.16666666666666666,-0.16666666666666666,0.4166666666666667,3,2,1,2000,case,20260927
niah_length,niah_multi,32768,full_cache_correct,svdd_prerope,streaming,0.2,0.2,6,6,6,0,0,0.5,0.3333333333333333,0.16666666666666666,-0.16666666666666666,0.4166666666666667,3,2,1,2000,case,20260927
niah_length,niah_multi,32768,all,svdd_prerope,svdd,0.2,0.2,6,6,6,0,0,0.5,0.5,0.0,-0.3333333333333333,0.3333333333333333,2,2,2,2000,case,20260927
niah_length,niah_multi,32768,full_cache_correct,svdd_prerope,svdd,0.2,0.2,6,6,6,0,0,0.5,0.5,0.0,-0.3333333333333333,0.3333333333333333,2,2,2,2000,case,20260927
niah_length,niah_multi,32768,all,svdd_prerope,full,0.5,1.0,6,6,6,0,0,0.6666666666666666,1.0,-0.3333333333333333,-0.5,-0.16666666666666666,0,2,4,2000,case,20260927
niah_length,niah_multi,32768,full_cache_correct,svdd_prerope,full,0.5,1.0,6,6,6,0,0,0.6666666666666666,1.0,-0.3333333333333333,-0.5,-0.16666666666666666,0,2,4,2000,case,20260927
niah_length,niah_multi,32768,all,svdd_prerope,keydiff,0.5,0.5,6,6,6,0,0,0.6666666666666666,1.0,-0.3333333333333333,-0.5,-0.16666666666666666,0,2,4,2000,case,20260927
niah_length,niah_multi,32768,full_cache_correct,svdd_prerope,keydiff,0.5,0.5,6,6,6,0,0,0.6666666666666666,1.0,-0.3333333333333333,-0.5,-0.16666666666666666,0,2,4,2000,case,20260927
niah_length,niah_multi,32768,all,svdd_prerope,knorm,0.5,0.5,6,6,6,0,0,0.6666666666666666,0.08333333333333333,0.5833333333333334,0.3333333333333333,0.8333333333333334,5,1,0,2000,case,20260927
niah_length,niah_multi,32768,full_cache_correct,svdd_prerope,knorm,0.5,0.5,6,6,6,0,0,0.6666666666666666,0.08333333333333333,0.5833333333333334,0.3333333333333333,0.8333333333333334,5,1,0,2000,case,20260927
niah_length,niah_multi,32768,all,svdd_prerope,leverage,0.5,0.5,6,6,6,0,0,0.6666666666666666,1.0,-0.3333333333333333,-0.5,-0.16666666666666666,0,2,4,2000,case,20260927
niah_length,niah_multi,32768,full_cache_correct,svdd_prerope,leverage,0.5,0.5,6,6,6,0,0,0.6666666666666666,1.0,-0.3333333333333333,-0.5,-0.16666666666666666,0,2,4,2000,case,20260927
niah_length,niah_multi,32768,all,svdd_prerope,random,0.5,0.5,6,6,6,0,0,0.6666666666666666,0.08333333333333333,0.5833333333333334,0.3333333333333333,0.8333333333333334,5,1,0,2000,case,20260927
niah_length,niah_multi,32768,full_cache_correct,svdd_prerope,random,0.5,0.5,6,6,6,0,0,0.6666666666666666,0.08333333333333333,0.5833333333333334,0.3333333333333333,0.8333333333333334,5,1,0,2000,case,20260927
niah_length,niah_multi,32768,all,svdd_prerope,snapkv,0.5,0.5,6,6,6,0,0,0.6666666666666666,0.5,0.16666666666666666,-0.25,0.5833333333333334,3,1,2,2000,case,20260927
niah_length,niah_multi,32768,full_cache_correct,svdd_prerope,snapkv,0.5,0.5,6,6,6,0,0,0.6666666666666666,0.5,0.16666666666666666,-0.25,0.5833333333333334,3,1,2,2000,case,20260927
niah_length,niah_multi,32768,all,svdd_prerope,streaming,0.5,0.5,6,6,6,0,0,0.6666666666666666,0.5,0.16666666666666666,0.0,0.3333333333333333,2,4,0,2000,case,20260927
niah_length,niah_multi,32768,full_cache_correct,svdd_prerope,streaming,0.5,0.5,6,6,6,0,0,0.6666666666666666,0.5,0.16666666666666666,0.0,0.3333333333333333,2,4,0,2000,case,20260927
niah_length,niah_multi,32768,all,svdd_prerope,svdd,0.5,0.5,6,6,6,0,0,0.6666666666666666,0.75,-0.08333333333333333,-0.3333333333333333,0.16666666666666666,1,3,2,2000,case,20260927
niah_length,niah_multi,32768,full_cache_correct,svdd_prerope,svdd,0.5,0.5,6,6,6,0,0,0.6666666666666666,0.75,-0.08333333333333333,-0.3333333333333333,0.16666666666666666,1,3,2,2000,case,20260927
niah_length,niah_multi,8192,all,keydiff,full,0.1,1.0,6,6,6,0,0,1.0,1.0,0.0,0.0,0.0,0,6,0,2000,case,20260927
niah_length,niah_multi,8192,full_cache_correct,keydiff,full,0.1,1.0,6,6,6,0,0,1.0,1.0,0.0,0.0,0.0,0,6,0,2000,case,20260927
niah_length,niah_multi,8192,all,keydiff,knorm,0.1,0.1,6,6,6,0,0,1.0,0.0,1.0,1.0,1.0,6,0,0,2000,case,20260927
niah_length,niah_multi,8192,full_cache_correct,keydiff,knorm,0.1,0.1,6,6,6,0,0,1.0,0.0,1.0,1.0,1.0,6,0,0,2000,case,20260927
niah_length,niah_multi,8192,all,keydiff,leverage,0.1,0.1,6,6,6,0,0,1.0,0.8333333333333334,0.16666666666666666,0.0,0.3333333333333333,2,4,0,2000,case,20260927
niah_length,niah_multi,8192,full_cache_correct,keydiff,leverage,0.1,0.1,6,6,6,0,0,1.0,0.8333333333333334,0.16666666666666666,0.0,0.3333333333333333,2,4,0,2000,case,20260927
niah_length,niah_multi,8192,all,keydiff,random,0.1,0.1,6,6,6,0,0,1.0,0.0,1.0,1.0,1.0,6,0,0,2000,case,20260927
niah_length,niah_multi,8192,full_cache_correct,keydiff,random,0.1,0.1,6,6,6,0,0,1.0,0.0,1.0,1.0,1.0,6,0,0,2000,case,20260927
niah_length,niah_multi,8192,all,keydiff,snapkv,0.1,0.1,6,6,6,0,0,1.0,0.0,1.0,1.0,1.0,6,0,0,2000,case,20260927
niah_length,niah_multi,8192,full_cache_correct,keydiff,snapkv,0.1,0.1,6,6,6,0,0,1.0,0.0,1.0,1.0,1.0,6,0,0,2000,case,20260927
niah_length,niah_multi,8192,all,keydiff,streaming,0.1,0.1,6,6,6,0,0,1.0,0.0,1.0,1.0,1.0,6,0,0,2000,case,20260927
niah_length,niah_multi,8192,full_cache_correct,keydiff,streaming,0.1,0.1,6,6,6,0,0,1.0,0.0,1.0,1.0,1.0,6,0,0,2000,case,20260927
niah_length,niah_multi,8192,all,keydiff,svdd,0.1,0.1,6,6,6,0,0,1.0,0.08333333333333333,0.9166666666666666,0.75,1.0,6,0,0,2000,case,20260927
niah_length,niah_multi,8192,full_cache_correct,keydiff,svdd,0.1,0.1,6,6,6,0,0,1.0,0.08333333333333333,0.9166666666666666,0.75,1.0,6,0,0,2000,case,20260927
niah_length,niah_multi,8192,all,keydiff,svdd_prerope,0.1,0.1,6,6,6,0,0,1.0,0.16666666666666666,0.8333333333333334,0.6666666666666666,1.0,6,0,0,2000,case,20260927
niah_length,niah_multi,8192,full_cache_correct,keydiff,svdd_prerope,0.1,0.1,6,6,6,0,0,1.0,0.16666666666666666,0.8333333333333334,0.6666666666666666,1.0,6,0,0,2000,case,20260927
niah_length,niah_multi,8192,all,keydiff,full,0.2,1.0,6,6,6,0,0,1.0,1.0,0.0,0.0,0.0,0,6,0,2000,case,20260927
niah_length,niah_multi,8192,full_cache_correct,keydiff,full,0.2,1.0,6,6,6,0,0,1.0,1.0,0.0,0.0,0.0,0,6,0,2000,case,20260927
niah_length,niah_multi,8192,all,keydiff,knorm,0.2,0.2,6,6,6,0,0,1.0,0.0,1.0,1.0,1.0,6,0,0,2000,case,20260927
niah_length,niah_multi,8192,full_cache_correct,keydiff,knorm,0.2,0.2,6,6,6,0,0,1.0,0.0,1.0,1.0,1.0,6,0,0,2000,case,20260927
niah_length,niah_multi,8192,all,keydiff,leverage,0.2,0.2,6,6,6,0,0,1.0,1.0,0.0,0.0,0.0,0,6,0,2000,case,20260927
niah_length,niah_multi,8192,full_cache_correct,keydiff,leverage,0.2,0.2,6,6,6,0,0,1.0,1.0,0.0,0.0,0.0,0,6,0,2000,case,20260927
niah_length,niah_multi,8192,all,keydiff,random,0.2,0.2,6,6,6,0,0,1.0,0.0,1.0,1.0,1.0,6,0,0,2000,case,20260927
niah_length,niah_multi,8192,full_cache_correct,keydiff,random,0.2,0.2,6,6,6,0,0,1.0,0.0,1.0,1.0,1.0,6,0,0,2000,case,20260927
niah_length,niah_multi,8192,all,keydiff,snapkv,0.2,0.2,6,6,6,0,0,1.0,0.08333333333333333,0.9166666666666666,0.75,1.0,6,0,0,2000,case,20260927
niah_length,niah_multi,8192,full_cache_correct,keydiff,snapkv,0.2,0.2,6,6,6,0,0,1.0,0.08333333333333333,0.9166666666666666,0.75,1.0,6,0,0,2000,case,20260927
niah_length,niah_multi,8192,all,keydiff,streaming,0.2,0.2,6,6,6,0,0,1.0,0.3333333333333333,0.6666666666666666,0.5,0.8333333333333334,6,0,0,2000,case,20260927
niah_length,niah_multi,8192,full_cache_correct,keydiff,streaming,0.2,0.2,6,6,6,0,0,1.0,0.3333333333333333,0.6666666666666666,0.5,0.8333333333333334,6,0,0,2000,case,20260927
niah_length,niah_multi,8192,all,keydiff,svdd,0.2,0.2,6,6,6,0,0,1.0,0.4166666666666667,0.5833333333333334,0.3333333333333333,0.8333333333333334,5,1,0,2000,case,20260927
niah_length,niah_multi,8192,full_cache_correct,keydiff,svdd,0.2,0.2,6,6,6,0,0,1.0,0.4166666666666667,0.5833333333333334,0.3333333333333333,0.8333333333333334,5,1,0,2000,case,20260927
niah_length,niah_multi,8192,all,keydiff,svdd_prerope,0.2,0.2,6,6,6,0,0,1.0,0.3333333333333333,0.6666666666666666,0.3333333333333333,0.9166666666666666,5,1,0,2000,case,20260927
niah_length,niah_multi,8192,full_cache_correct,keydiff,svdd_prerope,0.2,0.2,6,6,6,0,0,1.0,0.3333333333333333,0.6666666666666666,0.3333333333333333,0.9166666666666666,5,1,0,2000,case,20260927
niah_length,niah_multi,8192,all,keydiff,full,0.5,1.0,6,6,6,0,0,1.0,1.0,0.0,0.0,0.0,0,6,0,2000,case,20260927
niah_length,niah_multi,8192,full_cache_correct,keydiff,full,0.5,1.0,6,6,6,0,0,1.0,1.0,0.0,0.0,0.0,0,6,0,2000,case,20260927
niah_length,niah_multi,8192,all,keydiff,knorm,0.5,0.5,6,6,6,0,0,1.0,0.0,1.0,1.0,1.0,6,0,0,2000,case,20260927
niah_length,niah_multi,8192,full_cache_correct,keydiff,knorm,0.5,0.5,6,6,6,0,0,1.0,0.0,1.0,1.0,1.0,6,0,0,2000,case,20260927
niah_length,niah_multi,8192,all,keydiff,leverage,0.5,0.5,6,6,6,0,0,1.0,1.0,0.0,0.0,0.0,0,6,0,2000,case,20260927
niah_length,niah_multi,8192,full_cache_correct,keydiff,leverage,0.5,0.5,6,6,6,0,0,1.0,1.0,0.0,0.0,0.0,0,6,0,2000,case,20260927
niah_length,niah_multi,8192,all,keydiff,random,0.5,0.5,6,6,6,0,0,1.0,0.25,0.75,0.5833333333333334,0.9166666666666666,6,0,0,2000,case,20260927
niah_length,niah_multi,8192,full_cache_correct,keydiff,random,0.5,0.5,6,6,6,0,0,1.0,0.25,0.75,0.5833333333333334,0.9166666666666666,6,0,0,2000,case,20260927
niah_length,niah_multi,8192,all,keydiff,snapkv,0.5,0.5,6,6,6,0,0,1.0,0.08333333333333333,0.9166666666666666,0.75,1.0,6,0,0,2000,case,20260927
niah_length,niah_multi,8192,full_cache_correct,keydiff,snapkv,0.5,0.5,6,6,6,0,0,1.0,0.08333333333333333,0.9166666666666666,0.75,1.0,6,0,0,2000,case,20260927
niah_length,niah_multi,8192,all,keydiff,streaming,0.5,0.5,6,6,6,0,0,1.0,0.5,0.5,0.5,0.5,6,0,0,2000,case,20260927
niah_length,niah_multi,8192,full_cache_correct,keydiff,streaming,0.5,0.5,6,6,6,0,0,1.0,0.5,0.5,0.5,0.5,6,0,0,2000,case,20260927
niah_length,niah_multi,8192,all,keydiff,svdd,0.5,0.5,6,6,6,0,0,1.0,0.5833333333333334,0.4166666666666667,0.25,0.5,5,1,0,2000,case,20260927
niah_length,niah_multi,8192,full_cache_correct,keydiff,svdd,0.5,0.5,6,6,6,0,0,1.0,0.5833333333333334,0.4166666666666667,0.25,0.5,5,1,0,2000,case,20260927
niah_length,niah_multi,8192,all,keydiff,svdd_prerope,0.5,0.5,6,6,6,0,0,1.0,0.5833333333333334,0.4166666666666667,0.25,0.5,5,1,0,2000,case,20260927
niah_length,niah_multi,8192,full_cache_correct,keydiff,svdd_prerope,0.5,0.5,6,6,6,0,0,1.0,0.5833333333333334,0.4166666666666667,0.25,0.5,5,1,0,2000,case,20260927
niah_length,niah_multi,8192,all,knorm,full,0.1,1.0,6,6,6,0,0,0.0,1.0,-1.0,-1.0,-1.0,0,0,6,2000,case,20260927
niah_length,niah_multi,8192,full_cache_correct,knorm,full,0.1,1.0,6,6,6,0,0,0.0,1.0,-1.0,-1.0,-1.0,0,0,6,2000,case,20260927
niah_length,niah_multi,8192,all,knorm,keydiff,0.1,0.1,6,6,6,0,0,0.0,1.0,-1.0,-1.0,-1.0,0,0,6,2000,case,20260927
niah_length,niah_multi,8192,full_cache_correct,knorm,keydiff,0.1,0.1,6,6,6,0,0,0.0,1.0,-1.0,-1.0,-1.0,0,0,6,2000,case,20260927
niah_length,niah_multi,8192,all,knorm,leverage,0.1,0.1,6,6,6,0,0,0.0,0.8333333333333334,-0.8333333333333334,-1.0,-0.6666666666666666,0,0,6,2000,case,20260927
niah_length,niah_multi,8192,full_cache_correct,knorm,leverage,0.1,0.1,6,6,6,0,0,0.0,0.8333333333333334,-0.8333333333333334,-1.0,-0.6666666666666666,0,0,6,2000,case,20260927
niah_length,niah_multi,8192,all,knorm,random,0.1,0.1,6,6,6,0,0,0.0,0.0,0.0,0.0,0.0,0,6,0,2000,case,20260927
niah_length,niah_multi,8192,full_cache_correct,knorm,random,0.1,0.1,6,6,6,0,0,0.0,0.0,0.0,0.0,0.0,0,6,0,2000,case,20260927
niah_length,niah_multi,8192,all,knorm,snapkv,0.1,0.1,6,6,6,0,0,0.0,0.0,0.0,0.0,0.0,0,6,0,2000,case,20260927
niah_length,niah_multi,8192,full_cache_correct,knorm,snapkv,0.1,0.1,6,6,6,0,0,0.0,0.0,0.0,0.0,0.0,0,6,0,2000,case,20260927
niah_length,niah_multi,8192,all,knorm,streaming,0.1,0.1,6,6,6,0,0,0.0,0.0,0.0,0.0,0.0,0,6,0,2000,case,20260927
niah_length,niah_multi,8192,full_cache_correct,knorm,streaming,0.1,0.1,6,6,6,0,0,0.0,0.0,0.0,0.0,0.0,0,6,0,2000,case,20260927
niah_length,niah_multi,8192,all,knorm,svdd,0.1,0.1,6,6,6,0,0,0.0,0.08333333333333333,-0.08333333333333333,-0.25,0.0,0,5,1,2000,case,20260927
niah_length,niah_multi,8192,full_cache_correct,knorm,svdd,0.1,0.1,6,6,6,0,0,0.0,0.08333333333333333,-0.08333333333333333,-0.25,0.0,0,5,1,2000,case,20260927
niah_length,niah_multi,8192,all,knorm,svdd_prerope,0.1,0.1,6,6,6,0,0,0.0,0.16666666666666666,-0.16666666666666666,-0.3333333333333333,0.0,0,4,2,2000,case,20260927
niah_length,niah_multi,8192,full_cache_correct,knorm,svdd_prerope,0.1,0.1,6,6,6,0,0,0.0,0.16666666666666666,-0.16666666666666666,-0.3333333333333333,0.0,0,4,2,2000,case,20260927
niah_length,niah_multi,8192,all,knorm,full,0.2,1.0,6,6,6,0,0,0.0,1.0,-1.0,-1.0,-1.0,0,0,6,2000,case,20260927
niah_length,niah_multi,8192,full_cache_correct,knorm,full,0.2,1.0,6,6,6,0,0,0.0,1.0,-1.0,-1.0,-1.0,0,0,6,2000,case,20260927
niah_length,niah_multi,8192,all,knorm,keydiff,0.2,0.2,6,6,6,0,0,0.0,1.0,-1.0,-1.0,-1.0,0,0,6,2000,case,20260927
niah_length,niah_multi,8192,full_cache_correct,knorm,keydiff,0.2,0.2,6,6,6,0,0,0.0,1.0,-1.0,-1.0,-1.0,0,0,6,2000,case,20260927
niah_length,niah_multi,8192,all,knorm,leverage,0.2,0.2,6,6,6,0,0,0.0,1.0,-1.0,-1.0,-1.0,0,0,6,2000,case,20260927
niah_length,niah_multi,8192,full_cache_correct,knorm,leverage,0.2,0.2,6,6,6,0,0,0.0,1.0,-1.0,-1.0,-1.0,0,0,6,2000,case,20260927
niah_length,niah_multi,8192,all,knorm,random,0.2,0.2,6,6,6,0,0,0.0,0.0,0.0,0.0,0.0,0,6,0,2000,case,20260927
niah_length,niah_multi,8192,full_cache_correct,knorm,random,0.2,0.2,6,6,6,0,0,0.0,0.0,0.0,0.0,0.0,0,6,0,2000,case,20260927
niah_length,niah_multi,8192,all,knorm,snapkv,0.2,0.2,6,6,6,0,0,0.0,0.08333333333333333,-0.08333333333333333,-0.25,0.0,0,5,1,2000,case,20260927
niah_length,niah_multi,8192,full_cache_correct,knorm,snapkv,0.2,0.2,6,6,6,0,0,0.0,0.08333333333333333,-0.08333333333333333,-0.25,0.0,0,5,1,2000,case,20260927
niah_length,niah_multi,8192,all,knorm,streaming,0.2,0.2,6,6,6,0,0,0.0,0.3333333333333333,-0.3333333333333333,-0.5,-0.16666666666666666,0,2,4,2000,case,20260927
niah_length,niah_multi,8192,full_cache_correct,knorm,streaming,0.2,0.2,6,6,6,0,0,0.0,0.3333333333333333,-0.3333333333333333,-0.5,-0.16666666666666666,0,2,4,2000,case,20260927
niah_length,niah_multi,8192,all,knorm,svdd,0.2,0.2,6,6,6,0,0,0.0,0.4166666666666667,-0.4166666666666667,-0.6666666666666666,-0.16666666666666666,0,2,4,2000,case,20260927
niah_length,niah_multi,8192,full_cache_correct,knorm,svdd,0.2,0.2,6,6,6,0,0,0.0,0.4166666666666667,-0.4166666666666667,-0.6666666666666666,-0.16666666666666666,0,2,4,2000,case,20260927
niah_length,niah_multi,8192,all,knorm,svdd_prerope,0.2,0.2,6,6,6,0,0,0.0,0.3333333333333333,-0.3333333333333333,-0.6666666666666666,-0.08333333333333333,0,3,3,2000,case,20260927
niah_length,niah_multi,8192,full_cache_correct,knorm,svdd_prerope,0.2,0.2,6,6,6,0,0,0.0,0.3333333333333333,-0.3333333333333333,-0.6666666666666666,-0.08333333333333333,0,3,3,2000,case,20260927
niah_length,niah_multi,8192,all,knorm,full,0.5,1.0,6,6,6,0,0,0.0,1.0,-1.0,-1.0,-1.0,0,0,6,2000,case,20260927
niah_length,niah_multi,8192,full_cache_correct,knorm,full,0.5,1.0,6,6,6,0,0,0.0,1.0,-1.0,-1.0,-1.0,0,0,6,2000,case,20260927
niah_length,niah_multi,8192,all,knorm,keydiff,0.5,0.5,6,6,6,0,0,0.0,1.0,-1.0,-1.0,-1.0,0,0,6,2000,case,20260927
niah_length,niah_multi,8192,full_cache_correct,knorm,keydiff,0.5,0.5,6,6,6,0,0,0.0,1.0,-1.0,-1.0,-1.0,0,0,6,2000,case,20260927
niah_length,niah_multi,8192,all,knorm,leverage,0.5,0.5,6,6,6,0,0,0.0,1.0,-1.0,-1.0,-1.0,0,0,6,2000,case,20260927
niah_length,niah_multi,8192,full_cache_correct,knorm,leverage,0.5,0.5,6,6,6,0,0,0.0,1.0,-1.0,-1.0,-1.0,0,0,6,2000,case,20260927
niah_length,niah_multi,8192,all,knorm,random,0.5,0.5,6,6,6,0,0,0.0,0.25,-0.25,-0.4166666666666667,-0.08333333333333333,0,3,3,2000,case,20260927
niah_length,niah_multi,8192,full_cache_correct,knorm,random,0.5,0.5,6,6,6,0,0,0.0,0.25,-0.25,-0.4166666666666667,-0.08333333333333333,0,3,3,2000,case,20260927
niah_length,niah_multi,8192,all,knorm,snapkv,0.5,0.5,6,6,6,0,0,0.0,0.08333333333333333,-0.08333333333333333,-0.25,0.0,0,5,1,2000,case,20260927
niah_length,niah_multi,8192,full_cache_correct,knorm,snapkv,0.5,0.5,6,6,6,0,0,0.0,0.08333333333333333,-0.08333333333333333,-0.25,0.0,0,5,1,2000,case,20260927
niah_length,niah_multi,8192,all,knorm,streaming,0.5,0.5,6,6,6,0,0,0.0,0.5,-0.5,-0.5,-0.5,0,0,6,2000,case,20260927
niah_length,niah_multi,8192,full_cache_correct,knorm,streaming,0.5,0.5,6,6,6,0,0,0.0,0.5,-0.5,-0.5,-0.5,0,0,6,2000,case,20260927
niah_length,niah_multi,8192,all,knorm,svdd,0.5,0.5,6,6,6,0,0,0.0,0.5833333333333334,-0.5833333333333334,-0.75,-0.5,0,0,6,2000,case,20260927
niah_length,niah_multi,8192,full_cache_correct,knorm,svdd,0.5,0.5,6,6,6,0,0,0.0,0.5833333333333334,-0.5833333333333334,-0.75,-0.5,0,0,6,2000,case,20260927
niah_length,niah_multi,8192,all,knorm,svdd_prerope,0.5,0.5,6,6,6,0,0,0.0,0.5833333333333334,-0.5833333333333334,-0.75,-0.5,0,0,6,2000,case,20260927
niah_length,niah_multi,8192,full_cache_correct,knorm,svdd_prerope,0.5,0.5,6,6,6,0,0,0.0,0.5833333333333334,-0.5833333333333334,-0.75,-0.5,0,0,6,2000,case,20260927
niah_length,niah_multi,8192,all,leverage,full,0.1,1.0,6,6,6,0,0,0.8333333333333334,1.0,-0.16666666666666666,-0.3333333333333333,0.0,0,4,2,2000,case,20260927
niah_length,niah_multi,8192,full_cache_correct,leverage,full,0.1,1.0,6,6,6,0,0,0.8333333333333334,1.0,-0.16666666666666666,-0.3333333333333333,0.0,0,4,2,2000,case,20260927
niah_length,niah_multi,8192,all,leverage,keydiff,0.1,0.1,6,6,6,0,0,0.8333333333333334,1.0,-0.16666666666666666,-0.3333333333333333,0.0,0,4,2,2000,case,20260927
niah_length,niah_multi,8192,full_cache_correct,leverage,keydiff,0.1,0.1,6,6,6,0,0,0.8333333333333334,1.0,-0.16666666666666666,-0.3333333333333333,0.0,0,4,2,2000,case,20260927
niah_length,niah_multi,8192,all,leverage,knorm,0.1,0.1,6,6,6,0,0,0.8333333333333334,0.0,0.8333333333333334,0.6666666666666666,1.0,6,0,0,2000,case,20260927
niah_length,niah_multi,8192,full_cache_correct,leverage,knorm,0.1,0.1,6,6,6,0,0,0.8333333333333334,0.0,0.8333333333333334,0.6666666666666666,1.0,6,0,0,2000,case,20260927
niah_length,niah_multi,8192,all,leverage,random,0.1,0.1,6,6,6,0,0,0.8333333333333334,0.0,0.8333333333333334,0.6666666666666666,1.0,6,0,0,2000,case,20260927
niah_length,niah_multi,8192,full_cache_correct,leverage,random,0.1,0.1,6,6,6,0,0,0.8333333333333334,0.0,0.8333333333333334,0.6666666666666666,1.0,6,0,0,2000,case,20260927
niah_length,niah_multi,8192,all,leverage,snapkv,0.1,0.1,6,6,6,0,0,0.8333333333333334,0.0,0.8333333333333334,0.6666666666666666,1.0,6,0,0,2000,case,20260927
niah_length,niah_multi,8192,full_cache_correct,leverage,snapkv,0.1,0.1,6,6,6,0,0,0.8333333333333334,0.0,0.8333333333333334,0.6666666666666666,1.0,6,0,0,2000,case,20260927
niah_length,niah_multi,8192,all,leverage,streaming,0.1,0.1,6,6,6,0,0,0.8333333333333334,0.0,0.8333333333333334,0.6666666666666666,1.0,6,0,0,2000,case,20260927
niah_length,niah_multi,8192,full_cache_correct,leverage,streaming,0.1,0.1,6,6,6,0,0,0.8333333333333334,0.0,0.8333333333333334,0.6666666666666666,1.0,6,0,0,2000,case,20260927
niah_length,niah_multi,8192,all,leverage,svdd,0.1,0.1,6,6,6,0,0,0.8333333333333334,0.08333333333333333,0.75,0.5833333333333334,0.9166666666666666,6,0,0,2000,case,20260927
niah_length,niah_multi,8192,full_cache_correct,leverage,svdd,0.1,0.1,6,6,6,0,0,0.8333333333333334,0.08333333333333333,0.75,0.5833333333333334,0.9166666666666666,6,0,0,2000,case,20260927
niah_length,niah_multi,8192,all,leverage,svdd_prerope,0.1,0.1,6,6,6,0,0,0.8333333333333334,0.16666666666666666,0.6666666666666666,0.5,0.8333333333333334,6,0,0,2000,case,20260927
niah_length,niah_multi,8192,full_cache_correct,leverage,svdd_prerope,0.1,0.1,6,6,6,0,0,0.8333333333333334,0.16666666666666666,0.6666666666666666,0.5,0.8333333333333334,6,0,0,2000,case,20260927
niah_length,niah_multi,8192,all,leverage,full,0.2,1.0,6,6,6,0,0,1.0,1.0,0.0,0.0,0.0,0,6,0,2000,case,20260927
niah_length,niah_multi,8192,full_cache_correct,leverage,full,0.2,1.0,6,6,6,0,0,1.0,1.0,0.0,0.0,0.0,0,6,0,2000,case,20260927
niah_length,niah_multi,8192,all,leverage,keydiff,0.2,0.2,6,6,6,0,0,1.0,1.0,0.0,0.0,0.0,0,6,0,2000,case,20260927
niah_length,niah_multi,8192,full_cache_correct,leverage,keydiff,0.2,0.2,6,6,6,0,0,1.0,1.0,0.0,0.0,0.0,0,6,0,2000,case,20260927
niah_length,niah_multi,8192,all,leverage,knorm,0.2,0.2,6,6,6,0,0,1.0,0.0,1.0,1.0,1.0,6,0,0,2000,case,20260927
niah_length,niah_multi,8192,full_cache_correct,leverage,knorm,0.2,0.2,6,6,6,0,0,1.0,0.0,1.0,1.0,1.0,6,0,0,2000,case,20260927
niah_length,niah_multi,8192,all,leverage,random,0.2,0.2,6,6,6,0,0,1.0,0.0,1.0,1.0,1.0,6,0,0,2000,case,20260927
niah_length,niah_multi,8192,full_cache_correct,leverage,random,0.2,0.2,6,6,6,0,0,1.0,0.0,1.0,1.0,1.0,6,0,0,2000,case,20260927
niah_length,niah_multi,8192,all,leverage,snapkv,0.2,0.2,6,6,6,0,0,1.0,0.08333333333333333,0.9166666666666666,0.75,1.0,6,0,0,2000,case,20260927
niah_length,niah_multi,8192,full_cache_correct,leverage,snapkv,0.2,0.2,6,6,6,0,0,1.0,0.08333333333333333,0.9166666666666666,0.75,1.0,6,0,0,2000,case,20260927
niah_length,niah_multi,8192,all,leverage,streaming,0.2,0.2,6,6,6,0,0,1.0,0.3333333333333333,0.6666666666666666,0.5,0.8333333333333334,6,0,0,2000,case,20260927
niah_length,niah_multi,8192,full_cache_correct,leverage,streaming,0.2,0.2,6,6,6,0,0,1.0,0.3333333333333333,0.6666666666666666,0.5,0.8333333333333334,6,0,0,2000,case,20260927
niah_length,niah_multi,8192,all,leverage,svdd,0.2,0.2,6,6,6,0,0,1.0,0.4166666666666667,0.5833333333333334,0.3333333333333333,0.8333333333333334,5,1,0,2000,case,20260927
niah_length,niah_multi,8192,full_cache_correct,leverage,svdd,0.2,0.2,6,6,6,0,0,1.0,0.4166666666666667,0.5833333333333334,0.3333333333333333,0.8333333333333334,5,1,0,2000,case,20260927
niah_length,niah_multi,8192,all,leverage,svdd_prerope,0.2,0.2,6,6,6,0,0,1.0,0.3333333333333333,0.6666666666666666,0.3333333333333333,0.9166666666666666,5,1,0,2000,case,20260927
niah_length,niah_multi,8192,full_cache_correct,leverage,svdd_prerope,0.2,0.2,6,6,6,0,0,1.0,0.3333333333333333,0.6666666666666666,0.3333333333333333,0.9166666666666666,5,1,0,2000,case,20260927
niah_length,niah_multi,8192,all,leverage,full,0.5,1.0,6,6,6,0,0,1.0,1.0,0.0,0.0,0.0,0,6,0,2000,case,20260927
niah_length,niah_multi,8192,full_cache_correct,leverage,full,0.5,1.0,6,6,6,0,0,1.0,1.0,0.0,0.0,0.0,0,6,0,2000,case,20260927
niah_length,niah_multi,8192,all,leverage,keydiff,0.5,0.5,6,6,6,0,0,1.0,1.0,0.0,0.0,0.0,0,6,0,2000,case,20260927
niah_length,niah_multi,8192,full_cache_correct,leverage,keydiff,0.5,0.5,6,6,6,0,0,1.0,1.0,0.0,0.0,0.0,0,6,0,2000,case,20260927
niah_length,niah_multi,8192,all,leverage,knorm,0.5,0.5,6,6,6,0,0,1.0,0.0,1.0,1.0,1.0,6,0,0,2000,case,20260927
niah_length,niah_multi,8192,full_cache_correct,leverage,knorm,0.5,0.5,6,6,6,0,0,1.0,0.0,1.0,1.0,1.0,6,0,0,2000,case,20260927
niah_length,niah_multi,8192,all,leverage,random,0.5,0.5,6,6,6,0,0,1.0,0.25,0.75,0.5833333333333334,0.9166666666666666,6,0,0,2000,case,20260927
niah_length,niah_multi,8192,full_cache_correct,leverage,random,0.5,0.5,6,6,6,0,0,1.0,0.25,0.75,0.5833333333333334,0.9166666666666666,6,0,0,2000,case,20260927
niah_length,niah_multi,8192,all,leverage,snapkv,0.5,0.5,6,6,6,0,0,1.0,0.08333333333333333,0.9166666666666666,0.75,1.0,6,0,0,2000,case,20260927
niah_length,niah_multi,8192,full_cache_correct,leverage,snapkv,0.5,0.5,6,6,6,0,0,1.0,0.08333333333333333,0.9166666666666666,0.75,1.0,6,0,0,2000,case,20260927
niah_length,niah_multi,8192,all,leverage,streaming,0.5,0.5,6,6,6,0,0,1.0,0.5,0.5,0.5,0.5,6,0,0,2000,case,20260927
niah_length,niah_multi,8192,full_cache_correct,leverage,streaming,0.5,0.5,6,6,6,0,0,1.0,0.5,0.5,0.5,0.5,6,0,0,2000,case,20260927
niah_length,niah_multi,8192,all,leverage,svdd,0.5,0.5,6,6,6,0,0,1.0,0.5833333333333334,0.4166666666666667,0.25,0.5,5,1,0,2000,case,20260927
niah_length,niah_multi,8192,full_cache_correct,leverage,svdd,0.5,0.5,6,6,6,0,0,1.0,0.5833333333333334,0.4166666666666667,0.25,0.5,5,1,0,2000,case,20260927
niah_length,niah_multi,8192,all,leverage,svdd_prerope,0.5,0.5,6,6,6,0,0,1.0,0.5833333333333334,0.4166666666666667,0.25,0.5,5,1,0,2000,case,20260927
niah_length,niah_multi,8192,full_cache_correct,leverage,svdd_prerope,0.5,0.5,6,6,6,0,0,1.0,0.5833333333333334,0.4166666666666667,0.25,0.5,5,1,0,2000,case,20260927
niah_length,niah_multi,8192,all,random,full,0.1,1.0,6,6,6,0,0,0.0,1.0,-1.0,-1.0,-1.0,0,0,6,2000,case,20260927
niah_length,niah_multi,8192,full_cache_correct,random,full,0.1,1.0,6,6,6,0,0,0.0,1.0,-1.0,-1.0,-1.0,0,0,6,2000,case,20260927
niah_length,niah_multi,8192,all,random,keydiff,0.1,0.1,6,6,6,0,0,0.0,1.0,-1.0,-1.0,-1.0,0,0,6,2000,case,20260927
niah_length,niah_multi,8192,full_cache_correct,random,keydiff,0.1,0.1,6,6,6,0,0,0.0,1.0,-1.0,-1.0,-1.0,0,0,6,2000,case,20260927
niah_length,niah_multi,8192,all,random,knorm,0.1,0.1,6,6,6,0,0,0.0,0.0,0.0,0.0,0.0,0,6,0,2000,case,20260927
niah_length,niah_multi,8192,full_cache_correct,random,knorm,0.1,0.1,6,6,6,0,0,0.0,0.0,0.0,0.0,0.0,0,6,0,2000,case,20260927
niah_length,niah_multi,8192,all,random,leverage,0.1,0.1,6,6,6,0,0,0.0,0.8333333333333334,-0.8333333333333334,-1.0,-0.6666666666666666,0,0,6,2000,case,20260927
niah_length,niah_multi,8192,full_cache_correct,random,leverage,0.1,0.1,6,6,6,0,0,0.0,0.8333333333333334,-0.8333333333333334,-1.0,-0.6666666666666666,0,0,6,2000,case,20260927
niah_length,niah_multi,8192,all,random,snapkv,0.1,0.1,6,6,6,0,0,0.0,0.0,0.0,0.0,0.0,0,6,0,2000,case,20260927
niah_length,niah_multi,8192,full_cache_correct,random,snapkv,0.1,0.1,6,6,6,0,0,0.0,0.0,0.0,0.0,0.0,0,6,0,2000,case,20260927
niah_length,niah_multi,8192,all,random,streaming,0.1,0.1,6,6,6,0,0,0.0,0.0,0.0,0.0,0.0,0,6,0,2000,case,20260927
niah_length,niah_multi,8192,full_cache_correct,random,streaming,0.1,0.1,6,6,6,0,0,0.0,0.0,0.0,0.0,0.0,0,6,0,2000,case,20260927
niah_length,niah_multi,8192,all,random,svdd,0.1,0.1,6,6,6,0,0,0.0,0.08333333333333333,-0.08333333333333333,-0.25,0.0,0,5,1,2000,case,20260927
niah_length,niah_multi,8192,full_cache_correct,random,svdd,0.1,0.1,6,6,6,0,0,0.0,0.08333333333333333,-0.08333333333333333,-0.25,0.0,0,5,1,2000,case,20260927
niah_length,niah_multi,8192,all,random,svdd_prerope,0.1,0.1,6,6,6,0,0,0.0,0.16666666666666666,-0.16666666666666666,-0.3333333333333333,0.0,0,4,2,2000,case,20260927
niah_length,niah_multi,8192,full_cache_correct,random,svdd_prerope,0.1,0.1,6,6,6,0,0,0.0,0.16666666666666666,-0.16666666666666666,-0.3333333333333333,0.0,0,4,2,2000,case,20260927
niah_length,niah_multi,8192,all,random,full,0.2,1.0,6,6,6,0,0,0.0,1.0,-1.0,-1.0,-1.0,0,0,6,2000,case,20260927
niah_length,niah_multi,8192,full_cache_correct,random,full,0.2,1.0,6,6,6,0,0,0.0,1.0,-1.0,-1.0,-1.0,0,0,6,2000,case,20260927
niah_length,niah_multi,8192,all,random,keydiff,0.2,0.2,6,6,6,0,0,0.0,1.0,-1.0,-1.0,-1.0,0,0,6,2000,case,20260927
niah_length,niah_multi,8192,full_cache_correct,random,keydiff,0.2,0.2,6,6,6,0,0,0.0,1.0,-1.0,-1.0,-1.0,0,0,6,2000,case,20260927
niah_length,niah_multi,8192,all,random,knorm,0.2,0.2,6,6,6,0,0,0.0,0.0,0.0,0.0,0.0,0,6,0,2000,case,20260927
niah_length,niah_multi,8192,full_cache_correct,random,knorm,0.2,0.2,6,6,6,0,0,0.0,0.0,0.0,0.0,0.0,0,6,0,2000,case,20260927
niah_length,niah_multi,8192,all,random,leverage,0.2,0.2,6,6,6,0,0,0.0,1.0,-1.0,-1.0,-1.0,0,0,6,2000,case,20260927
niah_length,niah_multi,8192,full_cache_correct,random,leverage,0.2,0.2,6,6,6,0,0,0.0,1.0,-1.0,-1.0,-1.0,0,0,6,2000,case,20260927
niah_length,niah_multi,8192,all,random,snapkv,0.2,0.2,6,6,6,0,0,0.0,0.08333333333333333,-0.08333333333333333,-0.25,0.0,0,5,1,2000,case,20260927
niah_length,niah_multi,8192,full_cache_correct,random,snapkv,0.2,0.2,6,6,6,0,0,0.0,0.08333333333333333,-0.08333333333333333,-0.25,0.0,0,5,1,2000,case,20260927
niah_length,niah_multi,8192,all,random,streaming,0.2,0.2,6,6,6,0,0,0.0,0.3333333333333333,-0.3333333333333333,-0.5,-0.16666666666666666,0,2,4,2000,case,20260927
niah_length,niah_multi,8192,full_cache_correct,random,streaming,0.2,0.2,6,6,6,0,0,0.0,0.3333333333333333,-0.3333333333333333,-0.5,-0.16666666666666666,0,2,4,2000,case,20260927
niah_length,niah_multi,8192,all,random,svdd,0.2,0.2,6,6,6,0,0,0.0,0.4166666666666667,-0.4166666666666667,-0.6666666666666666,-0.16666666666666666,0,2,4,2000,case,20260927
niah_length,niah_multi,8192,full_cache_correct,random,svdd,0.2,0.2,6,6,6,0,0,0.0,0.4166666666666667,-0.4166666666666667,-0.6666666666666666,-0.16666666666666666,0,2,4,2000,case,20260927
niah_length,niah_multi,8192,all,random,svdd_prerope,0.2,0.2,6,6,6,0,0,0.0,0.3333333333333333,-0.3333333333333333,-0.6666666666666666,-0.08333333333333333,0,3,3,2000,case,20260927
niah_length,niah_multi,8192,full_cache_correct,random,svdd_prerope,0.2,0.2,6,6,6,0,0,0.0,0.3333333333333333,-0.3333333333333333,-0.6666666666666666,-0.08333333333333333,0,3,3,2000,case,20260927
niah_length,niah_multi,8192,all,random,full,0.5,1.0,6,6,6,0,0,0.25,1.0,-0.75,-0.9166666666666666,-0.5833333333333334,0,0,6,2000,case,20260927
niah_length,niah_multi,8192,full_cache_correct,random,full,0.5,1.0,6,6,6,0,0,0.25,1.0,-0.75,-0.9166666666666666,-0.5833333333333334,0,0,6,2000,case,20260927
niah_length,niah_multi,8192,all,random,keydiff,0.5,0.5,6,6,6,0,0,0.25,1.0,-0.75,-0.9166666666666666,-0.5833333333333334,0,0,6,2000,case,20260927
niah_length,niah_multi,8192,full_cache_correct,random,keydiff,0.5,0.5,6,6,6,0,0,0.25,1.0,-0.75,-0.9166666666666666,-0.5833333333333334,0,0,6,2000,case,20260927
niah_length,niah_multi,8192,all,random,knorm,0.5,0.5,6,6,6,0,0,0.25,0.0,0.25,0.08333333333333333,0.4166666666666667,3,3,0,2000,case,20260927
niah_length,niah_multi,8192,full_cache_correct,random,knorm,0.5,0.5,6,6,6,0,0,0.25,0.0,0.25,0.08333333333333333,0.4166666666666667,3,3,0,2000,case,20260927
niah_length,niah_multi,8192,all,random,leverage,0.5,0.5,6,6,6,0,0,0.25,1.0,-0.75,-0.9166666666666666,-0.5833333333333334,0,0,6,2000,case,20260927
niah_length,niah_multi,8192,full_cache_correct,random,leverage,0.5,0.5,6,6,6,0,0,0.25,1.0,-0.75,-0.9166666666666666,-0.5833333333333334,0,0,6,2000,case,20260927
niah_length,niah_multi,8192,all,random,snapkv,0.5,0.5,6,6,6,0,0,0.25,0.08333333333333333,0.16666666666666666,0.0,0.3333333333333333,2,4,0,2000,case,20260927
niah_length,niah_multi,8192,full_cache_correct,random,snapkv,0.5,0.5,6,6,6,0,0,0.25,0.08333333333333333,0.16666666666666666,0.0,0.3333333333333333,2,4,0,2000,case,20260927
niah_length,niah_multi,8192,all,random,streaming,0.5,0.5,6,6,6,0,0,0.25,0.5,-0.25,-0.4166666666666667,-0.08333333333333333,0,3,3,2000,case,20260927
niah_length,niah_multi,8192,full_cache_correct,random,streaming,0.5,0.5,6,6,6,0,0,0.25,0.5,-0.25,-0.4166666666666667,-0.08333333333333333,0,3,3,2000,case,20260927
niah_length,niah_multi,8192,all,random,svdd,0.5,0.5,6,6,6,0,0,0.25,0.5833333333333334,-0.3333333333333333,-0.5,-0.16666666666666666,0,2,4,2000,case,20260927
niah_length,niah_multi,8192,full_cache_correct,random,svdd,0.5,0.5,6,6,6,0,0,0.25,0.5833333333333334,-0.3333333333333333,-0.5,-0.16666666666666666,0,2,4,2000,case,20260927
niah_length,niah_multi,8192,all,random,svdd_prerope,0.5,0.5,6,6,6,0,0,0.25,0.5833333333333334,-0.3333333333333333,-0.5,-0.16666666666666666,0,2,4,2000,case,20260927
niah_length,niah_multi,8192,full_cache_correct,random,svdd_prerope,0.5,0.5,6,6,6,0,0,0.25,0.5833333333333334,-0.3333333333333333,-0.5,-0.16666666666666666,0,2,4,2000,case,20260927
niah_length,niah_multi,8192,all,snapkv,full,0.1,1.0,6,6,6,0,0,0.0,1.0,-1.0,-1.0,-1.0,0,0,6,2000,case,20260927
niah_length,niah_multi,8192,full_cache_correct,snapkv,full,0.1,1.0,6,6,6,0,0,0.0,1.0,-1.0,-1.0,-1.0,0,0,6,2000,case,20260927
niah_length,niah_multi,8192,all,snapkv,keydiff,0.1,0.1,6,6,6,0,0,0.0,1.0,-1.0,-1.0,-1.0,0,0,6,2000,case,20260927
niah_length,niah_multi,8192,full_cache_correct,snapkv,keydiff,0.1,0.1,6,6,6,0,0,0.0,1.0,-1.0,-1.0,-1.0,0,0,6,2000,case,20260927
niah_length,niah_multi,8192,all,snapkv,knorm,0.1,0.1,6,6,6,0,0,0.0,0.0,0.0,0.0,0.0,0,6,0,2000,case,20260927
niah_length,niah_multi,8192,full_cache_correct,snapkv,knorm,0.1,0.1,6,6,6,0,0,0.0,0.0,0.0,0.0,0.0,0,6,0,2000,case,20260927
niah_length,niah_multi,8192,all,snapkv,leverage,0.1,0.1,6,6,6,0,0,0.0,0.8333333333333334,-0.8333333333333334,-1.0,-0.6666666666666666,0,0,6,2000,case,20260927
niah_length,niah_multi,8192,full_cache_correct,snapkv,leverage,0.1,0.1,6,6,6,0,0,0.0,0.8333333333333334,-0.8333333333333334,-1.0,-0.6666666666666666,0,0,6,2000,case,20260927
niah_length,niah_multi,8192,all,snapkv,random,0.1,0.1,6,6,6,0,0,0.0,0.0,0.0,0.0,0.0,0,6,0,2000,case,20260927
niah_length,niah_multi,8192,full_cache_correct,snapkv,random,0.1,0.1,6,6,6,0,0,0.0,0.0,0.0,0.0,0.0,0,6,0,2000,case,20260927
niah_length,niah_multi,8192,all,snapkv,streaming,0.1,0.1,6,6,6,0,0,0.0,0.0,0.0,0.0,0.0,0,6,0,2000,case,20260927
niah_length,niah_multi,8192,full_cache_correct,snapkv,streaming,0.1,0.1,6,6,6,0,0,0.0,0.0,0.0,0.0,0.0,0,6,0,2000,case,20260927
niah_length,niah_multi,8192,all,snapkv,svdd,0.1,0.1,6,6,6,0,0,0.0,0.08333333333333333,-0.08333333333333333,-0.25,0.0,0,5,1,2000,case,20260927
niah_length,niah_multi,8192,full_cache_correct,snapkv,svdd,0.1,0.1,6,6,6,0,0,0.0,0.08333333333333333,-0.08333333333333333,-0.25,0.0,0,5,1,2000,case,20260927
niah_length,niah_multi,8192,all,snapkv,svdd_prerope,0.1,0.1,6,6,6,0,0,0.0,0.16666666666666666,-0.16666666666666666,-0.3333333333333333,0.0,0,4,2,2000,case,20260927
niah_length,niah_multi,8192,full_cache_correct,snapkv,svdd_prerope,0.1,0.1,6,6,6,0,0,0.0,0.16666666666666666,-0.16666666666666666,-0.3333333333333333,0.0,0,4,2,2000,case,20260927
niah_length,niah_multi,8192,all,snapkv,full,0.2,1.0,6,6,6,0,0,0.08333333333333333,1.0,-0.9166666666666666,-1.0,-0.75,0,0,6,2000,case,20260927
niah_length,niah_multi,8192,full_cache_correct,snapkv,full,0.2,1.0,6,6,6,0,0,0.08333333333333333,1.0,-0.9166666666666666,-1.0,-0.75,0,0,6,2000,case,20260927
niah_length,niah_multi,8192,all,snapkv,keydiff,0.2,0.2,6,6,6,0,0,0.08333333333333333,1.0,-0.9166666666666666,-1.0,-0.75,0,0,6,2000,case,20260927
niah_length,niah_multi,8192,full_cache_correct,snapkv,keydiff,0.2,0.2,6,6,6,0,0,0.08333333333333333,1.0,-0.9166666666666666,-1.0,-0.75,0,0,6,2000,case,20260927
niah_length,niah_multi,8192,all,snapkv,knorm,0.2,0.2,6,6,6,0,0,0.08333333333333333,0.0,0.08333333333333333,0.0,0.25,1,5,0,2000,case,20260927
niah_length,niah_multi,8192,full_cache_correct,snapkv,knorm,0.2,0.2,6,6,6,0,0,0.08333333333333333,0.0,0.08333333333333333,0.0,0.25,1,5,0,2000,case,20260927
niah_length,niah_multi,8192,all,snapkv,leverage,0.2,0.2,6,6,6,0,0,0.08333333333333333,1.0,-0.9166666666666666,-1.0,-0.75,0,0,6,2000,case,20260927
niah_length,niah_multi,8192,full_cache_correct,snapkv,leverage,0.2,0.2,6,6,6,0,0,0.08333333333333333,1.0,-0.9166666666666666,-1.0,-0.75,0,0,6,2000,case,20260927
niah_length,niah_multi,8192,all,snapkv,random,0.2,0.2,6,6,6,0,0,0.08333333333333333,0.0,0.08333333333333333,0.0,0.25,1,5,0,2000,case,20260927
niah_length,niah_multi,8192,full_cache_correct,snapkv,random,0.2,0.2,6,6,6,0,0,0.08333333333333333,0.0,0.08333333333333333,0.0,0.25,1,5,0,2000,case,20260927
niah_length,niah_multi,8192,all,snapkv,streaming,0.2,0.2,6,6,6,0,0,0.08333333333333333,0.3333333333333333,-0.25,-0.4166666666666667,-0.08333333333333333,0,3,3,2000,case,20260927
niah_length,niah_multi,8192,full_cache_correct,snapkv,streaming,0.2,0.2,6,6,6,0,0,0.08333333333333333,0.3333333333333333,-0.25,-0.4166666666666667,-0.08333333333333333,0,3,3,2000,case,20260927
niah_length,niah_multi,8192,all,snapkv,svdd,0.2,0.2,6,6,6,0,0,0.08333333333333333,0.4166666666666667,-0.3333333333333333,-0.6666666666666666,-0.08333333333333333,0,3,3,2000,case,20260927
niah_length,niah_multi,8192,full_cache_correct,snapkv,svdd,0.2,0.2,6,6,6,0,0,0.08333333333333333,0.4166666666666667,-0.3333333333333333,-0.6666666666666666,-0.08333333333333333,0,3,3,2000,case,20260927
niah_length,niah_multi,8192,all,snapkv,svdd_prerope,0.2,0.2,6,6,6,0,0,0.08333333333333333,0.3333333333333333,-0.25,-0.6666666666666666,0.08333333333333333,1,2,3,2000,case,20260927
niah_length,niah_multi,8192,full_cache_correct,snapkv,svdd_prerope,0.2,0.2,6,6,6,0,0,0.08333333333333333,0.3333333333333333,-0.25,-0.5833333333333334,0.16666666666666666,1,2,3,2000,case,20260927
niah_length,niah_multi,8192,all,snapkv,full,0.5,1.0,6,6,6,0,0,0.08333333333333333,1.0,-0.9166666666666666,-1.0,-0.75,0,0,6,2000,case,20260927
niah_length,niah_multi,8192,full_cache_correct,snapkv,full,0.5,1.0,6,6,6,0,0,0.08333333333333333,1.0,-0.9166666666666666,-1.0,-0.75,0,0,6,2000,case,20260927
niah_length,niah_multi,8192,all,snapkv,keydiff,0.5,0.5,6,6,6,0,0,0.08333333333333333,1.0,-0.9166666666666666,-1.0,-0.75,0,0,6,2000,case,20260927
niah_length,niah_multi,8192,full_cache_correct,snapkv,keydiff,0.5,0.5,6,6,6,0,0,0.08333333333333333,1.0,-0.9166666666666666,-1.0,-0.75,0,0,6,2000,case,20260927
niah_length,niah_multi,8192,all,snapkv,knorm,0.5,0.5,6,6,6,0,0,0.08333333333333333,0.0,0.08333333333333333,0.0,0.25,1,5,0,2000,case,20260927
niah_length,niah_multi,8192,full_cache_correct,snapkv,knorm,0.5,0.5,6,6,6,0,0,0.08333333333333333,0.0,0.08333333333333333,0.0,0.25,1,5,0,2000,case,20260927
niah_length,niah_multi,8192,all,snapkv,leverage,0.5,0.5,6,6,6,0,0,0.08333333333333333,1.0,-0.9166666666666666,-1.0,-0.75,0,0,6,2000,case,20260927
niah_length,niah_multi,8192,full_cache_correct,snapkv,leverage,0.5,0.5,6,6,6,0,0,0.08333333333333333,1.0,-0.9166666666666666,-1.0,-0.75,0,0,6,2000,case,20260927
niah_length,niah_multi,8192,all,snapkv,random,0.5,0.5,6,6,6,0,0,0.08333333333333333,0.25,-0.16666666666666666,-0.3333333333333333,0.0,0,4,2,2000,case,20260927
niah_length,niah_multi,8192,full_cache_correct,snapkv,random,0.5,0.5,6,6,6,0,0,0.08333333333333333,0.25,-0.16666666666666666,-0.3333333333333333,0.0,0,4,2,2000,case,20260927
niah_length,niah_multi,8192,all,snapkv,streaming,0.5,0.5,6,6,6,0,0,0.08333333333333333,0.5,-0.4166666666666667,-0.5,-0.25,0,1,5,2000,case,20260927
niah_length,niah_multi,8192,full_cache_correct,snapkv,streaming,0.5,0.5,6,6,6,0,0,0.08333333333333333,0.5,-0.4166666666666667,-0.5,-0.25,0,1,5,2000,case,20260927
niah_length,niah_multi,8192,all,snapkv,svdd,0.5,0.5,6,6,6,0,0,0.08333333333333333,0.5833333333333334,-0.5,-0.75,-0.25,0,1,5,2000,case,20260927
niah_length,niah_multi,8192,full_cache_correct,snapkv,svdd,0.5,0.5,6,6,6,0,0,0.08333333333333333,0.5833333333333334,-0.5,-0.75,-0.25,0,1,5,2000,case,20260927
niah_length,niah_multi,8192,all,snapkv,svdd_prerope,0.5,0.5,6,6,6,0,0,0.08333333333333333,0.5833333333333334,-0.5,-0.75,-0.25,0,1,5,2000,case,20260927
niah_length,niah_multi,8192,full_cache_correct,snapkv,svdd_prerope,0.5,0.5,6,6,6,0,0,0.08333333333333333,0.5833333333333334,-0.5,-0.75,-0.25,0,1,5,2000,case,20260927
niah_length,niah_multi,8192,all,streaming,full,0.1,1.0,6,6,6,0,0,0.0,1.0,-1.0,-1.0,-1.0,0,0,6,2000,case,20260927
niah_length,niah_multi,8192,full_cache_correct,streaming,full,0.1,1.0,6,6,6,0,0,0.0,1.0,-1.0,-1.0,-1.0,0,0,6,2000,case,20260927
niah_length,niah_multi,8192,all,streaming,keydiff,0.1,0.1,6,6,6,0,0,0.0,1.0,-1.0,-1.0,-1.0,0,0,6,2000,case,20260927
niah_length,niah_multi,8192,full_cache_correct,streaming,keydiff,0.1,0.1,6,6,6,0,0,0.0,1.0,-1.0,-1.0,-1.0,0,0,6,2000,case,20260927
niah_length,niah_multi,8192,all,streaming,knorm,0.1,0.1,6,6,6,0,0,0.0,0.0,0.0,0.0,0.0,0,6,0,2000,case,20260927
niah_length,niah_multi,8192,full_cache_correct,streaming,knorm,0.1,0.1,6,6,6,0,0,0.0,0.0,0.0,0.0,0.0,0,6,0,2000,case,20260927
niah_length,niah_multi,8192,all,streaming,leverage,0.1,0.1,6,6,6,0,0,0.0,0.8333333333333334,-0.8333333333333334,-1.0,-0.6666666666666666,0,0,6,2000,case,20260927
niah_length,niah_multi,8192,full_cache_correct,streaming,leverage,0.1,0.1,6,6,6,0,0,0.0,0.8333333333333334,-0.8333333333333334,-1.0,-0.6666666666666666,0,0,6,2000,case,20260927
niah_length,niah_multi,8192,all,streaming,random,0.1,0.1,6,6,6,0,0,0.0,0.0,0.0,0.0,0.0,0,6,0,2000,case,20260927
niah_length,niah_multi,8192,full_cache_correct,streaming,random,0.1,0.1,6,6,6,0,0,0.0,0.0,0.0,0.0,0.0,0,6,0,2000,case,20260927
niah_length,niah_multi,8192,all,streaming,snapkv,0.1,0.1,6,6,6,0,0,0.0,0.0,0.0,0.0,0.0,0,6,0,2000,case,20260927
niah_length,niah_multi,8192,full_cache_correct,streaming,snapkv,0.1,0.1,6,6,6,0,0,0.0,0.0,0.0,0.0,0.0,0,6,0,2000,case,20260927
niah_length,niah_multi,8192,all,streaming,svdd,0.1,0.1,6,6,6,0,0,0.0,0.08333333333333333,-0.08333333333333333,-0.25,0.0,0,5,1,2000,case,20260927
niah_length,niah_multi,8192,full_cache_correct,streaming,svdd,0.1,0.1,6,6,6,0,0,0.0,0.08333333333333333,-0.08333333333333333,-0.25,0.0,0,5,1,2000,case,20260927
niah_length,niah_multi,8192,all,streaming,svdd_prerope,0.1,0.1,6,6,6,0,0,0.0,0.16666666666666666,-0.16666666666666666,-0.3333333333333333,0.0,0,4,2,2000,case,20260927
niah_length,niah_multi,8192,full_cache_correct,streaming,svdd_prerope,0.1,0.1,6,6,6,0,0,0.0,0.16666666666666666,-0.16666666666666666,-0.3333333333333333,0.0,0,4,2,2000,case,20260927
niah_length,niah_multi,8192,all,streaming,full,0.2,1.0,6,6,6,0,0,0.3333333333333333,1.0,-0.6666666666666666,-0.8333333333333334,-0.5,0,0,6,2000,case,20260927
niah_length,niah_multi,8192,full_cache_correct,streaming,full,0.2,1.0,6,6,6,0,0,0.3333333333333333,1.0,-0.6666666666666666,-0.8333333333333334,-0.5,0,0,6,2000,case,20260927
niah_length,niah_multi,8192,all,streaming,keydiff,0.2,0.2,6,6,6,0,0,0.3333333333333333,1.0,-0.6666666666666666,-0.9166666666666666,-0.5,0,0,6,2000,case,20260927
niah_length,niah_multi,8192,full_cache_correct,streaming,keydiff,0.2,0.2,6,6,6,0,0,0.3333333333333333,1.0,-0.6666666666666666,-0.8333333333333334,-0.5,0,0,6,2000,case,20260927
niah_length,niah_multi,8192,all,streaming,knorm,0.2,0.2,6,6,6,0,0,0.3333333333333333,0.0,0.3333333333333333,0.16666666666666666,0.5,4,2,0,2000,case,20260927
niah_length,niah_multi,8192,full_cache_correct,streaming,knorm,0.2,0.2,6,6,6,0,0,0.3333333333333333,0.0,0.3333333333333333,0.16666666666666666,0.5,4,2,0,2000,case,20260927
niah_length,niah_multi,8192,all,streaming,leverage,0.2,0.2,6,6,6,0,0,0.3333333333333333,1.0,-0.6666666666666666,-0.8333333333333334,-0.5,0,0,6,2000,case,20260927
niah_length,niah_multi,8192,full_cache_correct,streaming,leverage,0.2,0.2,6,6,6,0,0,0.3333333333333333,1.0,-0.6666666666666666,-0.8333333333333334,-0.5,0,0,6,2000,case,20260927
niah_length,niah_multi,8192,all,streaming,random,0.2,0.2,6,6,6,0,0,0.3333333333333333,0.0,0.3333333333333333,0.16666666666666666,0.5,4,2,0,2000,case,20260927
niah_length,niah_multi,8192,full_cache_correct,streaming,random,0.2,0.2,6,6,6,0,0,0.3333333333333333,0.0,0.3333333333333333,0.16666666666666666,0.5,4,2,0,2000,case,20260927
niah_length,niah_multi,8192,all,streaming,snapkv,0.2,0.2,6,6,6,0,0,0.3333333333333333,0.08333333333333333,0.25,0.08333333333333333,0.4166666666666667,3,3,0,2000,case,20260927
niah_length,niah_multi,8192,full_cache_correct,streaming,snapkv,0.2,0.2,6,6,6,0,0,0.3333333333333333,0.08333333333333333,0.25,0.08333333333333333,0.4166666666666667,3,3,0,2000,case,20260927
niah_length,niah_multi,8192,all,streaming,svdd,0.2,0.2,6,6,6,0,0,0.3333333333333333,0.4166666666666667,-0.08333333333333333,-0.4166666666666667,0.25,2,1,3,2000,case,20260927
niah_length,niah_multi,8192,full_cache_correct,streaming,svdd,0.2,0.2,6,6,6,0,0,0.3333333333333333,0.4166666666666667,-0.08333333333333333,-0.4166666666666667,0.25,2,1,3,2000,case,20260927
niah_length,niah_multi,8192,all,streaming,svdd_prerope,0.2,0.2,6,6,6,0,0,0.3333333333333333,0.3333333333333333,0.0,-0.5,0.4166666666666667,3,1,2,2000,case,20260927
niah_length,niah_multi,8192,full_cache_correct,streaming,svdd_prerope,0.2,0.2,6,6,6,0,0,0.3333333333333333,0.3333333333333333,0.0,-0.5,0.4166666666666667,3,1,2,2000,case,20260927
niah_length,niah_multi,8192,all,streaming,full,0.5,1.0,6,6,6,0,0,0.5,1.0,-0.5,-0.5,-0.5,0,0,6,2000,case,20260927
niah_length,niah_multi,8192,full_cache_correct,streaming,full,0.5,1.0,6,6,6,0,0,0.5,1.0,-0.5,-0.5,-0.5,0,0,6,2000,case,20260927
niah_length,niah_multi,8192,all,streaming,keydiff,0.5,0.5,6,6,6,0,0,0.5,1.0,-0.5,-0.5,-0.5,0,0,6,2000,case,20260927
niah_length,niah_multi,8192,full_cache_correct,streaming,keydiff,0.5,0.5,6,6,6,0,0,0.5,1.0,-0.5,-0.5,-0.5,0,0,6,2000,case,20260927
niah_length,niah_multi,8192,all,streaming,knorm,0.5,0.5,6,6,6,0,0,0.5,0.0,0.5,0.5,0.5,6,0,0,2000,case,20260927
niah_length,niah_multi,8192,full_cache_correct,streaming,knorm,0.5,0.5,6,6,6,0,0,0.5,0.0,0.5,0.5,0.5,6,0,0,2000,case,20260927
niah_length,niah_multi,8192,all,streaming,leverage,0.5,0.5,6,6,6,0,0,0.5,1.0,-0.5,-0.5,-0.5,0,0,6,2000,case,20260927
niah_length,niah_multi,8192,full_cache_correct,streaming,leverage,0.5,0.5,6,6,6,0,0,0.5,1.0,-0.5,-0.5,-0.5,0,0,6,2000,case,20260927
niah_length,niah_multi,8192,all,streaming,random,0.5,0.5,6,6,6,0,0,0.5,0.25,0.25,0.08333333333333333,0.4166666666666667,3,3,0,2000,case,20260927
niah_length,niah_multi,8192,full_cache_correct,streaming,random,0.5,0.5,6,6,6,0,0,0.5,0.25,0.25,0.08333333333333333,0.4166666666666667,3,3,0,2000,case,20260927
niah_length,niah_multi,8192,all,streaming,snapkv,0.5,0.5,6,6,6,0,0,0.5,0.08333333333333333,0.4166666666666667,0.25,0.5,5,1,0,2000,case,20260927
niah_length,niah_multi,8192,full_cache_correct,streaming,snapkv,0.5,0.5,6,6,6,0,0,0.5,0.08333333333333333,0.4166666666666667,0.25,0.5,5,1,0,2000,case,20260927
niah_length,niah_multi,8192,all,streaming,svdd,0.5,0.5,6,6,6,0,0,0.5,0.5833333333333334,-0.08333333333333333,-0.25,0.0,0,5,1,2000,case,20260927
niah_length,niah_multi,8192,full_cache_correct,streaming,svdd,0.5,0.5,6,6,6,0,0,0.5,0.5833333333333334,-0.08333333333333333,-0.25,0.0,0,5,1,2000,case,20260927
niah_length,niah_multi,8192,all,streaming,svdd_prerope,0.5,0.5,6,6,6,0,0,0.5,0.5833333333333334,-0.08333333333333333,-0.25,0.0,0,5,1,2000,case,20260927
niah_length,niah_multi,8192,full_cache_correct,streaming,svdd_prerope,0.5,0.5,6,6,6,0,0,0.5,0.5833333333333334,-0.08333333333333333,-0.25,0.0,0,5,1,2000,case,20260927
niah_length,niah_multi,8192,all,svdd,full,0.1,1.0,6,6,6,0,0,0.08333333333333333,1.0,-0.9166666666666666,-1.0,-0.75,0,0,6,2000,case,20260927
niah_length,niah_multi,8192,full_cache_correct,svdd,full,0.1,1.0,6,6,6,0,0,0.08333333333333333,1.0,-0.9166666666666666,-1.0,-0.75,0,0,6,2000,case,20260927
niah_length,niah_multi,8192,all,svdd,keydiff,0.1,0.1,6,6,6,0,0,0.08333333333333333,1.0,-0.9166666666666666,-1.0,-0.75,0,0,6,2000,case,20260927
niah_length,niah_multi,8192,full_cache_correct,svdd,keydiff,0.1,0.1,6,6,6,0,0,0.08333333333333333,1.0,-0.9166666666666666,-1.0,-0.75,0,0,6,2000,case,20260927
niah_length,niah_multi,8192,all,svdd,knorm,0.1,0.1,6,6,6,0,0,0.08333333333333333,0.0,0.08333333333333333,0.0,0.25,1,5,0,2000,case,20260927
niah_length,niah_multi,8192,full_cache_correct,svdd,knorm,0.1,0.1,6,6,6,0,0,0.08333333333333333,0.0,0.08333333333333333,0.0,0.25,1,5,0,2000,case,20260927
niah_length,niah_multi,8192,all,svdd,leverage,0.1,0.1,6,6,6,0,0,0.08333333333333333,0.8333333333333334,-0.75,-0.9166666666666666,-0.5833333333333334,0,0,6,2000,case,20260927
niah_length,niah_multi,8192,full_cache_correct,svdd,leverage,0.1,0.1,6,6,6,0,0,0.08333333333333333,0.8333333333333334,-0.75,-0.9166666666666666,-0.5833333333333334,0,0,6,2000,case,20260927
niah_length,niah_multi,8192,all,svdd,random,0.1,0.1,6,6,6,0,0,0.08333333333333333,0.0,0.08333333333333333,0.0,0.25,1,5,0,2000,case,20260927
niah_length,niah_multi,8192,full_cache_correct,svdd,random,0.1,0.1,6,6,6,0,0,0.08333333333333333,0.0,0.08333333333333333,0.0,0.25,1,5,0,2000,case,20260927
niah_length,niah_multi,8192,all,svdd,snapkv,0.1,0.1,6,6,6,0,0,0.08333333333333333,0.0,0.08333333333333333,0.0,0.25,1,5,0,2000,case,20260927
niah_length,niah_multi,8192,full_cache_correct,svdd,snapkv,0.1,0.1,6,6,6,0,0,0.08333333333333333,0.0,0.08333333333333333,0.0,0.25,1,5,0,2000,case,20260927
niah_length,niah_multi,8192,all,svdd,streaming,0.1,0.1,6,6,6,0,0,0.08333333333333333,0.0,0.08333333333333333,0.0,0.25,1,5,0,2000,case,20260927
niah_length,niah_multi,8192,full_cache_correct,svdd,streaming,0.1,0.1,6,6,6,0,0,0.08333333333333333,0.0,0.08333333333333333,0.0,0.25,1,5,0,2000,case,20260927
niah_length,niah_multi,8192,all,svdd,svdd_prerope,0.1,0.1,6,6,6,0,0,0.08333333333333333,0.16666666666666666,-0.08333333333333333,-0.25,0.0,0,5,1,2000,case,20260927
niah_length,niah_multi,8192,full_cache_correct,svdd,svdd_prerope,0.1,0.1,6,6,6,0,0,0.08333333333333333,0.16666666666666666,-0.08333333333333333,-0.25,0.0,0,5,1,2000,case,20260927
niah_length,niah_multi,8192,all,svdd,full,0.2,1.0,6,6,6,0,0,0.4166666666666667,1.0,-0.5833333333333334,-0.8333333333333334,-0.3333333333333333,0,1,5,2000,case,20260927
niah_length,niah_multi,8192,full_cache_correct,svdd,full,0.2,1.0,6,6,6,0,0,0.4166666666666667,1.0,-0.5833333333333334,-0.8333333333333334,-0.3333333333333333,0,1,5,2000,case,20260927
niah_length,niah_multi,8192,all,svdd,keydiff,0.2,0.2,6,6,6,0,0,0.4166666666666667,1.0,-0.5833333333333334,-0.8333333333333334,-0.3333333333333333,0,1,5,2000,case,20260927
niah_length,niah_multi,8192,full_cache_correct,svdd,keydiff,0.2,0.2,6,6,6,0,0,0.4166666666666667,1.0,-0.5833333333333334,-0.8333333333333334,-0.3333333333333333,0,1,5,2000,case,20260927
niah_length,niah_multi,8192,all,svdd,knorm,0.2,0.2,6,6,6,0,0,0.4166666666666667,0.0,0.4166666666666667,0.16666666666666666,0.6666666666666666,4,2,0,2000,case,20260927
niah_length,niah_multi,8192,full_cache_correct,svdd,knorm,0.2,0.2,6,6,6,0,0,0.4166666666666667,0.0,0.4166666666666667,0.16666666666666666,0.6666666666666666,4,2,0,2000,case,20260927
niah_length,niah_multi,8192,all,svdd,leverage,0.2,0.2,6,6,6,0,0,0.4166666666666667,1.0,-0.5833333333333334,-0.8333333333333334,-0.3333333333333333,0,1,5,2000,case,20260927
niah_length,niah_multi,8192,full_cache_correct,svdd,leverage,0.2,0.2,6,6,6,0,0,0.4166666666666667,1.0,-0.5833333333333334,-0.8333333333333334,-0.3333333333333333,0,1,5,2000,case,20260927
niah_length,niah_multi,8192,all,svdd,random,0.2,0.2,6,6,6,0,0,0.4166666666666667,0.0,0.4166666666666667,0.16666666666666666,0.6666666666666666,4,2,0,2000,case,20260927
niah_length,niah_multi,8192,full_cache_correct,svdd,random,0.2,0.2,6,6,6,0,0,0.4166666666666667,0.0,0.4166666666666667,0.16666666666666666,0.6666666666666666,4,2,0,2000,case,20260927
niah_length,niah_multi,8192,all,svdd,snapkv,0.2,0.2,6,6,6,0,0,0.4166666666666667,0.08333333333333333,0.3333333333333333,0.08333333333333333,0.6666666666666666,3,3,0,2000,case,20260927
niah_length,niah_multi,8192,full_cache_correct,svdd,snapkv,0.2,0.2,6,6,6,0,0,0.4166666666666667,0.08333333333333333,0.3333333333333333,0.08333333333333333,0.6666666666666666,3,3,0,2000,case,20260927
niah_length,niah_multi,8192,all,svdd,streaming,0.2,0.2,6,6,6,0,0,0.4166666666666667,0.3333333333333333,0.08333333333333333,-0.25,0.4166666666666667,3,1,2,2000,case,20260927
niah_length,niah_multi,8192,full_cache_correct,svdd,streaming,0.2,0.2,6,6,6,0,0,0.4166666666666667,0.3333333333333333,0.08333333333333333,-0.25,0.4166666666666667,3,1,2,2000,case,20260927
niah_length,niah_multi,8192,all,svdd,svdd_prerope,0.2,0.2,6,6,6,0,0,0.4166666666666667,0.3333333333333333,0.08333333333333333,-0.16666666666666666,0.3333333333333333,2,3,1,2000,case,20260927
niah_length,niah_multi,8192,full_cache_correct,svdd,svdd_prerope,0.2,0.2,6,6,6,0,0,0.4166666666666667,0.3333333333333333,0.08333333333333333,-0.16666666666666666,0.3333333333333333,2,3,1,2000,case,20260927
niah_length,niah_multi,8192,all,svdd,full,0.5,1.0,6,6,6,0,0,0.5833333333333334,1.0,-0.4166666666666667,-0.5,-0.25,0,1,5,2000,case,20260927
niah_length,niah_multi,8192,full_cache_correct,svdd,full,0.5,1.0,6,6,6,0,0,0.5833333333333334,1.0,-0.4166666666666667,-0.5,-0.25,0,1,5,2000,case,20260927
niah_length,niah_multi,8192,all,svdd,keydiff,0.5,0.5,6,6,6,0,0,0.5833333333333334,1.0,-0.4166666666666667,-0.5,-0.25,0,1,5,2000,case,20260927
niah_length,niah_multi,8192,full_cache_correct,svdd,keydiff,0.5,0.5,6,6,6,0,0,0.5833333333333334,1.0,-0.4166666666666667,-0.5,-0.25,0,1,5,2000,case,20260927
niah_length,niah_multi,8192,all,svdd,knorm,0.5,0.5,6,6,6,0,0,0.5833333333333334,0.0,0.5833333333333334,0.5,0.75,6,0,0,2000,case,20260927
niah_length,niah_multi,8192,full_cache_correct,svdd,knorm,0.5,0.5,6,6,6,0,0,0.5833333333333334,0.0,0.5833333333333334,0.5,0.75,6,0,0,2000,case,20260927
niah_length,niah_multi,8192,all,svdd,leverage,0.5,0.5,6,6,6,0,0,0.5833333333333334,1.0,-0.4166666666666667,-0.5,-0.25,0,1,5,2000,case,20260927
niah_length,niah_multi,8192,full_cache_correct,svdd,leverage,0.5,0.5,6,6,6,0,0,0.5833333333333334,1.0,-0.4166666666666667,-0.5,-0.25,0,1,5,2000,case,20260927
niah_length,niah_multi,8192,all,svdd,random,0.5,0.5,6,6,6,0,0,0.5833333333333334,0.25,0.3333333333333333,0.16666666666666666,0.5,4,2,0,2000,case,20260927
niah_length,niah_multi,8192,full_cache_correct,svdd,random,0.5,0.5,6,6,6,0,0,0.5833333333333334,0.25,0.3333333333333333,0.16666666666666666,0.5,4,2,0,2000,case,20260927
niah_length,niah_multi,8192,all,svdd,snapkv,0.5,0.5,6,6,6,0,0,0.5833333333333334,0.08333333333333333,0.5,0.25,0.75,5,1,0,2000,case,20260927
niah_length,niah_multi,8192,full_cache_correct,svdd,snapkv,0.5,0.5,6,6,6,0,0,0.5833333333333334,0.08333333333333333,0.5,0.25,0.75,5,1,0,2000,case,20260927
niah_length,niah_multi,8192,all,svdd,streaming,0.5,0.5,6,6,6,0,0,0.5833333333333334,0.5,0.08333333333333333,0.0,0.25,1,5,0,2000,case,20260927
niah_length,niah_multi,8192,full_cache_correct,svdd,streaming,0.5,0.5,6,6,6,0,0,0.5833333333333334,0.5,0.08333333333333333,0.0,0.25,1,5,0,2000,case,20260927
niah_length,niah_multi,8192,all,svdd,svdd_prerope,0.5,0.5,6,6,6,0,0,0.5833333333333334,0.5833333333333334,0.0,0.0,0.0,0,6,0,2000,case,20260927
niah_length,niah_multi,8192,full_cache_correct,svdd,svdd_prerope,0.5,0.5,6,6,6,0,0,0.5833333333333334,0.5833333333333334,0.0,0.0,0.0,0,6,0,2000,case,20260927
niah_length,niah_multi,8192,all,svdd_prerope,full,0.1,1.0,6,6,6,0,0,0.16666666666666666,1.0,-0.8333333333333334,-1.0,-0.6666666666666666,0,0,6,2000,case,20260927
niah_length,niah_multi,8192,full_cache_correct,svdd_prerope,full,0.1,1.0,6,6,6,0,0,0.16666666666666666,1.0,-0.8333333333333334,-1.0,-0.6666666666666666,0,0,6,2000,case,20260927
niah_length,niah_multi,8192,all,svdd_prerope,keydiff,0.1,0.1,6,6,6,0,0,0.16666666666666666,1.0,-0.8333333333333334,-1.0,-0.6666666666666666,0,0,6,2000,case,20260927
niah_length,niah_multi,8192,full_cache_correct,svdd_prerope,keydiff,0.1,0.1,6,6,6,0,0,0.16666666666666666,1.0,-0.8333333333333334,-1.0,-0.6666666666666666,0,0,6,2000,case,20260927
niah_length,niah_multi,8192,all,svdd_prerope,knorm,0.1,0.1,6,6,6,0,0,0.16666666666666666,0.0,0.16666666666666666,0.0,0.3333333333333333,2,4,0,2000,case,20260927
niah_length,niah_multi,8192,full_cache_correct,svdd_prerope,knorm,0.1,0.1,6,6,6,0,0,0.16666666666666666,0.0,0.16666666666666666,0.0,0.3333333333333333,2,4,0,2000,case,20260927
niah_length,niah_multi,8192,all,svdd_prerope,leverage,0.1,0.1,6,6,6,0,0,0.16666666666666666,0.8333333333333334,-0.6666666666666666,-0.8333333333333334,-0.5,0,0,6,2000,case,20260927
niah_length,niah_multi,8192,full_cache_correct,svdd_prerope,leverage,0.1,0.1,6,6,6,0,0,0.16666666666666666,0.8333333333333334,-0.6666666666666666,-0.8333333333333334,-0.5,0,0,6,2000,case,20260927
niah_length,niah_multi,8192,all,svdd_prerope,random,0.1,0.1,6,6,6,0,0,0.16666666666666666,0.0,0.16666666666666666,0.0,0.3333333333333333,2,4,0,2000,case,20260927
niah_length,niah_multi,8192,full_cache_correct,svdd_prerope,random,0.1,0.1,6,6,6,0,0,0.16666666666666666,0.0,0.16666666666666666,0.0,0.3333333333333333,2,4,0,2000,case,20260927
niah_length,niah_multi,8192,all,svdd_prerope,snapkv,0.1,0.1,6,6,6,0,0,0.16666666666666666,0.0,0.16666666666666666,0.0,0.3333333333333333,2,4,0,2000,case,20260927
niah_length,niah_multi,8192,full_cache_correct,svdd_prerope,snapkv,0.1,0.1,6,6,6,0,0,0.16666666666666666,0.0,0.16666666666666666,0.0,0.3333333333333333,2,4,0,2000,case,20260927
niah_length,niah_multi,8192,all,svdd_prerope,streaming,0.1,0.1,6,6,6,0,0,0.16666666666666666,0.0,0.16666666666666666,0.0,0.3333333333333333,2,4,0,2000,case,20260927
niah_length,niah_multi,8192,full_cache_correct,svdd_prerope,streaming,0.1,0.1,6,6,6,0,0,0.16666666666666666,0.0,0.16666666666666666,0.0,0.3333333333333333,2,4,0,2000,case,20260927
niah_length,niah_multi,8192,all,svdd_prerope,svdd,0.1,0.1,6,6,6,0,0,0.16666666666666666,0.08333333333333333,0.08333333333333333,0.0,0.25,1,5,0,2000,case,20260927
niah_length,niah_multi,8192,full_cache_correct,svdd_prerope,svdd,0.1,0.1,6,6,6,0,0,0.16666666666666666,0.08333333333333333,0.08333333333333333,0.0,0.25,1,5,0,2000,case,20260927
niah_length,niah_multi,8192,all,svdd_prerope,full,0.2,1.0,6,6,6,0,0,0.3333333333333333,1.0,-0.6666666666666666,-0.9166666666666666,-0.3333333333333333,0,1,5,2000,case,20260927
niah_length,niah_multi,8192,full_cache_correct,svdd_prerope,full,0.2,1.0,6,6,6,0,0,0.3333333333333333,1.0,-0.6666666666666666,-0.9166666666666666,-0.3333333333333333,0,1,5,2000,case,20260927
niah_length,niah_multi,8192,all,svdd_prerope,keydiff,0.2,0.2,6,6,6,0,0,0.3333333333333333,1.0,-0.6666666666666666,-0.9166666666666666,-0.3333333333333333,0,1,5,2000,case,20260927
niah_length,niah_multi,8192,full_cache_correct,svdd_prerope,keydiff,0.2,0.2,6,6,6,0,0,0.3333333333333333,1.0,-0.6666666666666666,-0.9166666666666666,-0.3333333333333333,0,1,5,2000,case,20260927
niah_length,niah_multi,8192,all,svdd_prerope,knorm,0.2,0.2,6,6,6,0,0,0.3333333333333333,0.0,0.3333333333333333,0.08333333333333333,0.6666666666666666,3,3,0,2000,case,20260927
niah_length,niah_multi,8192,full_cache_correct,svdd_prerope,knorm,0.2,0.2,6,6,6,0,0,0.3333333333333333,0.0,0.3333333333333333,0.08333333333333333,0.6666666666666666,3,3,0,2000,case,20260927
niah_length,niah_multi,8192,all,svdd_prerope,leverage,0.2,0.2,6,6,6,0,0,0.3333333333333333,1.0,-0.6666666666666666,-0.9166666666666666,-0.3333333333333333,0,1,5,2000,case,20260927
niah_length,niah_multi,8192,full_cache_correct,svdd_prerope,leverage,0.2,0.2,6,6,6,0,0,0.3333333333333333,1.0,-0.6666666666666666,-0.9166666666666666,-0.3333333333333333,0,1,5,2000,case,20260927
niah_length,niah_multi,8192,all,svdd_prerope,random,0.2,0.2,6,6,6,0,0,0.3333333333333333,0.0,0.3333333333333333,0.08333333333333333,0.6666666666666666,3,3,0,2000,case,20260927
niah_length,niah_multi,8192,full_cache_correct,svdd_prerope,random,0.2,0.2,6,6,6,0,0,0.3333333333333333,0.0,0.3333333333333333,0.08333333333333333,0.6666666666666666,3,3,0,2000,case,20260927
niah_length,niah_multi,8192,all,svdd_prerope,snapkv,0.2,0.2,6,6,6,0,0,0.3333333333333333,0.08333333333333333,0.25,-0.08541666666666654,0.5833333333333334,3,2,1,2000,case,20260927
niah_length,niah_multi,8192,full_cache_correct,svdd_prerope,snapkv,0.2,0.2,6,6,6,0,0,0.3333333333333333,0.08333333333333333,0.25,-0.16666666666666666,0.5833333333333334,3,2,1,2000,case,20260927
niah_length,niah_multi,8192,all,svdd_prerope,streaming,0.2,0.2,6,6,6,0,0,0.3333333333333333,0.3333333333333333,0.0,-0.4166666666666667,0.5,2,1,3,2000,case,20260927
niah_length,niah_multi,8192,full_cache_correct,svdd_prerope,streaming,0.2,0.2,6,6,6,0,0,0.3333333333333333,0.3333333333333333,0.0,-0.4166666666666667,0.5,2,1,3,2000,case,20260927
niah_length,niah_multi,8192,all,svdd_prerope,svdd,0.2,0.2,6,6,6,0,0,0.3333333333333333,0.4166666666666667,-0.08333333333333333,-0.3333333333333333,0.16666666666666666,1,3,2,2000,case,20260927
niah_length,niah_multi,8192,full_cache_correct,svdd_prerope,svdd,0.2,0.2,6,6,6,0,0,0.3333333333333333,0.4166666666666667,-0.08333333333333333,-0.3333333333333333,0.16666666666666666,1,3,2,2000,case,20260927
niah_length,niah_multi,8192,all,svdd_prerope,full,0.5,1.0,6,6,6,0,0,0.5833333333333334,1.0,-0.4166666666666667,-0.5,-0.25,0,1,5,2000,case,20260927
niah_length,niah_multi,8192,full_cache_correct,svdd_prerope,full,0.5,1.0,6,6,6,0,0,0.5833333333333334,1.0,-0.4166666666666667,-0.5,-0.25,0,1,5,2000,case,20260927
niah_length,niah_multi,8192,all,svdd_prerope,keydiff,0.5,0.5,6,6,6,0,0,0.5833333333333334,1.0,-0.4166666666666667,-0.5,-0.25,0,1,5,2000,case,20260927
niah_length,niah_multi,8192,full_cache_correct,svdd_prerope,keydiff,0.5,0.5,6,6,6,0,0,0.5833333333333334,1.0,-0.4166666666666667,-0.5,-0.25,0,1,5,2000,case,20260927
niah_length,niah_multi,8192,all,svdd_prerope,knorm,0.5,0.5,6,6,6,0,0,0.5833333333333334,0.0,0.5833333333333334,0.5,0.75,6,0,0,2000,case,20260927
niah_length,niah_multi,8192,full_cache_correct,svdd_prerope,knorm,0.5,0.5,6,6,6,0,0,0.5833333333333334,0.0,0.5833333333333334,0.5,0.75,6,0,0,2000,case,20260927
niah_length,niah_multi,8192,all,svdd_prerope,leverage,0.5,0.5,6,6,6,0,0,0.5833333333333334,1.0,-0.4166666666666667,-0.5,-0.25,0,1,5,2000,case,20260927
niah_length,niah_multi,8192,full_cache_correct,svdd_prerope,leverage,0.5,0.5,6,6,6,0,0,0.5833333333333334,1.0,-0.4166666666666667,-0.5,-0.25,0,1,5,2000,case,20260927
niah_length,niah_multi,8192,all,svdd_prerope,random,0.5,0.5,6,6,6,0,0,0.5833333333333334,0.25,0.3333333333333333,0.16666666666666666,0.5,4,2,0,2000,case,20260927
niah_length,niah_multi,8192,full_cache_correct,svdd_prerope,random,0.5,0.5,6,6,6,0,0,0.5833333333333334,0.25,0.3333333333333333,0.16666666666666666,0.5,4,2,0,2000,case,20260927
niah_length,niah_multi,8192,all,svdd_prerope,snapkv,0.5,0.5,6,6,6,0,0,0.5833333333333334,0.08333333333333333,0.5,0.25,0.75,5,1,0,2000,case,20260927
niah_length,niah_multi,8192,full_cache_correct,svdd_prerope,snapkv,0.5,0.5,6,6,6,0,0,0.5833333333333334,0.08333333333333333,0.5,0.25,0.75,5,1,0,2000,case,20260927
niah_length,niah_multi,8192,all,svdd_prerope,streaming,0.5,0.5,6,6,6,0,0,0.5833333333333334,0.5,0.08333333333333333,0.0,0.25,1,5,0,2000,case,20260927
niah_length,niah_multi,8192,full_cache_correct,svdd_prerope,streaming,0.5,0.5,6,6,6,0,0,0.5833333333333334,0.5,0.08333333333333333,0.0,0.25,1,5,0,2000,case,20260927
niah_length,niah_multi,8192,all,svdd_prerope,svdd,0.5,0.5,6,6,6,0,0,0.5833333333333334,0.5833333333333334,0.0,0.0,0.0,0,6,0,2000,case,20260927
niah_length,niah_multi,8192,full_cache_correct,svdd_prerope,svdd,0.5,0.5,6,6,6,0,0,0.5833333333333334,0.5833333333333334,0.0,0.0,0.0,0,6,0,2000,case,20260927
niah_length,niah_single,16384,all,keydiff,full,0.1,1.0,6,6,6,0,0,1.0,1.0,0.0,0.0,0.0,0,6,0,2000,case,20260927
niah_length,niah_single,16384,full_cache_correct,keydiff,full,0.1,1.0,6,6,6,0,0,1.0,1.0,0.0,0.0,0.0,0,6,0,2000,case,20260927
niah_length,niah_single,16384,all,keydiff,knorm,0.1,0.1,6,6,6,0,0,1.0,0.0,1.0,1.0,1.0,6,0,0,2000,case,20260927
niah_length,niah_single,16384,full_cache_correct,keydiff,knorm,0.1,0.1,6,6,6,0,0,1.0,0.0,1.0,1.0,1.0,6,0,0,2000,case,20260927
niah_length,niah_single,16384,all,keydiff,leverage,0.1,0.1,6,6,6,0,0,1.0,1.0,0.0,0.0,0.0,0,6,0,2000,case,20260927
niah_length,niah_single,16384,full_cache_correct,keydiff,leverage,0.1,0.1,6,6,6,0,0,1.0,1.0,0.0,0.0,0.0,0,6,0,2000,case,20260927
niah_length,niah_single,16384,all,keydiff,random,0.1,0.1,6,6,6,0,0,1.0,0.0,1.0,1.0,1.0,6,0,0,2000,case,20260927
niah_length,niah_single,16384,full_cache_correct,keydiff,random,0.1,0.1,6,6,6,0,0,1.0,0.0,1.0,1.0,1.0,6,0,0,2000,case,20260927
niah_length,niah_single,16384,all,keydiff,snapkv,0.1,0.1,6,6,6,0,0,1.0,0.0,1.0,1.0,1.0,6,0,0,2000,case,20260927
niah_length,niah_single,16384,full_cache_correct,keydiff,snapkv,0.1,0.1,6,6,6,0,0,1.0,0.0,1.0,1.0,1.0,6,0,0,2000,case,20260927
niah_length,niah_single,16384,all,keydiff,streaming,0.1,0.1,6,6,6,0,0,1.0,0.0,1.0,1.0,1.0,6,0,0,2000,case,20260927
niah_length,niah_single,16384,full_cache_correct,keydiff,streaming,0.1,0.1,6,6,6,0,0,1.0,0.0,1.0,1.0,1.0,6,0,0,2000,case,20260927
niah_length,niah_single,16384,all,keydiff,svdd,0.1,0.1,6,6,6,0,0,1.0,0.0,1.0,1.0,1.0,6,0,0,2000,case,20260927
niah_length,niah_single,16384,full_cache_correct,keydiff,svdd,0.1,0.1,6,6,6,0,0,1.0,0.0,1.0,1.0,1.0,6,0,0,2000,case,20260927
niah_length,niah_single,16384,all,keydiff,svdd_prerope,0.1,0.1,6,6,6,0,0,1.0,0.0,1.0,1.0,1.0,6,0,0,2000,case,20260927
niah_length,niah_single,16384,full_cache_correct,keydiff,svdd_prerope,0.1,0.1,6,6,6,0,0,1.0,0.0,1.0,1.0,1.0,6,0,0,2000,case,20260927
niah_length,niah_single,16384,all,keydiff,full,0.2,1.0,6,6,6,0,0,1.0,1.0,0.0,0.0,0.0,0,6,0,2000,case,20260927
niah_length,niah_single,16384,full_cache_correct,keydiff,full,0.2,1.0,6,6,6,0,0,1.0,1.0,0.0,0.0,0.0,0,6,0,2000,case,20260927
niah_length,niah_single,16384,all,keydiff,knorm,0.2,0.2,6,6,6,0,0,1.0,0.0,1.0,1.0,1.0,6,0,0,2000,case,20260927
niah_length,niah_single,16384,full_cache_correct,keydiff,knorm,0.2,0.2,6,6,6,0,0,1.0,0.0,1.0,1.0,1.0,6,0,0,2000,case,20260927
niah_length,niah_single,16384,all,keydiff,leverage,0.2,0.2,6,6,6,0,0,1.0,1.0,0.0,0.0,0.0,0,6,0,2000,case,20260927
niah_length,niah_single,16384,full_cache_correct,keydiff,leverage,0.2,0.2,6,6,6,0,0,1.0,1.0,0.0,0.0,0.0,0,6,0,2000,case,20260927
niah_length,niah_single,16384,all,keydiff,random,0.2,0.2,6,6,6,0,0,1.0,0.0,1.0,1.0,1.0,6,0,0,2000,case,20260927
niah_length,niah_single,16384,full_cache_correct,keydiff,random,0.2,0.2,6,6,6,0,0,1.0,0.0,1.0,1.0,1.0,6,0,0,2000,case,20260927
niah_length,niah_single,16384,all,keydiff,snapkv,0.2,0.2,6,6,6,0,0,1.0,0.0,1.0,1.0,1.0,6,0,0,2000,case,20260927
niah_length,niah_single,16384,full_cache_correct,keydiff,snapkv,0.2,0.2,6,6,6,0,0,1.0,0.0,1.0,1.0,1.0,6,0,0,2000,case,20260927
niah_length,niah_single,16384,all,keydiff,streaming,0.2,0.2,6,6,6,0,0,1.0,0.3333333333333333,0.6666666666666666,0.3333333333333333,1.0,4,2,0,2000,case,20260927
niah_length,niah_single,16384,full_cache_correct,keydiff,streaming,0.2,0.2,6,6,6,0,0,1.0,0.3333333333333333,0.6666666666666666,0.3333333333333333,1.0,4,2,0,2000,case,20260927
niah_length,niah_single,16384,all,keydiff,svdd,0.2,0.2,6,6,6,0,0,1.0,0.16666666666666666,0.8333333333333334,0.5,1.0,5,1,0,2000,case,20260927
niah_length,niah_single,16384,full_cache_correct,keydiff,svdd,0.2,0.2,6,6,6,0,0,1.0,0.16666666666666666,0.8333333333333334,0.5,1.0,5,1,0,2000,case,20260927
niah_length,niah_single,16384,all,keydiff,svdd_prerope,0.2,0.2,6,6,6,0,0,1.0,0.3333333333333333,0.6666666666666666,0.3333333333333333,1.0,4,2,0,2000,case,20260927
niah_length,niah_single,16384,full_cache_correct,keydiff,svdd_prerope,0.2,0.2,6,6,6,0,0,1.0,0.3333333333333333,0.6666666666666666,0.3333333333333333,1.0,4,2,0,2000,case,20260927
niah_length,niah_single,16384,all,keydiff,full,0.5,1.0,6,6,6,0,0,1.0,1.0,0.0,0.0,0.0,0,6,0,2000,case,20260927
niah_length,niah_single,16384,full_cache_correct,keydiff,full,0.5,1.0,6,6,6,0,0,1.0,1.0,0.0,0.0,0.0,0,6,0,2000,case,20260927
niah_length,niah_single,16384,all,keydiff,knorm,0.5,0.5,6,6,6,0,0,1.0,0.16666666666666666,0.8333333333333334,0.5,1.0,5,1,0,2000,case,20260927
niah_length,niah_single,16384,full_cache_correct,keydiff,knorm,0.5,0.5,6,6,6,0,0,1.0,0.16666666666666666,0.8333333333333334,0.5,1.0,5,1,0,2000,case,20260927
niah_length,niah_single,16384,all,keydiff,leverage,0.5,0.5,6,6,6,0,0,1.0,1.0,0.0,0.0,0.0,0,6,0,2000,case,20260927
niah_length,niah_single,16384,full_cache_correct,keydiff,leverage,0.5,0.5,6,6,6,0,0,1.0,1.0,0.0,0.0,0.0,0,6,0,2000,case,20260927
niah_length,niah_single,16384,all,keydiff,random,0.5,0.5,6,6,6,0,0,1.0,0.3333333333333333,0.6666666666666666,0.3333333333333333,1.0,4,2,0,2000,case,20260927
niah_length,niah_single,16384,full_cache_correct,keydiff,random,0.5,0.5,6,6,6,0,0,1.0,0.3333333333333333,0.6666666666666666,0.3333333333333333,1.0,4,2,0,2000,case,20260927
niah_length,niah_single,16384,all,keydiff,snapkv,0.5,0.5,6,6,6,0,0,1.0,0.5,0.5,0.16666666666666666,0.8333333333333334,3,3,0,2000,case,20260927
niah_length,niah_single,16384,full_cache_correct,keydiff,snapkv,0.5,0.5,6,6,6,0,0,1.0,0.5,0.5,0.16666666666666666,0.8333333333333334,3,3,0,2000,case,20260927
niah_length,niah_single,16384,all,keydiff,streaming,0.5,0.5,6,6,6,0,0,1.0,0.6666666666666666,0.3333333333333333,0.0,0.6666666666666666,2,4,0,2000,case,20260927
niah_length,niah_single,16384,full_cache_correct,keydiff,streaming,0.5,0.5,6,6,6,0,0,1.0,0.6666666666666666,0.3333333333333333,0.0,0.6666666666666666,2,4,0,2000,case,20260927
niah_length,niah_single,16384,all,keydiff,svdd,0.5,0.5,6,6,6,0,0,1.0,0.5,0.5,0.16666666666666666,0.8333333333333334,3,3,0,2000,case,20260927
niah_length,niah_single,16384,full_cache_correct,keydiff,svdd,0.5,0.5,6,6,6,0,0,1.0,0.5,0.5,0.16666666666666666,0.8333333333333334,3,3,0,2000,case,20260927
niah_length,niah_single,16384,all,keydiff,svdd_prerope,0.5,0.5,6,6,6,0,0,1.0,0.3333333333333333,0.6666666666666666,0.3333333333333333,1.0,4,2,0,2000,case,20260927
niah_length,niah_single,16384,full_cache_correct,keydiff,svdd_prerope,0.5,0.5,6,6,6,0,0,1.0,0.3333333333333333,0.6666666666666666,0.3333333333333333,1.0,4,2,0,2000,case,20260927
niah_length,niah_single,16384,all,knorm,full,0.1,1.0,6,6,6,0,0,0.0,1.0,-1.0,-1.0,-1.0,0,0,6,2000,case,20260927
niah_length,niah_single,16384,full_cache_correct,knorm,full,0.1,1.0,6,6,6,0,0,0.0,1.0,-1.0,-1.0,-1.0,0,0,6,2000,case,20260927
niah_length,niah_single,16384,all,knorm,keydiff,0.1,0.1,6,6,6,0,0,0.0,1.0,-1.0,-1.0,-1.0,0,0,6,2000,case,20260927
niah_length,niah_single,16384,full_cache_correct,knorm,keydiff,0.1,0.1,6,6,6,0,0,0.0,1.0,-1.0,-1.0,-1.0,0,0,6,2000,case,20260927
niah_length,niah_single,16384,all,knorm,leverage,0.1,0.1,6,6,6,0,0,0.0,1.0,-1.0,-1.0,-1.0,0,0,6,2000,case,20260927
niah_length,niah_single,16384,full_cache_correct,knorm,leverage,0.1,0.1,6,6,6,0,0,0.0,1.0,-1.0,-1.0,-1.0,0,0,6,2000,case,20260927
niah_length,niah_single,16384,all,knorm,random,0.1,0.1,6,6,6,0,0,0.0,0.0,0.0,0.0,0.0,0,6,0,2000,case,20260927
niah_length,niah_single,16384,full_cache_correct,knorm,random,0.1,0.1,6,6,6,0,0,0.0,0.0,0.0,0.0,0.0,0,6,0,2000,case,20260927
niah_length,niah_single,16384,all,knorm,snapkv,0.1,0.1,6,6,6,0,0,0.0,0.0,0.0,0.0,0.0,0,6,0,2000,case,20260927
niah_length,niah_single,16384,full_cache_correct,knorm,snapkv,0.1,0.1,6,6,6,0,0,0.0,0.0,0.0,0.0,0.0,0,6,0,2000,case,20260927
niah_length,niah_single,16384,all,knorm,streaming,0.1,0.1,6,6,6,0,0,0.0,0.0,0.0,0.0,0.0,0,6,0,2000,case,20260927
niah_length,niah_single,16384,full_cache_correct,knorm,streaming,0.1,0.1,6,6,6,0,0,0.0,0.0,0.0,0.0,0.0,0,6,0,2000,case,20260927
niah_length,niah_single,16384,all,knorm,svdd,0.1,0.1,6,6,6,0,0,0.0,0.0,0.0,0.0,0.0,0,6,0,2000,case,20260927
niah_length,niah_single,16384,full_cache_correct,knorm,svdd,0.1,0.1,6,6,6,0,0,0.0,0.0,0.0,0.0,0.0,0,6,0,2000,case,20260927
niah_length,niah_single,16384,all,knorm,svdd_prerope,0.1,0.1,6,6,6,0,0,0.0,0.0,0.0,0.0,0.0,0,6,0,2000,case,20260927
niah_length,niah_single,16384,full_cache_correct,knorm,svdd_prerope,0.1,0.1,6,6,6,0,0,0.0,0.0,0.0,0.0,0.0,0,6,0,2000,case,20260927
niah_length,niah_single,16384,all,knorm,full,0.2,1.0,6,6,6,0,0,0.0,1.0,-1.0,-1.0,-1.0,0,0,6,2000,case,20260927
niah_length,niah_single,16384,full_cache_correct,knorm,full,0.2,1.0,6,6,6,0,0,0.0,1.0,-1.0,-1.0,-1.0,0,0,6,2000,case,20260927
niah_length,niah_single,16384,all,knorm,keydiff,0.2,0.2,6,6,6,0,0,0.0,1.0,-1.0,-1.0,-1.0,0,0,6,2000,case,20260927
niah_length,niah_single,16384,full_cache_correct,knorm,keydiff,0.2,0.2,6,6,6,0,0,0.0,1.0,-1.0,-1.0,-1.0,0,0,6,2000,case,20260927
niah_length,niah_single,16384,all,knorm,leverage,0.2,0.2,6,6,6,0,0,0.0,1.0,-1.0,-1.0,-1.0,0,0,6,2000,case,20260927
niah_length,niah_single,16384,full_cache_correct,knorm,leverage,0.2,0.2,6,6,6,0,0,0.0,1.0,-1.0,-1.0,-1.0,0,0,6,2000,case,20260927
niah_length,niah_single,16384,all,knorm,random,0.2,0.2,6,6,6,0,0,0.0,0.0,0.0,0.0,0.0,0,6,0,2000,case,20260927
niah_length,niah_single,16384,full_cache_correct,knorm,random,0.2,0.2,6,6,6,0,0,0.0,0.0,0.0,0.0,0.0,0,6,0,2000,case,20260927
niah_length,niah_single,16384,all,knorm,snapkv,0.2,0.2,6,6,6,0,0,0.0,0.0,0.0,0.0,0.0,0,6,0,2000,case,20260927
niah_length,niah_single,16384,full_cache_correct,knorm,snapkv,0.2,0.2,6,6,6,0,0,0.0,0.0,0.0,0.0,0.0,0,6,0,2000,case,20260927
niah_length,niah_single,16384,all,knorm,streaming,0.2,0.2,6,6,6,0,0,0.0,0.3333333333333333,-0.3333333333333333,-0.6666666666666666,0.0,0,4,2,2000,case,20260927
niah_length,niah_single,16384,full_cache_correct,knorm,streaming,0.2,0.2,6,6,6,0,0,0.0,0.3333333333333333,-0.3333333333333333,-0.6666666666666666,0.0,0,4,2,2000,case,20260927
niah_length,niah_single,16384,all,knorm,svdd,0.2,0.2,6,6,6,0,0,0.0,0.16666666666666666,-0.16666666666666666,-0.5,0.0,0,5,1,2000,case,20260927
niah_length,niah_single,16384,full_cache_correct,knorm,svdd,0.2,0.2,6,6,6,0,0,0.0,0.16666666666666666,-0.16666666666666666,-0.5,0.0,0,5,1,2000,case,20260927
niah_length,niah_single,16384,all,knorm,svdd_prerope,0.2,0.2,6,6,6,0,0,0.0,0.3333333333333333,-0.3333333333333333,-0.6666666666666666,0.0,0,4,2,2000,case,20260927
niah_length,niah_single,16384,full_cache_correct,knorm,svdd_prerope,0.2,0.2,6,6,6,0,0,0.0,0.3333333333333333,-0.3333333333333333,-0.6666666666666666,0.0,0,4,2,2000,case,20260927
niah_length,niah_single,16384,all,knorm,full,0.5,1.0,6,6,6,0,0,0.16666666666666666,1.0,-0.8333333333333334,-1.0,-0.5,0,1,5,2000,case,20260927
niah_length,niah_single,16384,full_cache_correct,knorm,full,0.5,1.0,6,6,6,0,0,0.16666666666666666,1.0,-0.8333333333333334,-1.0,-0.5,0,1,5,2000,case,20260927
niah_length,niah_single,16384,all,knorm,keydiff,0.5,0.5,6,6,6,0,0,0.16666666666666666,1.0,-0.8333333333333334,-1.0,-0.5,0,1,5,2000,case,20260927
niah_length,niah_single,16384,full_cache_correct,knorm,keydiff,0.5,0.5,6,6,6,0,0,0.16666666666666666,1.0,-0.8333333333333334,-1.0,-0.5,0,1,5,2000,case,20260927
niah_length,niah_single,16384,all,knorm,leverage,0.5,0.5,6,6,6,0,0,0.16666666666666666,1.0,-0.8333333333333334,-1.0,-0.5,0,1,5,2000,case,20260927
niah_length,niah_single,16384,full_cache_correct,knorm,leverage,0.5,0.5,6,6,6,0,0,0.16666666666666666,1.0,-0.8333333333333334,-1.0,-0.5,0,1,5,2000,case,20260927
niah_length,niah_single,16384,all,knorm,random,0.5,0.5,6,6,6,0,0,0.16666666666666666,0.3333333333333333,-0.16666666666666666,-0.6666666666666666,0.3333333333333333,1,3,2,2000,case,20260927
niah_length,niah_single,16384,full_cache_correct,knorm,random,0.5,0.5,6,6,6,0,0,0.16666666666666666,0.3333333333333333,-0.16666666666666666,-0.6666666666666666,0.3333333333333333,1,3,2,2000,case,20260927
niah_length,niah_single,16384,all,knorm,snapkv,0.5,0.5,6,6,6,0,0,0.16666666666666666,0.5,-0.3333333333333333,-0.6666666666666666,0.0,0,4,2,2000,case,20260927
niah_length,niah_single,16384,full_cache_correct,knorm,snapkv,0.5,0.5,6,6,6,0,0,0.16666666666666666,0.5,-0.3333333333333333,-0.6666666666666666,0.0,0,4,2,2000,case,20260927
niah_length,niah_single,16384,all,knorm,streaming,0.5,0.5,6,6,6,0,0,0.16666666666666666,0.6666666666666666,-0.5,-0.8333333333333334,-0.16666666666666666,0,3,3,2000,case,20260927
niah_length,niah_single,16384,full_cache_correct,knorm,streaming,0.5,0.5,6,6,6,0,0,0.16666666666666666,0.6666666666666666,-0.5,-0.8333333333333334,-0.16666666666666666,0,3,3,2000,case,20260927
niah_length,niah_single,16384,all,knorm,svdd,0.5,0.5,6,6,6,0,0,0.16666666666666666,0.5,-0.3333333333333333,-0.6666666666666666,0.0,0,4,2,2000,case,20260927
niah_length,niah_single,16384,full_cache_correct,knorm,svdd,0.5,0.5,6,6,6,0,0,0.16666666666666666,0.5,-0.3333333333333333,-0.6666666666666666,0.0,0,4,2,2000,case,20260927
niah_length,niah_single,16384,all,knorm,svdd_prerope,0.5,0.5,6,6,6,0,0,0.16666666666666666,0.3333333333333333,-0.16666666666666666,-0.6666666666666666,0.3333333333333333,1,3,2,2000,case,20260927
niah_length,niah_single,16384,full_cache_correct,knorm,svdd_prerope,0.5,0.5,6,6,6,0,0,0.16666666666666666,0.3333333333333333,-0.16666666666666666,-0.6666666666666666,0.3333333333333333,1,3,2,2000,case,20260927
niah_length,niah_single,16384,all,leverage,full,0.1,1.0,6,6,6,0,0,1.0,1.0,0.0,0.0,0.0,0,6,0,2000,case,20260927
niah_length,niah_single,16384,full_cache_correct,leverage,full,0.1,1.0,6,6,6,0,0,1.0,1.0,0.0,0.0,0.0,0,6,0,2000,case,20260927
niah_length,niah_single,16384,all,leverage,keydiff,0.1,0.1,6,6,6,0,0,1.0,1.0,0.0,0.0,0.0,0,6,0,2000,case,20260927
niah_length,niah_single,16384,full_cache_correct,leverage,keydiff,0.1,0.1,6,6,6,0,0,1.0,1.0,0.0,0.0,0.0,0,6,0,2000,case,20260927
niah_length,niah_single,16384,all,leverage,knorm,0.1,0.1,6,6,6,0,0,1.0,0.0,1.0,1.0,1.0,6,0,0,2000,case,20260927
niah_length,niah_single,16384,full_cache_correct,leverage,knorm,0.1,0.1,6,6,6,0,0,1.0,0.0,1.0,1.0,1.0,6,0,0,2000,case,20260927
niah_length,niah_single,16384,all,leverage,random,0.1,0.1,6,6,6,0,0,1.0,0.0,1.0,1.0,1.0,6,0,0,2000,case,20260927
niah_length,niah_single,16384,full_cache_correct,leverage,random,0.1,0.1,6,6,6,0,0,1.0,0.0,1.0,1.0,1.0,6,0,0,2000,case,20260927
niah_length,niah_single,16384,all,leverage,snapkv,0.1,0.1,6,6,6,0,0,1.0,0.0,1.0,1.0,1.0,6,0,0,2000,case,20260927
niah_length,niah_single,16384,full_cache_correct,leverage,snapkv,0.1,0.1,6,6,6,0,0,1.0,0.0,1.0,1.0,1.0,6,0,0,2000,case,20260927
niah_length,niah_single,16384,all,leverage,streaming,0.1,0.1,6,6,6,0,0,1.0,0.0,1.0,1.0,1.0,6,0,0,2000,case,20260927
niah_length,niah_single,16384,full_cache_correct,leverage,streaming,0.1,0.1,6,6,6,0,0,1.0,0.0,1.0,1.0,1.0,6,0,0,2000,case,20260927
niah_length,niah_single,16384,all,leverage,svdd,0.1,0.1,6,6,6,0,0,1.0,0.0,1.0,1.0,1.0,6,0,0,2000,case,20260927
niah_length,niah_single,16384,full_cache_correct,leverage,svdd,0.1,0.1,6,6,6,0,0,1.0,0.0,1.0,1.0,1.0,6,0,0,2000,case,20260927
niah_length,niah_single,16384,all,leverage,svdd_prerope,0.1,0.1,6,6,6,0,0,1.0,0.0,1.0,1.0,1.0,6,0,0,2000,case,20260927
niah_length,niah_single,16384,full_cache_correct,leverage,svdd_prerope,0.1,0.1,6,6,6,0,0,1.0,0.0,1.0,1.0,1.0,6,0,0,2000,case,20260927
niah_length,niah_single,16384,all,leverage,full,0.2,1.0,6,6,6,0,0,1.0,1.0,0.0,0.0,0.0,0,6,0,2000,case,20260927
niah_length,niah_single,16384,full_cache_correct,leverage,full,0.2,1.0,6,6,6,0,0,1.0,1.0,0.0,0.0,0.0,0,6,0,2000,case,20260927
niah_length,niah_single,16384,all,leverage,keydiff,0.2,0.2,6,6,6,0,0,1.0,1.0,0.0,0.0,0.0,0,6,0,2000,case,20260927
niah_length,niah_single,16384,full_cache_correct,leverage,keydiff,0.2,0.2,6,6,6,0,0,1.0,1.0,0.0,0.0,0.0,0,6,0,2000,case,20260927
niah_length,niah_single,16384,all,leverage,knorm,0.2,0.2,6,6,6,0,0,1.0,0.0,1.0,1.0,1.0,6,0,0,2000,case,20260927
niah_length,niah_single,16384,full_cache_correct,leverage,knorm,0.2,0.2,6,6,6,0,0,1.0,0.0,1.0,1.0,1.0,6,0,0,2000,case,20260927
niah_length,niah_single,16384,all,leverage,random,0.2,0.2,6,6,6,0,0,1.0,0.0,1.0,1.0,1.0,6,0,0,2000,case,20260927
niah_length,niah_single,16384,full_cache_correct,leverage,random,0.2,0.2,6,6,6,0,0,1.0,0.0,1.0,1.0,1.0,6,0,0,2000,case,20260927
niah_length,niah_single,16384,all,leverage,snapkv,0.2,0.2,6,6,6,0,0,1.0,0.0,1.0,1.0,1.0,6,0,0,2000,case,20260927
niah_length,niah_single,16384,full_cache_correct,leverage,snapkv,0.2,0.2,6,6,6,0,0,1.0,0.0,1.0,1.0,1.0,6,0,0,2000,case,20260927
niah_length,niah_single,16384,all,leverage,streaming,0.2,0.2,6,6,6,0,0,1.0,0.3333333333333333,0.6666666666666666,0.3333333333333333,1.0,4,2,0,2000,case,20260927
niah_length,niah_single,16384,full_cache_correct,leverage,streaming,0.2,0.2,6,6,6,0,0,1.0,0.3333333333333333,0.6666666666666666,0.3333333333333333,1.0,4,2,0,2000,case,20260927
niah_length,niah_single,16384,all,leverage,svdd,0.2,0.2,6,6,6,0,0,1.0,0.16666666666666666,0.8333333333333334,0.5,1.0,5,1,0,2000,case,20260927
niah_length,niah_single,16384,full_cache_correct,leverage,svdd,0.2,0.2,6,6,6,0,0,1.0,0.16666666666666666,0.8333333333333334,0.5,1.0,5,1,0,2000,case,20260927
niah_length,niah_single,16384,all,leverage,svdd_prerope,0.2,0.2,6,6,6,0,0,1.0,0.3333333333333333,0.6666666666666666,0.3333333333333333,1.0,4,2,0,2000,case,20260927
niah_length,niah_single,16384,full_cache_correct,leverage,svdd_prerope,0.2,0.2,6,6,6,0,0,1.0,0.3333333333333333,0.6666666666666666,0.3333333333333333,1.0,4,2,0,2000,case,20260927
niah_length,niah_single,16384,all,leverage,full,0.5,1.0,6,6,6,0,0,1.0,1.0,0.0,0.0,0.0,0,6,0,2000,case,20260927
niah_length,niah_single,16384,full_cache_correct,leverage,full,0.5,1.0,6,6,6,0,0,1.0,1.0,0.0,0.0,0.0,0,6,0,2000,case,20260927
niah_length,niah_single,16384,all,leverage,keydiff,0.5,0.5,6,6,6,0,0,1.0,1.0,0.0,0.0,0.0,0,6,0,2000,case,20260927
niah_length,niah_single,16384,full_cache_correct,leverage,keydiff,0.5,0.5,6,6,6,0,0,1.0,1.0,0.0,0.0,0.0,0,6,0,2000,case,20260927
niah_length,niah_single,16384,all,leverage,knorm,0.5,0.5,6,6,6,0,0,1.0,0.16666666666666666,0.8333333333333334,0.5,1.0,5,1,0,2000,case,20260927
niah_length,niah_single,16384,full_cache_correct,leverage,knorm,0.5,0.5,6,6,6,0,0,1.0,0.16666666666666666,0.8333333333333334,0.5,1.0,5,1,0,2000,case,20260927
niah_length,niah_single,16384,all,leverage,random,0.5,0.5,6,6,6,0,0,1.0,0.3333333333333333,0.6666666666666666,0.3333333333333333,1.0,4,2,0,2000,case,20260927
niah_length,niah_single,16384,full_cache_correct,leverage,random,0.5,0.5,6,6,6,0,0,1.0,0.3333333333333333,0.6666666666666666,0.3333333333333333,1.0,4,2,0,2000,case,20260927
niah_length,niah_single,16384,all,leverage,snapkv,0.5,0.5,6,6,6,0,0,1.0,0.5,0.5,0.16666666666666666,0.8333333333333334,3,3,0,2000,case,20260927
niah_length,niah_single,16384,full_cache_correct,leverage,snapkv,0.5,0.5,6,6,6,0,0,1.0,0.5,0.5,0.16666666666666666,0.8333333333333334,3,3,0,2000,case,20260927
niah_length,niah_single,16384,all,leverage,streaming,0.5,0.5,6,6,6,0,0,1.0,0.6666666666666666,0.3333333333333333,0.0,0.6666666666666666,2,4,0,2000,case,20260927
niah_length,niah_single,16384,full_cache_correct,leverage,streaming,0.5,0.5,6,6,6,0,0,1.0,0.6666666666666666,0.3333333333333333,0.0,0.6666666666666666,2,4,0,2000,case,20260927
niah_length,niah_single,16384,all,leverage,svdd,0.5,0.5,6,6,6,0,0,1.0,0.5,0.5,0.16666666666666666,0.8333333333333334,3,3,0,2000,case,20260927
niah_length,niah_single,16384,full_cache_correct,leverage,svdd,0.5,0.5,6,6,6,0,0,1.0,0.5,0.5,0.16666666666666666,0.8333333333333334,3,3,0,2000,case,20260927
niah_length,niah_single,16384,all,leverage,svdd_prerope,0.5,0.5,6,6,6,0,0,1.0,0.3333333333333333,0.6666666666666666,0.3333333333333333,1.0,4,2,0,2000,case,20260927
niah_length,niah_single,16384,full_cache_correct,leverage,svdd_prerope,0.5,0.5,6,6,6,0,0,1.0,0.3333333333333333,0.6666666666666666,0.3333333333333333,1.0,4,2,0,2000,case,20260927
niah_length,niah_single,16384,all,random,full,0.1,1.0,6,6,6,0,0,0.0,1.0,-1.0,-1.0,-1.0,0,0,6,2000,case,20260927
niah_length,niah_single,16384,full_cache_correct,random,full,0.1,1.0,6,6,6,0,0,0.0,1.0,-1.0,-1.0,-1.0,0,0,6,2000,case,20260927
niah_length,niah_single,16384,all,random,keydiff,0.1,0.1,6,6,6,0,0,0.0,1.0,-1.0,-1.0,-1.0,0,0,6,2000,case,20260927
niah_length,niah_single,16384,full_cache_correct,random,keydiff,0.1,0.1,6,6,6,0,0,0.0,1.0,-1.0,-1.0,-1.0,0,0,6,2000,case,20260927
niah_length,niah_single,16384,all,random,knorm,0.1,0.1,6,6,6,0,0,0.0,0.0,0.0,0.0,0.0,0,6,0,2000,case,20260927
niah_length,niah_single,16384,full_cache_correct,random,knorm,0.1,0.1,6,6,6,0,0,0.0,0.0,0.0,0.0,0.0,0,6,0,2000,case,20260927
niah_length,niah_single,16384,all,random,leverage,0.1,0.1,6,6,6,0,0,0.0,1.0,-1.0,-1.0,-1.0,0,0,6,2000,case,20260927
niah_length,niah_single,16384,full_cache_correct,random,leverage,0.1,0.1,6,6,6,0,0,0.0,1.0,-1.0,-1.0,-1.0,0,0,6,2000,case,20260927
niah_length,niah_single,16384,all,random,snapkv,0.1,0.1,6,6,6,0,0,0.0,0.0,0.0,0.0,0.0,0,6,0,2000,case,20260927
niah_length,niah_single,16384,full_cache_correct,random,snapkv,0.1,0.1,6,6,6,0,0,0.0,0.0,0.0,0.0,0.0,0,6,0,2000,case,20260927
niah_length,niah_single,16384,all,random,streaming,0.1,0.1,6,6,6,0,0,0.0,0.0,0.0,0.0,0.0,0,6,0,2000,case,20260927
niah_length,niah_single,16384,full_cache_correct,random,streaming,0.1,0.1,6,6,6,0,0,0.0,0.0,0.0,0.0,0.0,0,6,0,2000,case,20260927
niah_length,niah_single,16384,all,random,svdd,0.1,0.1,6,6,6,0,0,0.0,0.0,0.0,0.0,0.0,0,6,0,2000,case,20260927
niah_length,niah_single,16384,full_cache_correct,random,svdd,0.1,0.1,6,6,6,0,0,0.0,0.0,0.0,0.0,0.0,0,6,0,2000,case,20260927
niah_length,niah_single,16384,all,random,svdd_prerope,0.1,0.1,6,6,6,0,0,0.0,0.0,0.0,0.0,0.0,0,6,0,2000,case,20260927
niah_length,niah_single,16384,full_cache_correct,random,svdd_prerope,0.1,0.1,6,6,6,0,0,0.0,0.0,0.0,0.0,0.0,0,6,0,2000,case,20260927
niah_length,niah_single,16384,all,random,full,0.2,1.0,6,6,6,0,0,0.0,1.0,-1.0,-1.0,-1.0,0,0,6,2000,case,20260927
niah_length,niah_single,16384,full_cache_correct,random,full,0.2,1.0,6,6,6,0,0,0.0,1.0,-1.0,-1.0,-1.0,0,0,6,2000,case,20260927
niah_length,niah_single,16384,all,random,keydiff,0.2,0.2,6,6,6,0,0,0.0,1.0,-1.0,-1.0,-1.0,0,0,6,2000,case,20260927
niah_length,niah_single,16384,full_cache_correct,random,keydiff,0.2,0.2,6,6,6,0,0,0.0,1.0,-1.0,-1.0,-1.0,0,0,6,2000,case,20260927
niah_length,niah_single,16384,all,random,knorm,0.2,0.2,6,6,6,0,0,0.0,0.0,0.0,0.0,0.0,0,6,0,2000,case,20260927
niah_length,niah_single,16384,full_cache_correct,random,knorm,0.2,0.2,6,6,6,0,0,0.0,0.0,0.0,0.0,0.0,0,6,0,2000,case,20260927
niah_length,niah_single,16384,all,random,leverage,0.2,0.2,6,6,6,0,0,0.0,1.0,-1.0,-1.0,-1.0,0,0,6,2000,case,20260927
niah_length,niah_single,16384,full_cache_correct,random,leverage,0.2,0.2,6,6,6,0,0,0.0,1.0,-1.0,-1.0,-1.0,0,0,6,2000,case,20260927
niah_length,niah_single,16384,all,random,snapkv,0.2,0.2,6,6,6,0,0,0.0,0.0,0.0,0.0,0.0,0,6,0,2000,case,20260927
niah_length,niah_single,16384,full_cache_correct,random,snapkv,0.2,0.2,6,6,6,0,0,0.0,0.0,0.0,0.0,0.0,0,6,0,2000,case,20260927
niah_length,niah_single,16384,all,random,streaming,0.2,0.2,6,6,6,0,0,0.0,0.3333333333333333,-0.3333333333333333,-0.6666666666666666,0.0,0,4,2,2000,case,20260927
niah_length,niah_single,16384,full_cache_correct,random,streaming,0.2,0.2,6,6,6,0,0,0.0,0.3333333333333333,-0.3333333333333333,-0.6666666666666666,0.0,0,4,2,2000,case,20260927
niah_length,niah_single,16384,all,random,svdd,0.2,0.2,6,6,6,0,0,0.0,0.16666666666666666,-0.16666666666666666,-0.5,0.0,0,5,1,2000,case,20260927
niah_length,niah_single,16384,full_cache_correct,random,svdd,0.2,0.2,6,6,6,0,0,0.0,0.16666666666666666,-0.16666666666666666,-0.5,0.0,0,5,1,2000,case,20260927
niah_length,niah_single,16384,all,random,svdd_prerope,0.2,0.2,6,6,6,0,0,0.0,0.3333333333333333,-0.3333333333333333,-0.6666666666666666,0.0,0,4,2,2000,case,20260927
niah_length,niah_single,16384,full_cache_correct,random,svdd_prerope,0.2,0.2,6,6,6,0,0,0.0,0.3333333333333333,-0.3333333333333333,-0.6666666666666666,0.0,0,4,2,2000,case,20260927
niah_length,niah_single,16384,all,random,full,0.5,1.0,6,6,6,0,0,0.3333333333333333,1.0,-0.6666666666666666,-1.0,-0.3333333333333333,0,2,4,2000,case,20260927
niah_length,niah_single,16384,full_cache_correct,random,full,0.5,1.0,6,6,6,0,0,0.3333333333333333,1.0,-0.6666666666666666,-1.0,-0.3333333333333333,0,2,4,2000,case,20260927
niah_length,niah_single,16384,all,random,keydiff,0.5,0.5,6,6,6,0,0,0.3333333333333333,1.0,-0.6666666666666666,-1.0,-0.3333333333333333,0,2,4,2000,case,20260927
niah_length,niah_single,16384,full_cache_correct,random,keydiff,0.5,0.5,6,6,6,0,0,0.3333333333333333,1.0,-0.6666666666666666,-1.0,-0.3333333333333333,0,2,4,2000,case,20260927
niah_length,niah_single,16384,all,random,knorm,0.5,0.5,6,6,6,0,0,0.3333333333333333,0.16666666666666666,0.16666666666666666,-0.3333333333333333,0.6666666666666666,2,3,1,2000,case,20260927
niah_length,niah_single,16384,full_cache_correct,random,knorm,0.5,0.5,6,6,6,0,0,0.3333333333333333,0.16666666666666666,0.16666666666666666,-0.3333333333333333,0.6666666666666666,2,3,1,2000,case,20260927
niah_length,niah_single,16384,all,random,leverage,0.5,0.5,6,6,6,0,0,0.3333333333333333,1.0,-0.6666666666666666,-1.0,-0.3333333333333333,0,2,4,2000,case,20260927
niah_length,niah_single,16384,full_cache_correct,random,leverage,0.5,0.5,6,6,6,0,0,0.3333333333333333,1.0,-0.6666666666666666,-1.0,-0.3333333333333333,0,2,4,2000,case,20260927
niah_length,niah_single,16384,all,random,snapkv,0.5,0.5,6,6,6,0,0,0.3333333333333333,0.5,-0.16666666666666666,-0.6666666666666666,0.3333333333333333,1,3,2,2000,case,20260927
niah_length,niah_single,16384,full_cache_correct,random,snapkv,0.5,0.5,6,6,6,0,0,0.3333333333333333,0.5,-0.16666666666666666,-0.6666666666666666,0.3333333333333333,1,3,2,2000,case,20260927
niah_length,niah_single,16384,all,random,streaming,0.5,0.5,6,6,6,0,0,0.3333333333333333,0.6666666666666666,-0.3333333333333333,-0.8333333333333334,0.3333333333333333,1,2,3,2000,case,20260927
niah_length,niah_single,16384,full_cache_correct,random,streaming,0.5,0.5,6,6,6,0,0,0.3333333333333333,0.6666666666666666,-0.3333333333333333,-0.8333333333333334,0.3333333333333333,1,2,3,2000,case,20260927
niah_length,niah_single,16384,all,random,svdd,0.5,0.5,6,6,6,0,0,0.3333333333333333,0.5,-0.16666666666666666,-0.6666666666666666,0.3333333333333333,1,3,2,2000,case,20260927
niah_length,niah_single,16384,full_cache_correct,random,svdd,0.5,0.5,6,6,6,0,0,0.3333333333333333,0.5,-0.16666666666666666,-0.6666666666666666,0.3333333333333333,1,3,2,2000,case,20260927
niah_length,niah_single,16384,all,random,svdd_prerope,0.5,0.5,6,6,6,0,0,0.3333333333333333,0.3333333333333333,0.0,-0.5,0.5,1,4,1,2000,case,20260927
niah_length,niah_single,16384,full_cache_correct,random,svdd_prerope,0.5,0.5,6,6,6,0,0,0.3333333333333333,0.3333333333333333,0.0,-0.5,0.5,1,4,1,2000,case,20260927
niah_length,niah_single,16384,all,snapkv,full,0.1,1.0,6,6,6,0,0,0.0,1.0,-1.0,-1.0,-1.0,0,0,6,2000,case,20260927
niah_length,niah_single,16384,full_cache_correct,snapkv,full,0.1,1.0,6,6,6,0,0,0.0,1.0,-1.0,-1.0,-1.0,0,0,6,2000,case,20260927
niah_length,niah_single,16384,all,snapkv,keydiff,0.1,0.1,6,6,6,0,0,0.0,1.0,-1.0,-1.0,-1.0,0,0,6,2000,case,20260927
niah_length,niah_single,16384,full_cache_correct,snapkv,keydiff,0.1,0.1,6,6,6,0,0,0.0,1.0,-1.0,-1.0,-1.0,0,0,6,2000,case,20260927
niah_length,niah_single,16384,all,snapkv,knorm,0.1,0.1,6,6,6,0,0,0.0,0.0,0.0,0.0,0.0,0,6,0,2000,case,20260927
niah_length,niah_single,16384,full_cache_correct,snapkv,knorm,0.1,0.1,6,6,6,0,0,0.0,0.0,0.0,0.0,0.0,0,6,0,2000,case,20260927
niah_length,niah_single,16384,all,snapkv,leverage,0.1,0.1,6,6,6,0,0,0.0,1.0,-1.0,-1.0,-1.0,0,0,6,2000,case,20260927
niah_length,niah_single,16384,full_cache_correct,snapkv,leverage,0.1,0.1,6,6,6,0,0,0.0,1.0,-1.0,-1.0,-1.0,0,0,6,2000,case,20260927
niah_length,niah_single,16384,all,snapkv,random,0.1,0.1,6,6,6,0,0,0.0,0.0,0.0,0.0,0.0,0,6,0,2000,case,20260927
niah_length,niah_single,16384,full_cache_correct,snapkv,random,0.1,0.1,6,6,6,0,0,0.0,0.0,0.0,0.0,0.0,0,6,0,2000,case,20260927
niah_length,niah_single,16384,all,snapkv,streaming,0.1,0.1,6,6,6,0,0,0.0,0.0,0.0,0.0,0.0,0,6,0,2000,case,20260927
niah_length,niah_single,16384,full_cache_correct,snapkv,streaming,0.1,0.1,6,6,6,0,0,0.0,0.0,0.0,0.0,0.0,0,6,0,2000,case,20260927
niah_length,niah_single,16384,all,snapkv,svdd,0.1,0.1,6,6,6,0,0,0.0,0.0,0.0,0.0,0.0,0,6,0,2000,case,20260927
niah_length,niah_single,16384,full_cache_correct,snapkv,svdd,0.1,0.1,6,6,6,0,0,0.0,0.0,0.0,0.0,0.0,0,6,0,2000,case,20260927
niah_length,niah_single,16384,all,snapkv,svdd_prerope,0.1,0.1,6,6,6,0,0,0.0,0.0,0.0,0.0,0.0,0,6,0,2000,case,20260927
niah_length,niah_single,16384,full_cache_correct,snapkv,svdd_prerope,0.1,0.1,6,6,6,0,0,0.0,0.0,0.0,0.0,0.0,0,6,0,2000,case,20260927
niah_length,niah_single,16384,all,snapkv,full,0.2,1.0,6,6,6,0,0,0.0,1.0,-1.0,-1.0,-1.0,0,0,6,2000,case,20260927
niah_length,niah_single,16384,full_cache_correct,snapkv,full,0.2,1.0,6,6,6,0,0,0.0,1.0,-1.0,-1.0,-1.0,0,0,6,2000,case,20260927
niah_length,niah_single,16384,all,snapkv,keydiff,0.2,0.2,6,6,6,0,0,0.0,1.0,-1.0,-1.0,-1.0,0,0,6,2000,case,20260927
niah_length,niah_single,16384,full_cache_correct,snapkv,keydiff,0.2,0.2,6,6,6,0,0,0.0,1.0,-1.0,-1.0,-1.0,0,0,6,2000,case,20260927
niah_length,niah_single,16384,all,snapkv,knorm,0.2,0.2,6,6,6,0,0,0.0,0.0,0.0,0.0,0.0,0,6,0,2000,case,20260927
niah_length,niah_single,16384,full_cache_correct,snapkv,knorm,0.2,0.2,6,6,6,0,0,0.0,0.0,0.0,0.0,0.0,0,6,0,2000,case,20260927
niah_length,niah_single,16384,all,snapkv,leverage,0.2,0.2,6,6,6,0,0,0.0,1.0,-1.0,-1.0,-1.0,0,0,6,2000,case,20260927
niah_length,niah_single,16384,full_cache_correct,snapkv,leverage,0.2,0.2,6,6,6,0,0,0.0,1.0,-1.0,-1.0,-1.0,0,0,6,2000,case,20260927
niah_length,niah_single,16384,all,snapkv,random,0.2,0.2,6,6,6,0,0,0.0,0.0,0.0,0.0,0.0,0,6,0,2000,case,20260927
niah_length,niah_single,16384,full_cache_correct,snapkv,random,0.2,0.2,6,6,6,0,0,0.0,0.0,0.0,0.0,0.0,0,6,0,2000,case,20260927
niah_length,niah_single,16384,all,snapkv,streaming,0.2,0.2,6,6,6,0,0,0.0,0.3333333333333333,-0.3333333333333333,-0.6666666666666666,0.0,0,4,2,2000,case,20260927
niah_length,niah_single,16384,full_cache_correct,snapkv,streaming,0.2,0.2,6,6,6,0,0,0.0,0.3333333333333333,-0.3333333333333333,-0.6666666666666666,0.0,0,4,2,2000,case,20260927
niah_length,niah_single,16384,all,snapkv,svdd,0.2,0.2,6,6,6,0,0,0.0,0.16666666666666666,-0.16666666666666666,-0.5,0.0,0,5,1,2000,case,20260927
niah_length,niah_single,16384,full_cache_correct,snapkv,svdd,0.2,0.2,6,6,6,0,0,0.0,0.16666666666666666,-0.16666666666666666,-0.5,0.0,0,5,1,2000,case,20260927
niah_length,niah_single,16384,all,snapkv,svdd_prerope,0.2,0.2,6,6,6,0,0,0.0,0.3333333333333333,-0.3333333333333333,-0.6666666666666666,0.0,0,4,2,2000,case,20260927
niah_length,niah_single,16384,full_cache_correct,snapkv,svdd_prerope,0.2,0.2,6,6,6,0,0,0.0,0.3333333333333333,-0.3333333333333333,-0.6666666666666666,0.0,0,4,2,2000,case,20260927
niah_length,niah_single,16384,all,snapkv,full,0.5,1.0,6,6,6,0,0,0.5,1.0,-0.5,-0.8333333333333334,-0.16666666666666666,0,3,3,2000,case,20260927
niah_length,niah_single,16384,full_cache_correct,snapkv,full,0.5,1.0,6,6,6,0,0,0.5,1.0,-0.5,-0.8333333333333334,-0.16666666666666666,0,3,3,2000,case,20260927
niah_length,niah_single,16384,all,snapkv,keydiff,0.5,0.5,6,6,6,0,0,0.5,1.0,-0.5,-0.8333333333333334,-0.16666666666666666,0,3,3,2000,case,20260927
niah_length,niah_single,16384,full_cache_correct,snapkv,keydiff,0.5,0.5,6,6,6,0,0,0.5,1.0,-0.5,-0.8333333333333334,-0.16666666666666666,0,3,3,2000,case,20260927
niah_length,niah_single,16384,all,snapkv,knorm,0.5,0.5,6,6,6,0,0,0.5,0.16666666666666666,0.3333333333333333,0.0,0.6666666666666666,2,4,0,2000,case,20260927
niah_length,niah_single,16384,full_cache_correct,snapkv,knorm,0.5,0.5,6,6,6,0,0,0.5,0.16666666666666666,0.3333333333333333,0.0,0.6666666666666666,2,4,0,2000,case,20260927
niah_length,niah_single,16384,all,snapkv,leverage,0.5,0.5,6,6,6,0,0,0.5,1.0,-0.5,-0.8333333333333334,-0.16666666666666666,0,3,3,2000,case,20260927
niah_length,niah_single,16384,full_cache_correct,snapkv,leverage,0.5,0.5,6,6,6,0,0,0.5,1.0,-0.5,-0.8333333333333334,-0.16666666666666666,0,3,3,2000,case,20260927
niah_length,niah_single,16384,all,snapkv,random,0.5,0.5,6,6,6,0,0,0.5,0.3333333333333333,0.16666666666666666,-0.3333333333333333,0.6666666666666666,2,3,1,2000,case,20260927
niah_length,niah_single,16384,full_cache_correct,snapkv,random,0.5,0.5,6,6,6,0,0,0.5,0.3333333333333333,0.16666666666666666,-0.3333333333333333,0.6666666666666666,2,3,1,2000,case,20260927
niah_length,niah_single,16384,all,snapkv,streaming,0.5,0.5,6,6,6,0,0,0.5,0.6666666666666666,-0.16666666666666666,-0.6666666666666666,0.3333333333333333,1,3,2,2000,case,20260927
niah_length,niah_single,16384,full_cache_correct,snapkv,streaming,0.5,0.5,6,6,6,0,0,0.5,0.6666666666666666,-0.16666666666666666,-0.6666666666666666,0.3333333333333333,1,3,2,2000,case,20260927
niah_length,niah_single,16384,all,snapkv,svdd,0.5,0.5,6,6,6,0,0,0.5,0.5,0.0,-0.5,0.5,1,4,1,2000,case,20260927
niah_length,niah_single,16384,full_cache_correct,snapkv,svdd,0.5,0.5,6,6,6,0,0,0.5,0.5,0.0,-0.5,0.5,1,4,1,2000,case,20260927
niah_length,niah_single,16384,all,snapkv,svdd_prerope,0.5,0.5,6,6,6,0,0,0.5,0.3333333333333333,0.16666666666666666,-0.3333333333333333,0.6666666666666666,2,3,1,2000,case,20260927
niah_length,niah_single,16384,full_cache_correct,snapkv,svdd_prerope,0.5,0.5,6,6,6,0,0,0.5,0.3333333333333333,0.16666666666666666,-0.3333333333333333,0.6666666666666666,2,3,1,2000,case,20260927
niah_length,niah_single,16384,all,streaming,full,0.1,1.0,6,6,6,0,0,0.0,1.0,-1.0,-1.0,-1.0,0,0,6,2000,case,20260927
niah_length,niah_single,16384,full_cache_correct,streaming,full,0.1,1.0,6,6,6,0,0,0.0,1.0,-1.0,-1.0,-1.0,0,0,6,2000,case,20260927
niah_length,niah_single,16384,all,streaming,keydiff,0.1,0.1,6,6,6,0,0,0.0,1.0,-1.0,-1.0,-1.0,0,0,6,2000,case,20260927
niah_length,niah_single,16384,full_cache_correct,streaming,keydiff,0.1,0.1,6,6,6,0,0,0.0,1.0,-1.0,-1.0,-1.0,0,0,6,2000,case,20260927
niah_length,niah_single,16384,all,streaming,knorm,0.1,0.1,6,6,6,0,0,0.0,0.0,0.0,0.0,0.0,0,6,0,2000,case,20260927
niah_length,niah_single,16384,full_cache_correct,streaming,knorm,0.1,0.1,6,6,6,0,0,0.0,0.0,0.0,0.0,0.0,0,6,0,2000,case,20260927
niah_length,niah_single,16384,all,streaming,leverage,0.1,0.1,6,6,6,0,0,0.0,1.0,-1.0,-1.0,-1.0,0,0,6,2000,case,20260927
niah_length,niah_single,16384,full_cache_correct,streaming,leverage,0.1,0.1,6,6,6,0,0,0.0,1.0,-1.0,-1.0,-1.0,0,0,6,2000,case,20260927
niah_length,niah_single,16384,all,streaming,random,0.1,0.1,6,6,6,0,0,0.0,0.0,0.0,0.0,0.0,0,6,0,2000,case,20260927
niah_length,niah_single,16384,full_cache_correct,streaming,random,0.1,0.1,6,6,6,0,0,0.0,0.0,0.0,0.0,0.0,0,6,0,2000,case,20260927
niah_length,niah_single,16384,all,streaming,snapkv,0.1,0.1,6,6,6,0,0,0.0,0.0,0.0,0.0,0.0,0,6,0,2000,case,20260927
niah_length,niah_single,16384,full_cache_correct,streaming,snapkv,0.1,0.1,6,6,6,0,0,0.0,0.0,0.0,0.0,0.0,0,6,0,2000,case,20260927
niah_length,niah_single,16384,all,streaming,svdd,0.1,0.1,6,6,6,0,0,0.0,0.0,0.0,0.0,0.0,0,6,0,2000,case,20260927
niah_length,niah_single,16384,full_cache_correct,streaming,svdd,0.1,0.1,6,6,6,0,0,0.0,0.0,0.0,0.0,0.0,0,6,0,2000,case,20260927
niah_length,niah_single,16384,all,streaming,svdd_prerope,0.1,0.1,6,6,6,0,0,0.0,0.0,0.0,0.0,0.0,0,6,0,2000,case,20260927
niah_length,niah_single,16384,full_cache_correct,streaming,svdd_prerope,0.1,0.1,6,6,6,0,0,0.0,0.0,0.0,0.0,0.0,0,6,0,2000,case,20260927
niah_length,niah_single,16384,all,streaming,full,0.2,1.0,6,6,6,0,0,0.3333333333333333,1.0,-0.6666666666666666,-1.0,-0.3333333333333333,0,2,4,2000,case,20260927
niah_length,niah_single,16384,full_cache_correct,streaming,full,0.2,1.0,6,6,6,0,0,0.3333333333333333,1.0,-0.6666666666666666,-1.0,-0.3333333333333333,0,2,4,2000,case,20260927
niah_length,niah_single,16384,all,streaming,keydiff,0.2,0.2,6,6,6,0,0,0.3333333333333333,1.0,-0.6666666666666666,-1.0,-0.3333333333333333,0,2,4,2000,case,20260927
niah_length,niah_single,16384,full_cache_correct,streaming,keydiff,0.2,0.2,6,6,6,0,0,0.3333333333333333,1.0,-0.6666666666666666,-1.0,-0.3333333333333333,0,2,4,2000,case,20260927
niah_length,niah_single,16384,all,streaming,knorm,0.2,0.2,6,6,6,0,0,0.3333333333333333,0.0,0.3333333333333333,0.0,0.6666666666666666,2,4,0,2000,case,20260927
niah_length,niah_single,16384,full_cache_correct,streaming,knorm,0.2,0.2,6,6,6,0,0,0.3333333333333333,0.0,0.3333333333333333,0.0,0.6666666666666666,2,4,0,2000,case,20260927
niah_length,niah_single,16384,all,streaming,leverage,0.2,0.2,6,6,6,0,0,0.3333333333333333,1.0,-0.6666666666666666,-1.0,-0.3333333333333333,0,2,4,2000,case,20260927
niah_length,niah_single,16384,full_cache_correct,streaming,leverage,0.2,0.2,6,6,6,0,0,0.3333333333333333,1.0,-0.6666666666666666,-1.0,-0.3333333333333333,0,2,4,2000,case,20260927
niah_length,niah_single,16384,all,streaming,random,0.2,0.2,6,6,6,0,0,0.3333333333333333,0.0,0.3333333333333333,0.0,0.6666666666666666,2,4,0,2000,case,20260927
niah_length,niah_single,16384,full_cache_correct,streaming,random,0.2,0.2,6,6,6,0,0,0.3333333333333333,0.0,0.3333333333333333,0.0,0.6666666666666666,2,4,0,2000,case,20260927
niah_length,niah_single,16384,all,streaming,snapkv,0.2,0.2,6,6,6,0,0,0.3333333333333333,0.0,0.3333333333333333,0.0,0.6666666666666666,2,4,0,2000,case,20260927
niah_length,niah_single,16384,full_cache_correct,streaming,snapkv,0.2,0.2,6,6,6,0,0,0.3333333333333333,0.0,0.3333333333333333,0.0,0.6666666666666666,2,4,0,2000,case,20260927
niah_length,niah_single,16384,all,streaming,svdd,0.2,0.2,6,6,6,0,0,0.3333333333333333,0.16666666666666666,0.16666666666666666,0.0,0.5,1,5,0,2000,case,20260927
niah_length,niah_single,16384,full_cache_correct,streaming,svdd,0.2,0.2,6,6,6,0,0,0.3333333333333333,0.16666666666666666,0.16666666666666666,0.0,0.5,1,5,0,2000,case,20260927
niah_length,niah_single,16384,all,streaming,svdd_prerope,0.2,0.2,6,6,6,0,0,0.3333333333333333,0.3333333333333333,0.0,-0.6666666666666666,0.6666666666666666,2,2,2,2000,case,20260927
niah_length,niah_single,16384,full_cache_correct,streaming,svdd_prerope,0.2,0.2,6,6,6,0,0,0.3333333333333333,0.3333333333333333,0.0,-0.6666666666666666,0.6666666666666666,2,2,2,2000,case,20260927
niah_length,niah_single,16384,all,streaming,full,0.5,1.0,6,6,6,0,0,0.6666666666666666,1.0,-0.3333333333333333,-0.6666666666666666,0.0,0,4,2,2000,case,20260927
niah_length,niah_single,16384,full_cache_correct,streaming,full,0.5,1.0,6,6,6,0,0,0.6666666666666666,1.0,-0.3333333333333333,-0.6666666666666666,0.0,0,4,2,2000,case,20260927
niah_length,niah_single,16384,all,streaming,keydiff,0.5,0.5,6,6,6,0,0,0.6666666666666666,1.0,-0.3333333333333333,-0.6666666666666666,0.0,0,4,2,2000,case,20260927
niah_length,niah_single,16384,full_cache_correct,streaming,keydiff,0.5,0.5,6,6,6,0,0,0.6666666666666666,1.0,-0.3333333333333333,-0.6666666666666666,0.0,0,4,2,2000,case,20260927
niah_length,niah_single,16384,all,streaming,knorm,0.5,0.5,6,6,6,0,0,0.6666666666666666,0.16666666666666666,0.5,0.16666666666666666,0.8333333333333334,3,3,0,2000,case,20260927
niah_length,niah_single,16384,full_cache_correct,streaming,knorm,0.5,0.5,6,6,6,0,0,0.6666666666666666,0.16666666666666666,0.5,0.16666666666666666,0.8333333333333334,3,3,0,2000,case,20260927
niah_length,niah_single,16384,all,streaming,leverage,0.5,0.5,6,6,6,0,0,0.6666666666666666,1.0,-0.3333333333333333,-0.6666666666666666,0.0,0,4,2,2000,case,20260927
niah_length,niah_single,16384,full_cache_correct,streaming,leverage,0.5,0.5,6,6,6,0,0,0.6666666666666666,1.0,-0.3333333333333333,-0.6666666666666666,0.0,0,4,2,2000,case,20260927
niah_length,niah_single,16384,all,streaming,random,0.5,0.5,6,6,6,0,0,0.6666666666666666,0.3333333333333333,0.3333333333333333,-0.3333333333333333,0.8333333333333334,3,2,1,2000,case,20260927
niah_length,niah_single,16384,full_cache_correct,streaming,random,0.5,0.5,6,6,6,0,0,0.6666666666666666,0.3333333333333333,0.3333333333333333,-0.3333333333333333,0.8333333333333334,3,2,1,2000,case,20260927
niah_length,niah_single,16384,all,streaming,snapkv,0.5,0.5,6,6,6,0,0,0.6666666666666666,0.5,0.16666666666666666,-0.3333333333333333,0.6666666666666666,2,3,1,2000,case,20260927
niah_length,niah_single,16384,full_cache_correct,streaming,snapkv,0.5,0.5,6,6,6,0,0,0.6666666666666666,0.5,0.16666666666666666,-0.3333333333333333,0.6666666666666666,2,3,1,2000,case,20260927
niah_length,niah_single,16384,all,streaming,svdd,0.5,0.5,6,6,6,0,0,0.6666666666666666,0.5,0.16666666666666666,-0.5,0.8333333333333334,3,1,2,2000,case,20260927
niah_length,niah_single,16384,full_cache_correct,streaming,svdd,0.5,0.5,6,6,6,0,0,0.6666666666666666,0.5,0.16666666666666666,-0.5,0.8333333333333334,3,1,2,2000,case,20260927
niah_length,niah_single,16384,all,streaming,svdd_prerope,0.5,0.5,6,6,6,0,0,0.6666666666666666,0.3333333333333333,0.3333333333333333,-0.3333333333333333,1.0,4,0,2,2000,case,20260927
niah_length,niah_single,16384,full_cache_correct,streaming,svdd_prerope,0.5,0.5,6,6,6,0,0,0.6666666666666666,0.3333333333333333,0.3333333333333333,-0.3333333333333333,1.0,4,0,2,2000,case,20260927
niah_length,niah_single,16384,all,svdd,full,0.1,1.0,6,6,6,0,0,0.0,1.0,-1.0,-1.0,-1.0,0,0,6,2000,case,20260927
niah_length,niah_single,16384,full_cache_correct,svdd,full,0.1,1.0,6,6,6,0,0,0.0,1.0,-1.0,-1.0,-1.0,0,0,6,2000,case,20260927
niah_length,niah_single,16384,all,svdd,keydiff,0.1,0.1,6,6,6,0,0,0.0,1.0,-1.0,-1.0,-1.0,0,0,6,2000,case,20260927
niah_length,niah_single,16384,full_cache_correct,svdd,keydiff,0.1,0.1,6,6,6,0,0,0.0,1.0,-1.0,-1.0,-1.0,0,0,6,2000,case,20260927
niah_length,niah_single,16384,all,svdd,knorm,0.1,0.1,6,6,6,0,0,0.0,0.0,0.0,0.0,0.0,0,6,0,2000,case,20260927
niah_length,niah_single,16384,full_cache_correct,svdd,knorm,0.1,0.1,6,6,6,0,0,0.0,0.0,0.0,0.0,0.0,0,6,0,2000,case,20260927
niah_length,niah_single,16384,all,svdd,leverage,0.1,0.1,6,6,6,0,0,0.0,1.0,-1.0,-1.0,-1.0,0,0,6,2000,case,20260927
niah_length,niah_single,16384,full_cache_correct,svdd,leverage,0.1,0.1,6,6,6,0,0,0.0,1.0,-1.0,-1.0,-1.0,0,0,6,2000,case,20260927
niah_length,niah_single,16384,all,svdd,random,0.1,0.1,6,6,6,0,0,0.0,0.0,0.0,0.0,0.0,0,6,0,2000,case,20260927
niah_length,niah_single,16384,full_cache_correct,svdd,random,0.1,0.1,6,6,6,0,0,0.0,0.0,0.0,0.0,0.0,0,6,0,2000,case,20260927
niah_length,niah_single,16384,all,svdd,snapkv,0.1,0.1,6,6,6,0,0,0.0,0.0,0.0,0.0,0.0,0,6,0,2000,case,20260927
niah_length,niah_single,16384,full_cache_correct,svdd,snapkv,0.1,0.1,6,6,6,0,0,0.0,0.0,0.0,0.0,0.0,0,6,0,2000,case,20260927
niah_length,niah_single,16384,all,svdd,streaming,0.1,0.1,6,6,6,0,0,0.0,0.0,0.0,0.0,0.0,0,6,0,2000,case,20260927
niah_length,niah_single,16384,full_cache_correct,svdd,streaming,0.1,0.1,6,6,6,0,0,0.0,0.0,0.0,0.0,0.0,0,6,0,2000,case,20260927
niah_length,niah_single,16384,all,svdd,svdd_prerope,0.1,0.1,6,6,6,0,0,0.0,0.0,0.0,0.0,0.0,0,6,0,2000,case,20260927
niah_length,niah_single,16384,full_cache_correct,svdd,svdd_prerope,0.1,0.1,6,6,6,0,0,0.0,0.0,0.0,0.0,0.0,0,6,0,2000,case,20260927
niah_length,niah_single,16384,all,svdd,full,0.2,1.0,6,6,6,0,0,0.16666666666666666,1.0,-0.8333333333333334,-1.0,-0.5,0,1,5,2000,case,20260927
niah_length,niah_single,16384,full_cache_correct,svdd,full,0.2,1.0,6,6,6,0,0,0.16666666666666666,1.0,-0.8333333333333334,-1.0,-0.5,0,1,5,2000,case,20260927
niah_length,niah_single,16384,all,svdd,keydiff,0.2,0.2,6,6,6,0,0,0.16666666666666666,1.0,-0.8333333333333334,-1.0,-0.5,0,1,5,2000,case,20260927
niah_length,niah_single,16384,full_cache_correct,svdd,keydiff,0.2,0.2,6,6,6,0,0,0.16666666666666666,1.0,-0.8333333333333334,-1.0,-0.5,0,1,5,2000,case,20260927
niah_length,niah_single,16384,all,svdd,knorm,0.2,0.2,6,6,6,0,0,0.16666666666666666,0.0,0.16666666666666666,0.0,0.5,1,5,0,2000,case,20260927
niah_length,niah_single,16384,full_cache_correct,svdd,knorm,0.2,0.2,6,6,6,0,0,0.16666666666666666,0.0,0.16666666666666666,0.0,0.5,1,5,0,2000,case,20260927
niah_length,niah_single,16384,all,svdd,leverage,0.2,0.2,6,6,6,0,0,0.16666666666666666,1.0,-0.8333333333333334,-1.0,-0.5,0,1,5,2000,case,20260927
niah_length,niah_single,16384,full_cache_correct,svdd,leverage,0.2,0.2,6,6,6,0,0,0.16666666666666666,1.0,-0.8333333333333334,-1.0,-0.5,0,1,5,2000,case,20260927
niah_length,niah_single,16384,all,svdd,random,0.2,0.2,6,6,6,0,0,0.16666666666666666,0.0,0.16666666666666666,0.0,0.5,1,5,0,2000,case,20260927
niah_length,niah_single,16384,full_cache_correct,svdd,random,0.2,0.2,6,6,6,0,0,0.16666666666666666,0.0,0.16666666666666666,0.0,0.5,1,5,0,2000,case,20260927
niah_length,niah_single,16384,all,svdd,snapkv,0.2,0.2,6,6,6,0,0,0.16666666666666666,0.0,0.16666666666666666,0.0,0.5,1,5,0,2000,case,20260927
niah_length,niah_single,16384,full_cache_correct,svdd,snapkv,0.2,0.2,6,6,6,0,0,0.16666666666666666,0.0,0.16666666666666666,0.0,0.5,1,5,0,2000,case,20260927
niah_length,niah_single,16384,all,svdd,streaming,0.2,0.2,6,6,6,0,0,0.16666666666666666,0.3333333333333333,-0.16666666666666666,-0.5,0.0,0,5,1,2000,case,20260927
niah_length,niah_single,16384,full_cache_correct,svdd,streaming,0.2,0.2,6,6,6,0,0,0.16666666666666666,0.3333333333333333,-0.16666666666666666,-0.5,0.0,0,5,1,2000,case,20260927
niah_length,niah_single,16384,all,svdd,svdd_prerope,0.2,0.2,6,6,6,0,0,0.16666666666666666,0.3333333333333333,-0.16666666666666666,-0.6666666666666666,0.3333333333333333,1,3,2,2000,case,20260927
niah_length,niah_single,16384,full_cache_correct,svdd,svdd_prerope,0.2,0.2,6,6,6,0,0,0.16666666666666666,0.3333333333333333,-0.16666666666666666,-0.6666666666666666,0.3333333333333333,1,3,2,2000,case,20260927
niah_length,niah_single,16384,all,svdd,full,0.5,1.0,6,6,6,0,0,0.5,1.0,-0.5,-0.8333333333333334,-0.16666666666666666,0,3,3,2000,case,20260927
niah_length,niah_single,16384,full_cache_correct,svdd,full,0.5,1.0,6,6,6,0,0,0.5,1.0,-0.5,-0.8333333333333334,-0.16666666666666666,0,3,3,2000,case,20260927
niah_length,niah_single,16384,all,svdd,keydiff,0.5,0.5,6,6,6,0,0,0.5,1.0,-0.5,-0.8333333333333334,-0.16666666666666666,0,3,3,2000,case,20260927
niah_length,niah_single,16384,full_cache_correct,svdd,keydiff,0.5,0.5,6,6,6,0,0,0.5,1.0,-0.5,-0.8333333333333334,-0.16666666666666666,0,3,3,2000,case,20260927
niah_length,niah_single,16384,all,svdd,knorm,0.5,0.5,6,6,6,0,0,0.5,0.16666666666666666,0.3333333333333333,0.0,0.6666666666666666,2,4,0,2000,case,20260927
niah_length,niah_single,16384,full_cache_correct,svdd,knorm,0.5,0.5,6,6,6,0,0,0.5,0.16666666666666666,0.3333333333333333,0.0,0.6666666666666666,2,4,0,2000,case,20260927
niah_length,niah_single,16384,all,svdd,leverage,0.5,0.5,6,6,6,0,0,0.5,1.0,-0.5,-0.8333333333333334,-0.16666666666666666,0,3,3,2000,case,20260927
niah_length,niah_single,16384,full_cache_correct,svdd,leverage,0.5,0.5,6,6,6,0,0,0.5,1.0,-0.5,-0.8333333333333334,-0.16666666666666666,0,3,3,2000,case,20260927
niah_length,niah_single,16384,all,svdd,random,0.5,0.5,6,6,6,0,0,0.5,0.3333333333333333,0.16666666666666666,-0.3333333333333333,0.6666666666666666,2,3,1,2000,case,20260927
niah_length,niah_single,16384,full_cache_correct,svdd,random,0.5,0.5,6,6,6,0,0,0.5,0.3333333333333333,0.16666666666666666,-0.3333333333333333,0.6666666666666666,2,3,1,2000,case,20260927
niah_length,niah_single,16384,all,svdd,snapkv,0.5,0.5,6,6,6,0,0,0.5,0.5,0.0,-0.5,0.5,1,4,1,2000,case,20260927
niah_length,niah_single,16384,full_cache_correct,svdd,snapkv,0.5,0.5,6,6,6,0,0,0.5,0.5,0.0,-0.5,0.5,1,4,1,2000,case,20260927
niah_length,niah_single,16384,all,svdd,streaming,0.5,0.5,6,6,6,0,0,0.5,0.6666666666666666,-0.16666666666666666,-0.8333333333333334,0.5,2,1,3,2000,case,20260927
niah_length,niah_single,16384,full_cache_correct,svdd,streaming,0.5,0.5,6,6,6,0,0,0.5,0.6666666666666666,-0.16666666666666666,-0.8333333333333334,0.6666666666666666,2,1,3,2000,case,20260927
niah_length,niah_single,16384,all,svdd,svdd_prerope,0.5,0.5,6,6,6,0,0,0.5,0.3333333333333333,0.16666666666666666,0.0,0.5,1,5,0,2000,case,20260927
niah_length,niah_single,16384,full_cache_correct,svdd,svdd_prerope,0.5,0.5,6,6,6,0,0,0.5,0.3333333333333333,0.16666666666666666,0.0,0.5,1,5,0,2000,case,20260927
niah_length,niah_single,16384,all,svdd_prerope,full,0.1,1.0,6,6,6,0,0,0.0,1.0,-1.0,-1.0,-1.0,0,0,6,2000,case,20260927
niah_length,niah_single,16384,full_cache_correct,svdd_prerope,full,0.1,1.0,6,6,6,0,0,0.0,1.0,-1.0,-1.0,-1.0,0,0,6,2000,case,20260927
niah_length,niah_single,16384,all,svdd_prerope,keydiff,0.1,0.1,6,6,6,0,0,0.0,1.0,-1.0,-1.0,-1.0,0,0,6,2000,case,20260927
niah_length,niah_single,16384,full_cache_correct,svdd_prerope,keydiff,0.1,0.1,6,6,6,0,0,0.0,1.0,-1.0,-1.0,-1.0,0,0,6,2000,case,20260927
niah_length,niah_single,16384,all,svdd_prerope,knorm,0.1,0.1,6,6,6,0,0,0.0,0.0,0.0,0.0,0.0,0,6,0,2000,case,20260927
niah_length,niah_single,16384,full_cache_correct,svdd_prerope,knorm,0.1,0.1,6,6,6,0,0,0.0,0.0,0.0,0.0,0.0,0,6,0,2000,case,20260927
niah_length,niah_single,16384,all,svdd_prerope,leverage,0.1,0.1,6,6,6,0,0,0.0,1.0,-1.0,-1.0,-1.0,0,0,6,2000,case,20260927
niah_length,niah_single,16384,full_cache_correct,svdd_prerope,leverage,0.1,0.1,6,6,6,0,0,0.0,1.0,-1.0,-1.0,-1.0,0,0,6,2000,case,20260927
niah_length,niah_single,16384,all,svdd_prerope,random,0.1,0.1,6,6,6,0,0,0.0,0.0,0.0,0.0,0.0,0,6,0,2000,case,20260927
niah_length,niah_single,16384,full_cache_correct,svdd_prerope,random,0.1,0.1,6,6,6,0,0,0.0,0.0,0.0,0.0,0.0,0,6,0,2000,case,20260927
niah_length,niah_single,16384,all,svdd_prerope,snapkv,0.1,0.1,6,6,6,0,0,0.0,0.0,0.0,0.0,0.0,0,6,0,2000,case,20260927
niah_length,niah_single,16384,full_cache_correct,svdd_prerope,snapkv,0.1,0.1,6,6,6,0,0,0.0,0.0,0.0,0.0,0.0,0,6,0,2000,case,20260927
niah_length,niah_single,16384,all,svdd_prerope,streaming,0.1,0.1,6,6,6,0,0,0.0,0.0,0.0,0.0,0.0,0,6,0,2000,case,20260927
niah_length,niah_single,16384,full_cache_correct,svdd_prerope,streaming,0.1,0.1,6,6,6,0,0,0.0,0.0,0.0,0.0,0.0,0,6,0,2000,case,20260927
niah_length,niah_single,16384,all,svdd_prerope,svdd,0.1,0.1,6,6,6,0,0,0.0,0.0,0.0,0.0,0.0,0,6,0,2000,case,20260927
niah_length,niah_single,16384,full_cache_correct,svdd_prerope,svdd,0.1,0.1,6,6,6,0,0,0.0,0.0,0.0,0.0,0.0,0,6,0,2000,case,20260927
niah_length,niah_single,16384,all,svdd_prerope,full,0.2,1.0,6,6,6,0,0,0.3333333333333333,1.0,-0.6666666666666666,-1.0,-0.3333333333333333,0,2,4,2000,case,20260927
niah_length,niah_single,16384,full_cache_correct,svdd_prerope,full,0.2,1.0,6,6,6,0,0,0.3333333333333333,1.0,-0.6666666666666666,-1.0,-0.3333333333333333,0,2,4,2000,case,20260927
niah_length,niah_single,16384,all,svdd_prerope,keydiff,0.2,0.2,6,6,6,0,0,0.3333333333333333,1.0,-0.6666666666666666,-1.0,-0.3333333333333333,0,2,4,2000,case,20260927
niah_length,niah_single,16384,full_cache_correct,svdd_prerope,keydiff,0.2,0.2,6,6,6,0,0,0.3333333333333333,1.0,-0.6666666666666666,-1.0,-0.3333333333333333,0,2,4,2000,case,20260927
niah_length,niah_single,16384,all,svdd_prerope,knorm,0.2,0.2,6,6,6,0,0,0.3333333333333333,0.0,0.3333333333333333,0.0,0.6666666666666666,2,4,0,2000,case,20260927
niah_length,niah_single,16384,full_cache_correct,svdd_prerope,knorm,0.2,0.2,6,6,6,0,0,0.3333333333333333,0.0,0.3333333333333333,0.0,0.6666666666666666,2,4,0,2000,case,20260927
niah_length,niah_single,16384,all,svdd_prerope,leverage,0.2,0.2,6,6,6,0,0,0.3333333333333333,1.0,-0.6666666666666666,-1.0,-0.3333333333333333,0,2,4,2000,case,20260927
niah_length,niah_single,16384,full_cache_correct,svdd_prerope,leverage,0.2,0.2,6,6,6,0,0,0.3333333333333333,1.0,-0.6666666666666666,-1.0,-0.3333333333333333,0,2,4,2000,case,20260927
niah_length,niah_single,16384,all,svdd_prerope,random,0.2,0.2,6,6,6,0,0,0.3333333333333333,0.0,0.3333333333333333,0.0,0.6666666666666666,2,4,0,2000,case,20260927
niah_length,niah_single,16384,full_cache_correct,svdd_prerope,random,0.2,0.2,6,6,6,0,0,0.3333333333333333,0.0,0.3333333333333333,0.0,0.6666666666666666,2,4,0,2000,case,20260927
niah_length,niah_single,16384,all,svdd_prerope,snapkv,0.2,0.2,6,6,6,0,0,0.3333333333333333,0.0,0.3333333333333333,0.0,0.6666666666666666,2,4,0,2000,case,20260927
niah_length,niah_single,16384,full_cache_correct,svdd_prerope,snapkv,0.2,0.2,6,6,6,0,0,0.3333333333333333,0.0,0.3333333333333333,0.0,0.6666666666666666,2,4,0,2000,case,20260927
niah_length,niah_single,16384,all,svdd_prerope,streaming,0.2,0.2,6,6,6,0,0,0.3333333333333333,0.3333333333333333,0.0,-0.6666666666666666,0.6666666666666666,2,2,2,2000,case,20260927
niah_length,niah_single,16384,full_cache_correct,svdd_prerope,streaming,0.2,0.2,6,6,6,0,0,0.3333333333333333,0.3333333333333333,0.0,-0.6666666666666666,0.6666666666666666,2,2,2,2000,case,20260927
niah_length,niah_single,16384,all,svdd_prerope,svdd,0.2,0.2,6,6,6,0,0,0.3333333333333333,0.16666666666666666,0.16666666666666666,-0.3333333333333333,0.6666666666666666,2,3,1,2000,case,20260927
niah_length,niah_single,16384,full_cache_correct,svdd_prerope,svdd,0.2,0.2,6,6,6,0,0,0.3333333333333333,0.16666666666666666,0.16666666666666666,-0.3333333333333333,0.6666666666666666,2,3,1,2000,case,20260927
niah_length,niah_single,16384,all,svdd_prerope,full,0.5,1.0,6,6,6,0,0,0.3333333333333333,1.0,-0.6666666666666666,-1.0,-0.3333333333333333,0,2,4,2000,case,20260927
niah_length,niah_single,16384,full_cache_correct,svdd_prerope,full,0.5,1.0,6,6,6,0,0,0.3333333333333333,1.0,-0.6666666666666666,-1.0,-0.3333333333333333,0,2,4,2000,case,20260927
niah_length,niah_single,16384,all,svdd_prerope,keydiff,0.5,0.5,6,6,6,0,0,0.3333333333333333,1.0,-0.6666666666666666,-1.0,-0.3333333333333333,0,2,4,2000,case,20260927
niah_length,niah_single,16384,full_cache_correct,svdd_prerope,keydiff,0.5,0.5,6,6,6,0,0,0.3333333333333333,1.0,-0.6666666666666666,-1.0,-0.3333333333333333,0,2,4,2000,case,20260927
niah_length,niah_single,16384,all,svdd_prerope,knorm,0.5,0.5,6,6,6,0,0,0.3333333333333333,0.16666666666666666,0.16666666666666666,-0.3333333333333333,0.6666666666666666,2,3,1,2000,case,20260927
niah_length,niah_single,16384,full_cache_correct,svdd_prerope,knorm,0.5,0.5,6,6,6,0,0,0.3333333333333333,0.16666666666666666,0.16666666666666666,-0.3333333333333333,0.6666666666666666,2,3,1,2000,case,20260927
niah_length,niah_single,16384,all,svdd_prerope,leverage,0.5,0.5,6,6,6,0,0,0.3333333333333333,1.0,-0.6666666666666666,-1.0,-0.3333333333333333,0,2,4,2000,case,20260927
niah_length,niah_single,16384,full_cache_correct,svdd_prerope,leverage,0.5,0.5,6,6,6,0,0,0.3333333333333333,1.0,-0.6666666666666666,-1.0,-0.3333333333333333,0,2,4,2000,case,20260927
niah_length,niah_single,16384,all,svdd_prerope,random,0.5,0.5,6,6,6,0,0,0.3333333333333333,0.3333333333333333,0.0,-0.5,0.5,1,4,1,2000,case,20260927
niah_length,niah_single,16384,full_cache_correct,svdd_prerope,random,0.5,0.5,6,6,6,0,0,0.3333333333333333,0.3333333333333333,0.0,-0.5,0.5,1,4,1,2000,case,20260927
niah_length,niah_single,16384,all,svdd_prerope,snapkv,0.5,0.5,6,6,6,0,0,0.3333333333333333,0.5,-0.16666666666666666,-0.6666666666666666,0.3333333333333333,1,3,2,2000,case,20260927
niah_length,niah_single,16384,full_cache_correct,svdd_prerope,snapkv,0.5,0.5,6,6,6,0,0,0.3333333333333333,0.5,-0.16666666666666666,-0.6666666666666666,0.3333333333333333,1,3,2,2000,case,20260927
niah_length,niah_single,16384,all,svdd_prerope,streaming,0.5,0.5,6,6,6,0,0,0.3333333333333333,0.6666666666666666,-0.3333333333333333,-1.0,0.3333333333333333,2,0,4,2000,case,20260927
niah_length,niah_single,16384,full_cache_correct,svdd_prerope,streaming,0.5,0.5,6,6,6,0,0,0.3333333333333333,0.6666666666666666,-0.3333333333333333,-1.0,0.6666666666666666,2,0,4,2000,case,20260927
niah_length,niah_single,16384,all,svdd_prerope,svdd,0.5,0.5,6,6,6,0,0,0.3333333333333333,0.5,-0.16666666666666666,-0.5,0.0,0,5,1,2000,case,20260927
niah_length,niah_single,16384,full_cache_correct,svdd_prerope,svdd,0.5,0.5,6,6,6,0,0,0.3333333333333333,0.5,-0.16666666666666666,-0.5,0.0,0,5,1,2000,case,20260927
niah_length,niah_single,32768,all,keydiff,full,0.1,1.0,6,6,6,0,0,1.0,1.0,0.0,0.0,0.0,0,6,0,2000,case,20260927
niah_length,niah_single,32768,full_cache_correct,keydiff,full,0.1,1.0,6,6,6,0,0,1.0,1.0,0.0,0.0,0.0,0,6,0,2000,case,20260927
niah_length,niah_single,32768,all,keydiff,knorm,0.1,0.1,6,6,6,0,0,1.0,0.0,1.0,1.0,1.0,6,0,0,2000,case,20260927
niah_length,niah_single,32768,full_cache_correct,keydiff,knorm,0.1,0.1,6,6,6,0,0,1.0,0.0,1.0,1.0,1.0,6,0,0,2000,case,20260927
niah_length,niah_single,32768,all,keydiff,leverage,0.1,0.1,6,6,6,0,0,1.0,1.0,0.0,0.0,0.0,0,6,0,2000,case,20260927
niah_length,niah_single,32768,full_cache_correct,keydiff,leverage,0.1,0.1,6,6,6,0,0,1.0,1.0,0.0,0.0,0.0,0,6,0,2000,case,20260927
niah_length,niah_single,32768,all,keydiff,random,0.1,0.1,6,6,6,0,0,1.0,0.0,1.0,1.0,1.0,6,0,0,2000,case,20260927
niah_length,niah_single,32768,full_cache_correct,keydiff,random,0.1,0.1,6,6,6,0,0,1.0,0.0,1.0,1.0,1.0,6,0,0,2000,case,20260927
niah_length,niah_single,32768,all,keydiff,snapkv,0.1,0.1,6,6,6,0,0,1.0,0.0,1.0,1.0,1.0,6,0,0,2000,case,20260927
niah_length,niah_single,32768,full_cache_correct,keydiff,snapkv,0.1,0.1,6,6,6,0,0,1.0,0.0,1.0,1.0,1.0,6,0,0,2000,case,20260927
niah_length,niah_single,32768,all,keydiff,streaming,0.1,0.1,6,6,6,0,0,1.0,0.0,1.0,1.0,1.0,6,0,0,2000,case,20260927
niah_length,niah_single,32768,full_cache_correct,keydiff,streaming,0.1,0.1,6,6,6,0,0,1.0,0.0,1.0,1.0,1.0,6,0,0,2000,case,20260927
niah_length,niah_single,32768,all,keydiff,svdd,0.1,0.1,6,6,6,0,0,1.0,0.0,1.0,1.0,1.0,6,0,0,2000,case,20260927
niah_length,niah_single,32768,full_cache_correct,keydiff,svdd,0.1,0.1,6,6,6,0,0,1.0,0.0,1.0,1.0,1.0,6,0,0,2000,case,20260927
niah_length,niah_single,32768,all,keydiff,svdd_prerope,0.1,0.1,6,6,6,0,0,1.0,0.16666666666666666,0.8333333333333334,0.5,1.0,5,1,0,2000,case,20260927
niah_length,niah_single,32768,full_cache_correct,keydiff,svdd_prerope,0.1,0.1,6,6,6,0,0,1.0,0.16666666666666666,0.8333333333333334,0.5,1.0,5,1,0,2000,case,20260927
niah_length,niah_single,32768,all,keydiff,full,0.2,1.0,6,6,6,0,0,1.0,1.0,0.0,0.0,0.0,0,6,0,2000,case,20260927
niah_length,niah_single,32768,full_cache_correct,keydiff,full,0.2,1.0,6,6,6,0,0,1.0,1.0,0.0,0.0,0.0,0,6,0,2000,case,20260927
niah_length,niah_single,32768,all,keydiff,knorm,0.2,0.2,6,6,6,0,0,1.0,0.0,1.0,1.0,1.0,6,0,0,2000,case,20260927
niah_length,niah_single,32768,full_cache_correct,keydiff,knorm,0.2,0.2,6,6,6,0,0,1.0,0.0,1.0,1.0,1.0,6,0,0,2000,case,20260927
niah_length,niah_single,32768,all,keydiff,leverage,0.2,0.2,6,6,6,0,0,1.0,1.0,0.0,0.0,0.0,0,6,0,2000,case,20260927
niah_length,niah_single,32768,full_cache_correct,keydiff,leverage,0.2,0.2,6,6,6,0,0,1.0,1.0,0.0,0.0,0.0,0,6,0,2000,case,20260927
niah_length,niah_single,32768,all,keydiff,random,0.2,0.2,6,6,6,0,0,1.0,0.0,1.0,1.0,1.0,6,0,0,2000,case,20260927
niah_length,niah_single,32768,full_cache_correct,keydiff,random,0.2,0.2,6,6,6,0,0,1.0,0.0,1.0,1.0,1.0,6,0,0,2000,case,20260927
niah_length,niah_single,32768,all,keydiff,snapkv,0.2,0.2,6,6,6,0,0,1.0,0.16666666666666666,0.8333333333333334,0.5,1.0,5,1,0,2000,case,20260927
niah_length,niah_single,32768,full_cache_correct,keydiff,snapkv,0.2,0.2,6,6,6,0,0,1.0,0.16666666666666666,0.8333333333333334,0.5,1.0,5,1,0,2000,case,20260927
niah_length,niah_single,32768,all,keydiff,streaming,0.2,0.2,6,6,6,0,0,1.0,0.3333333333333333,0.6666666666666666,0.3333333333333333,1.0,4,2,0,2000,case,20260927
niah_length,niah_single,32768,full_cache_correct,keydiff,streaming,0.2,0.2,6,6,6,0,0,1.0,0.3333333333333333,0.6666666666666666,0.3333333333333333,1.0,4,2,0,2000,case,20260927
niah_length,niah_single,32768,all,keydiff,svdd,0.2,0.2,6,6,6,0,0,1.0,0.3333333333333333,0.6666666666666666,0.3333333333333333,1.0,4,2,0,2000,case,20260927
niah_length,niah_single,32768,full_cache_correct,keydiff,svdd,0.2,0.2,6,6,6,0,0,1.0,0.3333333333333333,0.6666666666666666,0.3333333333333333,1.0,4,2,0,2000,case,20260927
niah_length,niah_single,32768,all,keydiff,svdd_prerope,0.2,0.2,6,6,6,0,0,1.0,0.16666666666666666,0.8333333333333334,0.5,1.0,5,1,0,2000,case,20260927
niah_length,niah_single,32768,full_cache_correct,keydiff,svdd_prerope,0.2,0.2,6,6,6,0,0,1.0,0.16666666666666666,0.8333333333333334,0.5,1.0,5,1,0,2000,case,20260927
niah_length,niah_single,32768,all,keydiff,full,0.5,1.0,6,6,6,0,0,1.0,1.0,0.0,0.0,0.0,0,6,0,2000,case,20260927
niah_length,niah_single,32768,full_cache_correct,keydiff,full,0.5,1.0,6,6,6,0,0,1.0,1.0,0.0,0.0,0.0,0,6,0,2000,case,20260927
niah_length,niah_single,32768,all,keydiff,knorm,0.5,0.5,6,6,6,0,0,1.0,0.0,1.0,1.0,1.0,6,0,0,2000,case,20260927
niah_length,niah_single,32768,full_cache_correct,keydiff,knorm,0.5,0.5,6,6,6,0,0,1.0,0.0,1.0,1.0,1.0,6,0,0,2000,case,20260927
niah_length,niah_single,32768,all,keydiff,leverage,0.5,0.5,6,6,6,0,0,1.0,1.0,0.0,0.0,0.0,0,6,0,2000,case,20260927
niah_length,niah_single,32768,full_cache_correct,keydiff,leverage,0.5,0.5,6,6,6,0,0,1.0,1.0,0.0,0.0,0.0,0,6,0,2000,case,20260927
niah_length,niah_single,32768,all,keydiff,random,0.5,0.5,6,6,6,0,0,1.0,0.16666666666666666,0.8333333333333334,0.5,1.0,5,1,0,2000,case,20260927
niah_length,niah_single,32768,full_cache_correct,keydiff,random,0.5,0.5,6,6,6,0,0,1.0,0.16666666666666666,0.8333333333333334,0.5,1.0,5,1,0,2000,case,20260927
niah_length,niah_single,32768,all,keydiff,snapkv,0.5,0.5,6,6,6,0,0,1.0,0.3333333333333333,0.6666666666666666,0.3333333333333333,1.0,4,2,0,2000,case,20260927
niah_length,niah_single,32768,full_cache_correct,keydiff,snapkv,0.5,0.5,6,6,6,0,0,1.0,0.3333333333333333,0.6666666666666666,0.3333333333333333,1.0,4,2,0,2000,case,20260927
niah_length,niah_single,32768,all,keydiff,streaming,0.5,0.5,6,6,6,0,0,1.0,0.6666666666666666,0.3333333333333333,0.0,0.6666666666666666,2,4,0,2000,case,20260927
niah_length,niah_single,32768,full_cache_correct,keydiff,streaming,0.5,0.5,6,6,6,0,0,1.0,0.6666666666666666,0.3333333333333333,0.0,0.6666666666666666,2,4,0,2000,case,20260927
niah_length,niah_single,32768,all,keydiff,svdd,0.5,0.5,6,6,6,0,0,1.0,0.6666666666666666,0.3333333333333333,0.0,0.6666666666666666,2,4,0,2000,case,20260927
niah_length,niah_single,32768,full_cache_correct,keydiff,svdd,0.5,0.5,6,6,6,0,0,1.0,0.6666666666666666,0.3333333333333333,0.0,0.6666666666666666,2,4,0,2000,case,20260927
niah_length,niah_single,32768,all,keydiff,svdd_prerope,0.5,0.5,6,6,6,0,0,1.0,0.5,0.5,0.16666666666666666,0.8333333333333334,3,3,0,2000,case,20260927
niah_length,niah_single,32768,full_cache_correct,keydiff,svdd_prerope,0.5,0.5,6,6,6,0,0,1.0,0.5,0.5,0.16666666666666666,0.8333333333333334,3,3,0,2000,case,20260927
niah_length,niah_single,32768,all,knorm,full,0.1,1.0,6,6,6,0,0,0.0,1.0,-1.0,-1.0,-1.0,0,0,6,2000,case,20260927
niah_length,niah_single,32768,full_cache_correct,knorm,full,0.1,1.0,6,6,6,0,0,0.0,1.0,-1.0,-1.0,-1.0,0,0,6,2000,case,20260927
niah_length,niah_single,32768,all,knorm,keydiff,0.1,0.1,6,6,6,0,0,0.0,1.0,-1.0,-1.0,-1.0,0,0,6,2000,case,20260927
niah_length,niah_single,32768,full_cache_correct,knorm,keydiff,0.1,0.1,6,6,6,0,0,0.0,1.0,-1.0,-1.0,-1.0,0,0,6,2000,case,20260927
niah_length,niah_single,32768,all,knorm,leverage,0.1,0.1,6,6,6,0,0,0.0,1.0,-1.0,-1.0,-1.0,0,0,6,2000,case,20260927
niah_length,niah_single,32768,full_cache_correct,knorm,leverage,0.1,0.1,6,6,6,0,0,0.0,1.0,-1.0,-1.0,-1.0,0,0,6,2000,case,20260927
niah_length,niah_single,32768,all,knorm,random,0.1,0.1,6,6,6,0,0,0.0,0.0,0.0,0.0,0.0,0,6,0,2000,case,20260927
niah_length,niah_single,32768,full_cache_correct,knorm,random,0.1,0.1,6,6,6,0,0,0.0,0.0,0.0,0.0,0.0,0,6,0,2000,case,20260927
niah_length,niah_single,32768,all,knorm,snapkv,0.1,0.1,6,6,6,0,0,0.0,0.0,0.0,0.0,0.0,0,6,0,2000,case,20260927
niah_length,niah_single,32768,full_cache_correct,knorm,snapkv,0.1,0.1,6,6,6,0,0,0.0,0.0,0.0,0.0,0.0,0,6,0,2000,case,20260927
niah_length,niah_single,32768,all,knorm,streaming,0.1,0.1,6,6,6,0,0,0.0,0.0,0.0,0.0,0.0,0,6,0,2000,case,20260927
niah_length,niah_single,32768,full_cache_correct,knorm,streaming,0.1,0.1,6,6,6,0,0,0.0,0.0,0.0,0.0,0.0,0,6,0,2000,case,20260927
niah_length,niah_single,32768,all,knorm,svdd,0.1,0.1,6,6,6,0,0,0.0,0.0,0.0,0.0,0.0,0,6,0,2000,case,20260927
niah_length,niah_single,32768,full_cache_correct,knorm,svdd,0.1,0.1,6,6,6,0,0,0.0,0.0,0.0,0.0,0.0,0,6,0,2000,case,20260927
niah_length,niah_single,32768,all,knorm,svdd_prerope,0.1,0.1,6,6,6,0,0,0.0,0.16666666666666666,-0.16666666666666666,-0.5,0.0,0,5,1,2000,case,20260927
niah_length,niah_single,32768,full_cache_correct,knorm,svdd_prerope,0.1,0.1,6,6,6,0,0,0.0,0.16666666666666666,-0.16666666666666666,-0.5,0.0,0,5,1,2000,case,20260927
niah_length,niah_single,32768,all,knorm,full,0.2,1.0,6,6,6,0,0,0.0,1.0,-1.0,-1.0,-1.0,0,0,6,2000,case,20260927
niah_length,niah_single,32768,full_cache_correct,knorm,full,0.2,1.0,6,6,6,0,0,0.0,1.0,-1.0,-1.0,-1.0,0,0,6,2000,case,20260927
niah_length,niah_single,32768,all,knorm,keydiff,0.2,0.2,6,6,6,0,0,0.0,1.0,-1.0,-1.0,-1.0,0,0,6,2000,case,20260927
niah_length,niah_single,32768,full_cache_correct,knorm,keydiff,0.2,0.2,6,6,6,0,0,0.0,1.0,-1.0,-1.0,-1.0,0,0,6,2000,case,20260927
niah_length,niah_single,32768,all,knorm,leverage,0.2,0.2,6,6,6,0,0,0.0,1.0,-1.0,-1.0,-1.0,0,0,6,2000,case,20260927
niah_length,niah_single,32768,full_cache_correct,knorm,leverage,0.2,0.2,6,6,6,0,0,0.0,1.0,-1.0,-1.0,-1.0,0,0,6,2000,case,20260927
niah_length,niah_single,32768,all,knorm,random,0.2,0.2,6,6,6,0,0,0.0,0.0,0.0,0.0,0.0,0,6,0,2000,case,20260927
niah_length,niah_single,32768,full_cache_correct,knorm,random,0.2,0.2,6,6,6,0,0,0.0,0.0,0.0,0.0,0.0,0,6,0,2000,case,20260927
niah_length,niah_single,32768,all,knorm,snapkv,0.2,0.2,6,6,6,0,0,0.0,0.16666666666666666,-0.16666666666666666,-0.5,0.0,0,5,1,2000,case,20260927
niah_length,niah_single,32768,full_cache_correct,knorm,snapkv,0.2,0.2,6,6,6,0,0,0.0,0.16666666666666666,-0.16666666666666666,-0.5,0.0,0,5,1,2000,case,20260927
niah_length,niah_single,32768,all,knorm,streaming,0.2,0.2,6,6,6,0,0,0.0,0.3333333333333333,-0.3333333333333333,-0.6666666666666666,0.0,0,4,2,2000,case,20260927
niah_length,niah_single,32768,full_cache_correct,knorm,streaming,0.2,0.2,6,6,6,0,0,0.0,0.3333333333333333,-0.3333333333333333,-0.6666666666666666,0.0,0,4,2,2000,case,20260927
niah_length,niah_single,32768,all,knorm,svdd,0.2,0.2,6,6,6,0,0,0.0,0.3333333333333333,-0.3333333333333333,-0.6666666666666666,0.0,0,4,2,2000,case,20260927
niah_length,niah_single,32768,full_cache_correct,knorm,svdd,0.2,0.2,6,6,6,0,0,0.0,0.3333333333333333,-0.3333333333333333,-0.6666666666666666,0.0,0,4,2,2000,case,20260927
niah_length,niah_single,32768,all,knorm,svdd_prerope,0.2,0.2,6,6,6,0,0,0.0,0.16666666666666666,-0.16666666666666666,-0.5,0.0,0,5,1,2000,case,20260927
niah_length,niah_single,32768,full_cache_correct,knorm,svdd_prerope,0.2,0.2,6,6,6,0,0,0.0,0.16666666666666666,-0.16666666666666666,-0.5,0.0,0,5,1,2000,case,20260927
niah_length,niah_single,32768,all,knorm,full,0.5,1.0,6,6,6,0,0,0.0,1.0,-1.0,-1.0,-1.0,0,0,6,2000,case,20260927
niah_length,niah_single,32768,full_cache_correct,knorm,full,0.5,1.0,6,6,6,0,0,0.0,1.0,-1.0,-1.0,-1.0,0,0,6,2000,case,20260927
niah_length,niah_single,32768,all,knorm,keydiff,0.5,0.5,6,6,6,0,0,0.0,1.0,-1.0,-1.0,-1.0,0,0,6,2000,case,20260927
niah_length,niah_single,32768,full_cache_correct,knorm,keydiff,0.5,0.5,6,6,6,0,0,0.0,1.0,-1.0,-1.0,-1.0,0,0,6,2000,case,20260927
niah_length,niah_single,32768,all,knorm,leverage,0.5,0.5,6,6,6,0,0,0.0,1.0,-1.0,-1.0,-1.0,0,0,6,2000,case,20260927
niah_length,niah_single,32768,full_cache_correct,knorm,leverage,0.5,0.5,6,6,6,0,0,0.0,1.0,-1.0,-1.0,-1.0,0,0,6,2000,case,20260927
niah_length,niah_single,32768,all,knorm,random,0.5,0.5,6,6,6,0,0,0.0,0.16666666666666666,-0.16666666666666666,-0.5,0.0,0,5,1,2000,case,20260927
niah_length,niah_single,32768,full_cache_correct,knorm,random,0.5,0.5,6,6,6,0,0,0.0,0.16666666666666666,-0.16666666666666666,-0.5,0.0,0,5,1,2000,case,20260927
niah_length,niah_single,32768,all,knorm,snapkv,0.5,0.5,6,6,6,0,0,0.0,0.3333333333333333,-0.3333333333333333,-0.6666666666666666,0.0,0,4,2,2000,case,20260927
niah_length,niah_single,32768,full_cache_correct,knorm,snapkv,0.5,0.5,6,6,6,0,0,0.0,0.3333333333333333,-0.3333333333333333,-0.6666666666666666,0.0,0,4,2,2000,case,20260927
niah_length,niah_single,32768,all,knorm,streaming,0.5,0.5,6,6,6,0,0,0.0,0.6666666666666666,-0.6666666666666666,-1.0,-0.3333333333333333,0,2,4,2000,case,20260927
niah_length,niah_single,32768,full_cache_correct,knorm,streaming,0.5,0.5,6,6,6,0,0,0.0,0.6666666666666666,-0.6666666666666666,-1.0,-0.3333333333333333,0,2,4,2000,case,20260927
niah_length,niah_single,32768,all,knorm,svdd,0.5,0.5,6,6,6,0,0,0.0,0.6666666666666666,-0.6666666666666666,-1.0,-0.3333333333333333,0,2,4,2000,case,20260927
niah_length,niah_single,32768,full_cache_correct,knorm,svdd,0.5,0.5,6,6,6,0,0,0.0,0.6666666666666666,-0.6666666666666666,-1.0,-0.3333333333333333,0,2,4,2000,case,20260927
niah_length,niah_single,32768,all,knorm,svdd_prerope,0.5,0.5,6,6,6,0,0,0.0,0.5,-0.5,-0.8333333333333334,-0.16666666666666666,0,3,3,2000,case,20260927
niah_length,niah_single,32768,full_cache_correct,knorm,svdd_prerope,0.5,0.5,6,6,6,0,0,0.0,0.5,-0.5,-0.8333333333333334,-0.16666666666666666,0,3,3,2000,case,20260927
niah_length,niah_single,32768,all,leverage,full,0.1,1.0,6,6,6,0,0,1.0,1.0,0.0,0.0,0.0,0,6,0,2000,case,20260927
niah_length,niah_single,32768,full_cache_correct,leverage,full,0.1,1.0,6,6,6,0,0,1.0,1.0,0.0,0.0,0.0,0,6,0,2000,case,20260927
niah_length,niah_single,32768,all,leverage,keydiff,0.1,0.1,6,6,6,0,0,1.0,1.0,0.0,0.0,0.0,0,6,0,2000,case,20260927
niah_length,niah_single,32768,full_cache_correct,leverage,keydiff,0.1,0.1,6,6,6,0,0,1.0,1.0,0.0,0.0,0.0,0,6,0,2000,case,20260927
niah_length,niah_single,32768,all,leverage,knorm,0.1,0.1,6,6,6,0,0,1.0,0.0,1.0,1.0,1.0,6,0,0,2000,case,20260927
niah_length,niah_single,32768,full_cache_correct,leverage,knorm,0.1,0.1,6,6,6,0,0,1.0,0.0,1.0,1.0,1.0,6,0,0,2000,case,20260927
niah_length,niah_single,32768,all,leverage,random,0.1,0.1,6,6,6,0,0,1.0,0.0,1.0,1.0,1.0,6,0,0,2000,case,20260927
niah_length,niah_single,32768,full_cache_correct,leverage,random,0.1,0.1,6,6,6,0,0,1.0,0.0,1.0,1.0,1.0,6,0,0,2000,case,20260927
niah_length,niah_single,32768,all,leverage,snapkv,0.1,0.1,6,6,6,0,0,1.0,0.0,1.0,1.0,1.0,6,0,0,2000,case,20260927
niah_length,niah_single,32768,full_cache_correct,leverage,snapkv,0.1,0.1,6,6,6,0,0,1.0,0.0,1.0,1.0,1.0,6,0,0,2000,case,20260927
niah_length,niah_single,32768,all,leverage,streaming,0.1,0.1,6,6,6,0,0,1.0,0.0,1.0,1.0,1.0,6,0,0,2000,case,20260927
niah_length,niah_single,32768,full_cache_correct,leverage,streaming,0.1,0.1,6,6,6,0,0,1.0,0.0,1.0,1.0,1.0,6,0,0,2000,case,20260927
niah_length,niah_single,32768,all,leverage,svdd,0.1,0.1,6,6,6,0,0,1.0,0.0,1.0,1.0,1.0,6,0,0,2000,case,20260927
niah_length,niah_single,32768,full_cache_correct,leverage,svdd,0.1,0.1,6,6,6,0,0,1.0,0.0,1.0,1.0,1.0,6,0,0,2000,case,20260927
niah_length,niah_single,32768,all,leverage,svdd_prerope,0.1,0.1,6,6,6,0,0,1.0,0.16666666666666666,0.8333333333333334,0.5,1.0,5,1,0,2000,case,20260927
niah_length,niah_single,32768,full_cache_correct,leverage,svdd_prerope,0.1,0.1,6,6,6,0,0,1.0,0.16666666666666666,0.8333333333333334,0.5,1.0,5,1,0,2000,case,20260927
niah_length,niah_single,32768,all,leverage,full,0.2,1.0,6,6,6,0,0,1.0,1.0,0.0,0.0,0.0,0,6,0,2000,case,20260927
niah_length,niah_single,32768,full_cache_correct,leverage,full,0.2,1.0,6,6,6,0,0,1.0,1.0,0.0,0.0,0.0,0,6,0,2000,case,20260927
niah_length,niah_single,32768,all,leverage,keydiff,0.2,0.2,6,6,6,0,0,1.0,1.0,0.0,0.0,0.0,0,6,0,2000,case,20260927
niah_length,niah_single,32768,full_cache_correct,leverage,keydiff,0.2,0.2,6,6,6,0,0,1.0,1.0,0.0,0.0,0.0,0,6,0,2000,case,20260927
niah_length,niah_single,32768,all,leverage,knorm,0.2,0.2,6,6,6,0,0,1.0,0.0,1.0,1.0,1.0,6,0,0,2000,case,20260927
niah_length,niah_single,32768,full_cache_correct,leverage,knorm,0.2,0.2,6,6,6,0,0,1.0,0.0,1.0,1.0,1.0,6,0,0,2000,case,20260927
niah_length,niah_single,32768,all,leverage,random,0.2,0.2,6,6,6,0,0,1.0,0.0,1.0,1.0,1.0,6,0,0,2000,case,20260927
niah_length,niah_single,32768,full_cache_correct,leverage,random,0.2,0.2,6,6,6,0,0,1.0,0.0,1.0,1.0,1.0,6,0,0,2000,case,20260927
niah_length,niah_single,32768,all,leverage,snapkv,0.2,0.2,6,6,6,0,0,1.0,0.16666666666666666,0.8333333333333334,0.5,1.0,5,1,0,2000,case,20260927
niah_length,niah_single,32768,full_cache_correct,leverage,snapkv,0.2,0.2,6,6,6,0,0,1.0,0.16666666666666666,0.8333333333333334,0.5,1.0,5,1,0,2000,case,20260927
niah_length,niah_single,32768,all,leverage,streaming,0.2,0.2,6,6,6,0,0,1.0,0.3333333333333333,0.6666666666666666,0.3333333333333333,1.0,4,2,0,2000,case,20260927
niah_length,niah_single,32768,full_cache_correct,leverage,streaming,0.2,0.2,6,6,6,0,0,1.0,0.3333333333333333,0.6666666666666666,0.3333333333333333,1.0,4,2,0,2000,case,20260927
niah_length,niah_single,32768,all,leverage,svdd,0.2,0.2,6,6,6,0,0,1.0,0.3333333333333333,0.6666666666666666,0.3333333333333333,1.0,4,2,0,2000,case,20260927
niah_length,niah_single,32768,full_cache_correct,leverage,svdd,0.2,0.2,6,6,6,0,0,1.0,0.3333333333333333,0.6666666666666666,0.3333333333333333,1.0,4,2,0,2000,case,20260927
niah_length,niah_single,32768,all,leverage,svdd_prerope,0.2,0.2,6,6,6,0,0,1.0,0.16666666666666666,0.8333333333333334,0.5,1.0,5,1,0,2000,case,20260927
niah_length,niah_single,32768,full_cache_correct,leverage,svdd_prerope,0.2,0.2,6,6,6,0,0,1.0,0.16666666666666666,0.8333333333333334,0.5,1.0,5,1,0,2000,case,20260927
niah_length,niah_single,32768,all,leverage,full,0.5,1.0,6,6,6,0,0,1.0,1.0,0.0,0.0,0.0,0,6,0,2000,case,20260927
niah_length,niah_single,32768,full_cache_correct,leverage,full,0.5,1.0,6,6,6,0,0,1.0,1.0,0.0,0.0,0.0,0,6,0,2000,case,20260927
niah_length,niah_single,32768,all,leverage,keydiff,0.5,0.5,6,6,6,0,0,1.0,1.0,0.0,0.0,0.0,0,6,0,2000,case,20260927
niah_length,niah_single,32768,full_cache_correct,leverage,keydiff,0.5,0.5,6,6,6,0,0,1.0,1.0,0.0,0.0,0.0,0,6,0,2000,case,20260927
niah_length,niah_single,32768,all,leverage,knorm,0.5,0.5,6,6,6,0,0,1.0,0.0,1.0,1.0,1.0,6,0,0,2000,case,20260927
niah_length,niah_single,32768,full_cache_correct,leverage,knorm,0.5,0.5,6,6,6,0,0,1.0,0.0,1.0,1.0,1.0,6,0,0,2000,case,20260927
niah_length,niah_single,32768,all,leverage,random,0.5,0.5,6,6,6,0,0,1.0,0.16666666666666666,0.8333333333333334,0.5,1.0,5,1,0,2000,case,20260927
niah_length,niah_single,32768,full_cache_correct,leverage,random,0.5,0.5,6,6,6,0,0,1.0,0.16666666666666666,0.8333333333333334,0.5,1.0,5,1,0,2000,case,20260927
niah_length,niah_single,32768,all,leverage,snapkv,0.5,0.5,6,6,6,0,0,1.0,0.3333333333333333,0.6666666666666666,0.3333333333333333,1.0,4,2,0,2000,case,20260927
niah_length,niah_single,32768,full_cache_correct,leverage,snapkv,0.5,0.5,6,6,6,0,0,1.0,0.3333333333333333,0.6666666666666666,0.3333333333333333,1.0,4,2,0,2000,case,20260927
niah_length,niah_single,32768,all,leverage,streaming,0.5,0.5,6,6,6,0,0,1.0,0.6666666666666666,0.3333333333333333,0.0,0.6666666666666666,2,4,0,2000,case,20260927
niah_length,niah_single,32768,full_cache_correct,leverage,streaming,0.5,0.5,6,6,6,0,0,1.0,0.6666666666666666,0.3333333333333333,0.0,0.6666666666666666,2,4,0,2000,case,20260927
niah_length,niah_single,32768,all,leverage,svdd,0.5,0.5,6,6,6,0,0,1.0,0.6666666666666666,0.3333333333333333,0.0,0.6666666666666666,2,4,0,2000,case,20260927
niah_length,niah_single,32768,full_cache_correct,leverage,svdd,0.5,0.5,6,6,6,0,0,1.0,0.6666666666666666,0.3333333333333333,0.0,0.6666666666666666,2,4,0,2000,case,20260927
niah_length,niah_single,32768,all,leverage,svdd_prerope,0.5,0.5,6,6,6,0,0,1.0,0.5,0.5,0.16666666666666666,0.8333333333333334,3,3,0,2000,case,20260927
niah_length,niah_single,32768,full_cache_correct,leverage,svdd_prerope,0.5,0.5,6,6,6,0,0,1.0,0.5,0.5,0.16666666666666666,0.8333333333333334,3,3,0,2000,case,20260927
niah_length,niah_single,32768,all,random,full,0.1,1.0,6,6,6,0,0,0.0,1.0,-1.0,-1.0,-1.0,0,0,6,2000,case,20260927
niah_length,niah_single,32768,full_cache_correct,random,full,0.1,1.0,6,6,6,0,0,0.0,1.0,-1.0,-1.0,-1.0,0,0,6,2000,case,20260927
niah_length,niah_single,32768,all,random,keydiff,0.1,0.1,6,6,6,0,0,0.0,1.0,-1.0,-1.0,-1.0,0,0,6,2000,case,20260927
niah_length,niah_single,32768,full_cache_correct,random,keydiff,0.1,0.1,6,6,6,0,0,0.0,1.0,-1.0,-1.0,-1.0,0,0,6,2000,case,20260927
niah_length,niah_single,32768,all,random,knorm,0.1,0.1,6,6,6,0,0,0.0,0.0,0.0,0.0,0.0,0,6,0,2000,case,20260927
niah_length,niah_single,32768,full_cache_correct,random,knorm,0.1,0.1,6,6,6,0,0,0.0,0.0,0.0,0.0,0.0,0,6,0,2000,case,20260927
niah_length,niah_single,32768,all,random,leverage,0.1,0.1,6,6,6,0,0,0.0,1.0,-1.0,-1.0,-1.0,0,0,6,2000,case,20260927
niah_length,niah_single,32768,full_cache_correct,random,leverage,0.1,0.1,6,6,6,0,0,0.0,1.0,-1.0,-1.0,-1.0,0,0,6,2000,case,20260927
niah_length,niah_single,32768,all,random,snapkv,0.1,0.1,6,6,6,0,0,0.0,0.0,0.0,0.0,0.0,0,6,0,2000,case,20260927
niah_length,niah_single,32768,full_cache_correct,random,snapkv,0.1,0.1,6,6,6,0,0,0.0,0.0,0.0,0.0,0.0,0,6,0,2000,case,20260927
niah_length,niah_single,32768,all,random,streaming,0.1,0.1,6,6,6,0,0,0.0,0.0,0.0,0.0,0.0,0,6,0,2000,case,20260927
niah_length,niah_single,32768,full_cache_correct,random,streaming,0.1,0.1,6,6,6,0,0,0.0,0.0,0.0,0.0,0.0,0,6,0,2000,case,20260927
niah_length,niah_single,32768,all,random,svdd,0.1,0.1,6,6,6,0,0,0.0,0.0,0.0,0.0,0.0,0,6,0,2000,case,20260927
niah_length,niah_single,32768,full_cache_correct,random,svdd,0.1,0.1,6,6,6,0,0,0.0,0.0,0.0,0.0,0.0,0,6,0,2000,case,20260927
niah_length,niah_single,32768,all,random,svdd_prerope,0.1,0.1,6,6,6,0,0,0.0,0.16666666666666666,-0.16666666666666666,-0.5,0.0,0,5,1,2000,case,20260927
niah_length,niah_single,32768,full_cache_correct,random,svdd_prerope,0.1,0.1,6,6,6,0,0,0.0,0.16666666666666666,-0.16666666666666666,-0.5,0.0,0,5,1,2000,case,20260927
niah_length,niah_single,32768,all,random,full,0.2,1.0,6,6,6,0,0,0.0,1.0,-1.0,-1.0,-1.0,0,0,6,2000,case,20260927
niah_length,niah_single,32768,full_cache_correct,random,full,0.2,1.0,6,6,6,0,0,0.0,1.0,-1.0,-1.0,-1.0,0,0,6,2000,case,20260927
niah_length,niah_single,32768,all,random,keydiff,0.2,0.2,6,6,6,0,0,0.0,1.0,-1.0,-1.0,-1.0,0,0,6,2000,case,20260927
niah_length,niah_single,32768,full_cache_correct,random,keydiff,0.2,0.2,6,6,6,0,0,0.0,1.0,-1.0,-1.0,-1.0,0,0,6,2000,case,20260927
niah_length,niah_single,32768,all,random,knorm,0.2,0.2,6,6,6,0,0,0.0,0.0,0.0,0.0,0.0,0,6,0,2000,case,20260927
niah_length,niah_single,32768,full_cache_correct,random,knorm,0.2,0.2,6,6,6,0,0,0.0,0.0,0.0,0.0,0.0,0,6,0,2000,case,20260927
niah_length,niah_single,32768,all,random,leverage,0.2,0.2,6,6,6,0,0,0.0,1.0,-1.0,-1.0,-1.0,0,0,6,2000,case,20260927
niah_length,niah_single,32768,full_cache_correct,random,leverage,0.2,0.2,6,6,6,0,0,0.0,1.0,-1.0,-1.0,-1.0,0,0,6,2000,case,20260927
niah_length,niah_single,32768,all,random,snapkv,0.2,0.2,6,6,6,0,0,0.0,0.16666666666666666,-0.16666666666666666,-0.5,0.0,0,5,1,2000,case,20260927
niah_length,niah_single,32768,full_cache_correct,random,snapkv,0.2,0.2,6,6,6,0,0,0.0,0.16666666666666666,-0.16666666666666666,-0.5,0.0,0,5,1,2000,case,20260927
niah_length,niah_single,32768,all,random,streaming,0.2,0.2,6,6,6,0,0,0.0,0.3333333333333333,-0.3333333333333333,-0.6666666666666666,0.0,0,4,2,2000,case,20260927
niah_length,niah_single,32768,full_cache_correct,random,streaming,0.2,0.2,6,6,6,0,0,0.0,0.3333333333333333,-0.3333333333333333,-0.6666666666666666,0.0,0,4,2,2000,case,20260927
niah_length,niah_single,32768,all,random,svdd,0.2,0.2,6,6,6,0,0,0.0,0.3333333333333333,-0.3333333333333333,-0.6666666666666666,0.0,0,4,2,2000,case,20260927
niah_length,niah_single,32768,full_cache_correct,random,svdd,0.2,0.2,6,6,6,0,0,0.0,0.3333333333333333,-0.3333333333333333,-0.6666666666666666,0.0,0,4,2,2000,case,20260927
niah_length,niah_single,32768,all,random,svdd_prerope,0.2,0.2,6,6,6,0,0,0.0,0.16666666666666666,-0.16666666666666666,-0.5,0.0,0,5,1,2000,case,20260927
niah_length,niah_single,32768,full_cache_correct,random,svdd_prerope,0.2,0.2,6,6,6,0,0,0.0,0.16666666666666666,-0.16666666666666666,-0.5,0.0,0,5,1,2000,case,20260927
niah_length,niah_single,32768,all,random,full,0.5,1.0,6,6,6,0,0,0.16666666666666666,1.0,-0.8333333333333334,-1.0,-0.5,0,1,5,2000,case,20260927
niah_length,niah_single,32768,full_cache_correct,random,full,0.5,1.0,6,6,6,0,0,0.16666666666666666,1.0,-0.8333333333333334,-1.0,-0.5,0,1,5,2000,case,20260927
niah_length,niah_single,32768,all,random,keydiff,0.5,0.5,6,6,6,0,0,0.16666666666666666,1.0,-0.8333333333333334,-1.0,-0.5,0,1,5,2000,case,20260927
niah_length,niah_single,32768,full_cache_correct,random,keydiff,0.5,0.5,6,6,6,0,0,0.16666666666666666,1.0,-0.8333333333333334,-1.0,-0.5,0,1,5,2000,case,20260927
niah_length,niah_single,32768,all,random,knorm,0.5,0.5,6,6,6,0,0,0.16666666666666666,0.0,0.16666666666666666,0.0,0.5,1,5,0,2000,case,20260927
niah_length,niah_single,32768,full_cache_correct,random,knorm,0.5,0.5,6,6,6,0,0,0.16666666666666666,0.0,0.16666666666666666,0.0,0.5,1,5,0,2000,case,20260927
niah_length,niah_single,32768,all,random,leverage,0.5,0.5,6,6,6,0,0,0.16666666666666666,1.0,-0.8333333333333334,-1.0,-0.5,0,1,5,2000,case,20260927
niah_length,niah_single,32768,full_cache_correct,random,leverage,0.5,0.5,6,6,6,0,0,0.16666666666666666,1.0,-0.8333333333333334,-1.0,-0.5,0,1,5,2000,case,20260927
niah_length,niah_single,32768,all,random,snapkv,0.5,0.5,6,6,6,0,0,0.16666666666666666,0.3333333333333333,-0.16666666666666666,-0.6666666666666666,0.3333333333333333,1,3,2,2000,case,20260927
niah_length,niah_single,32768,full_cache_correct,random,snapkv,0.5,0.5,6,6,6,0,0,0.16666666666666666,0.3333333333333333,-0.16666666666666666,-0.6666666666666666,0.3333333333333333,1,3,2,2000,case,20260927
niah_length,niah_single,32768,all,random,streaming,0.5,0.5,6,6,6,0,0,0.16666666666666666,0.6666666666666666,-0.5,-0.8333333333333334,-0.16666666666666666,0,3,3,2000,case,20260927
niah_length,niah_single,32768,full_cache_correct,random,streaming,0.5,0.5,6,6,6,0,0,0.16666666666666666,0.6666666666666666,-0.5,-0.8333333333333334,-0.16666666666666666,0,3,3,2000,case,20260927
niah_length,niah_single,32768,all,random,svdd,0.5,0.5,6,6,6,0,0,0.16666666666666666,0.6666666666666666,-0.5,-1.0,0.16666666666666666,1,1,4,2000,case,20260927
niah_length,niah_single,32768,full_cache_correct,random,svdd,0.5,0.5,6,6,6,0,0,0.16666666666666666,0.6666666666666666,-0.5,-1.0,0.16666666666666666,1,1,4,2000,case,20260927
niah_length,niah_single,32768,all,random,svdd_prerope,0.5,0.5,6,6,6,0,0,0.16666666666666666,0.5,-0.3333333333333333,-0.8333333333333334,0.3333333333333333,1,2,3,2000,case,20260927
niah_length,niah_single,32768,full_cache_correct,random,svdd_prerope,0.5,0.5,6,6,6,0,0,0.16666666666666666,0.5,-0.3333333333333333,-0.8333333333333334,0.3333333333333333,1,2,3,2000,case,20260927
niah_length,niah_single,32768,all,snapkv,full,0.1,1.0,6,6,6,0,0,0.0,1.0,-1.0,-1.0,-1.0,0,0,6,2000,case,20260927
niah_length,niah_single,32768,full_cache_correct,snapkv,full,0.1,1.0,6,6,6,0,0,0.0,1.0,-1.0,-1.0,-1.0,0,0,6,2000,case,20260927
niah_length,niah_single,32768,all,snapkv,keydiff,0.1,0.1,6,6,6,0,0,0.0,1.0,-1.0,-1.0,-1.0,0,0,6,2000,case,20260927
niah_length,niah_single,32768,full_cache_correct,snapkv,keydiff,0.1,0.1,6,6,6,0,0,0.0,1.0,-1.0,-1.0,-1.0,0,0,6,2000,case,20260927
niah_length,niah_single,32768,all,snapkv,knorm,0.1,0.1,6,6,6,0,0,0.0,0.0,0.0,0.0,0.0,0,6,0,2000,case,20260927
niah_length,niah_single,32768,full_cache_correct,snapkv,knorm,0.1,0.1,6,6,6,0,0,0.0,0.0,0.0,0.0,0.0,0,6,0,2000,case,20260927
niah_length,niah_single,32768,all,snapkv,leverage,0.1,0.1,6,6,6,0,0,0.0,1.0,-1.0,-1.0,-1.0,0,0,6,2000,case,20260927
niah_length,niah_single,32768,full_cache_correct,snapkv,leverage,0.1,0.1,6,6,6,0,0,0.0,1.0,-1.0,-1.0,-1.0,0,0,6,2000,case,20260927
niah_length,niah_single,32768,all,snapkv,random,0.1,0.1,6,6,6,0,0,0.0,0.0,0.0,0.0,0.0,0,6,0,2000,case,20260927
niah_length,niah_single,32768,full_cache_correct,snapkv,random,0.1,0.1,6,6,6,0,0,0.0,0.0,0.0,0.0,0.0,0,6,0,2000,case,20260927
niah_length,niah_single,32768,all,snapkv,streaming,0.1,0.1,6,6,6,0,0,0.0,0.0,0.0,0.0,0.0,0,6,0,2000,case,20260927
niah_length,niah_single,32768,full_cache_correct,snapkv,streaming,0.1,0.1,6,6,6,0,0,0.0,0.0,0.0,0.0,0.0,0,6,0,2000,case,20260927
niah_length,niah_single,32768,all,snapkv,svdd,0.1,0.1,6,6,6,0,0,0.0,0.0,0.0,0.0,0.0,0,6,0,2000,case,20260927
niah_length,niah_single,32768,full_cache_correct,snapkv,svdd,0.1,0.1,6,6,6,0,0,0.0,0.0,0.0,0.0,0.0,0,6,0,2000,case,20260927
niah_length,niah_single,32768,all,snapkv,svdd_prerope,0.1,0.1,6,6,6,0,0,0.0,0.16666666666666666,-0.16666666666666666,-0.5,0.0,0,5,1,2000,case,20260927
niah_length,niah_single,32768,full_cache_correct,snapkv,svdd_prerope,0.1,0.1,6,6,6,0,0,0.0,0.16666666666666666,-0.16666666666666666,-0.5,0.0,0,5,1,2000,case,20260927
niah_length,niah_single,32768,all,snapkv,full,0.2,1.0,6,6,6,0,0,0.16666666666666666,1.0,-0.8333333333333334,-1.0,-0.5,0,1,5,2000,case,20260927
niah_length,niah_single,32768,full_cache_correct,snapkv,full,0.2,1.0,6,6,6,0,0,0.16666666666666666,1.0,-0.8333333333333334,-1.0,-0.5,0,1,5,2000,case,20260927
niah_length,niah_single,32768,all,snapkv,keydiff,0.2,0.2,6,6,6,0,0,0.16666666666666666,1.0,-0.8333333333333334,-1.0,-0.5,0,1,5,2000,case,20260927
niah_length,niah_single,32768,full_cache_correct,snapkv,keydiff,0.2,0.2,6,6,6,0,0,0.16666666666666666,1.0,-0.8333333333333334,-1.0,-0.5,0,1,5,2000,case,20260927
niah_length,niah_single,32768,all,snapkv,knorm,0.2,0.2,6,6,6,0,0,0.16666666666666666,0.0,0.16666666666666666,0.0,0.5,1,5,0,2000,case,20260927
niah_length,niah_single,32768,full_cache_correct,snapkv,knorm,0.2,0.2,6,6,6,0,0,0.16666666666666666,0.0,0.16666666666666666,0.0,0.5,1,5,0,2000,case,20260927
niah_length,niah_single,32768,all,snapkv,leverage,0.2,0.2,6,6,6,0,0,0.16666666666666666,1.0,-0.8333333333333334,-1.0,-0.5,0,1,5,2000,case,20260927
niah_length,niah_single,32768,full_cache_correct,snapkv,leverage,0.2,0.2,6,6,6,0,0,0.16666666666666666,1.0,-0.8333333333333334,-1.0,-0.5,0,1,5,2000,case,20260927
niah_length,niah_single,32768,all,snapkv,random,0.2,0.2,6,6,6,0,0,0.16666666666666666,0.0,0.16666666666666666,0.0,0.5,1,5,0,2000,case,20260927
niah_length,niah_single,32768,full_cache_correct,snapkv,random,0.2,0.2,6,6,6,0,0,0.16666666666666666,0.0,0.16666666666666666,0.0,0.5,1,5,0,2000,case,20260927
niah_length,niah_single,32768,all,snapkv,streaming,0.2,0.2,6,6,6,0,0,0.16666666666666666,0.3333333333333333,-0.16666666666666666,-0.6666666666666666,0.3333333333333333,1,3,2,2000,case,20260927
niah_length,niah_single,32768,full_cache_correct,snapkv,streaming,0.2,0.2,6,6,6,0,0,0.16666666666666666,0.3333333333333333,-0.16666666666666666,-0.6666666666666666,0.3333333333333333,1,3,2,2000,case,20260927
niah_length,niah_single,32768,all,snapkv,svdd,0.2,0.2,6,6,6,0,0,0.16666666666666666,0.3333333333333333,-0.16666666666666666,-0.5,0.0,0,5,1,2000,case,20260927
niah_length,niah_single,32768,full_cache_correct,snapkv,svdd,0.2,0.2,6,6,6,0,0,0.16666666666666666,0.3333333333333333,-0.16666666666666666,-0.5,0.0,0,5,1,2000,case,20260927
niah_length,niah_single,32768,all,snapkv,svdd_prerope,0.2,0.2,6,6,6,0,0,0.16666666666666666,0.16666666666666666,0.0,-0.5,0.5,1,4,1,2000,case,20260927
niah_length,niah_single,32768,full_cache_correct,snapkv,svdd_prerope,0.2,0.2,6,6,6,0,0,0.16666666666666666,0.16666666666666666,0.0,-0.5,0.5,1,4,1,2000,case,20260927
niah_length,niah_single,32768,all,snapkv,full,0.5,1.0,6,6,6,0,0,0.3333333333333333,1.0,-0.6666666666666666,-1.0,-0.3333333333333333,0,2,4,2000,case,20260927
niah_length,niah_single,32768,full_cache_correct,snapkv,full,0.5,1.0,6,6,6,0,0,0.3333333333333333,1.0,-0.6666666666666666,-1.0,-0.3333333333333333,0,2,4,2000,case,20260927
niah_length,niah_single,32768,all,snapkv,keydiff,0.5,0.5,6,6,6,0,0,0.3333333333333333,1.0,-0.6666666666666666,-1.0,-0.3333333333333333,0,2,4,2000,case,20260927
niah_length,niah_single,32768,full_cache_correct,snapkv,keydiff,0.5,0.5,6,6,6,0,0,0.3333333333333333,1.0,-0.6666666666666666,-1.0,-0.3333333333333333,0,2,4,2000,case,20260927
niah_length,niah_single,32768,all,snapkv,knorm,0.5,0.5,6,6,6,0,0,0.3333333333333333,0.0,0.3333333333333333,0.0,0.6666666666666666,2,4,0,2000,case,20260927
niah_length,niah_single,32768,full_cache_correct,snapkv,knorm,0.5,0.5,6,6,6,0,0,0.3333333333333333,0.0,0.3333333333333333,0.0,0.6666666666666666,2,4,0,2000,case,20260927
niah_length,niah_single,32768,all,snapkv,leverage,0.5,0.5,6,6,6,0,0,0.3333333333333333,1.0,-0.6666666666666666,-1.0,-0.3333333333333333,0,2,4,2000,case,20260927
niah_length,niah_single,32768,full_cache_correct,snapkv,leverage,0.5,0.5,6,6,6,0,0,0.3333333333333333,1.0,-0.6666666666666666,-1.0,-0.3333333333333333,0,2,4,2000,case,20260927
niah_length,niah_single,32768,all,snapkv,random,0.5,0.5,6,6,6,0,0,0.3333333333333333,0.16666666666666666,0.16666666666666666,-0.3333333333333333,0.6666666666666666,2,3,1,2000,case,20260927
niah_length,niah_single,32768,full_cache_correct,snapkv,random,0.5,0.5,6,6,6,0,0,0.3333333333333333,0.16666666666666666,0.16666666666666666,-0.3333333333333333,0.6666666666666666,2,3,1,2000,case,20260927
niah_length,niah_single,32768,all,snapkv,streaming,0.5,0.5,6,6,6,0,0,0.3333333333333333,0.6666666666666666,-0.3333333333333333,-0.6666666666666666,0.0,0,4,2,2000,case,20260927
niah_length,niah_single,32768,full_cache_correct,snapkv,streaming,0.5,0.5,6,6,6,0,0,0.3333333333333333,0.6666666666666666,-0.3333333333333333,-0.6666666666666666,0.0,0,4,2,2000,case,20260927
niah_length,niah_single,32768,all,snapkv,svdd,0.5,0.5,6,6,6,0,0,0.3333333333333333,0.6666666666666666,-0.3333333333333333,-0.8333333333333334,0.3333333333333333,1,2,3,2000,case,20260927
niah_length,niah_single,32768,full_cache_correct,snapkv,svdd,0.5,0.5,6,6,6,0,0,0.3333333333333333,0.6666666666666666,-0.3333333333333333,-0.8333333333333334,0.3333333333333333,1,2,3,2000,case,20260927
niah_length,niah_single,32768,all,snapkv,svdd_prerope,0.5,0.5,6,6,6,0,0,0.3333333333333333,0.5,-0.16666666666666666,-0.8333333333333334,0.5,2,1,3,2000,case,20260927
niah_length,niah_single,32768,full_cache_correct,snapkv,svdd_prerope,0.5,0.5,6,6,6,0,0,0.3333333333333333,0.5,-0.16666666666666666,-0.8333333333333334,0.5041666666666439,2,1,3,2000,case,20260927
niah_length,niah_single,32768,all,streaming,full,0.1,1.0,6,6,6,0,0,0.0,1.0,-1.0,-1.0,-1.0,0,0,6,2000,case,20260927
niah_length,niah_single,32768,full_cache_correct,streaming,full,0.1,1.0,6,6,6,0,0,0.0,1.0,-1.0,-1.0,-1.0,0,0,6,2000,case,20260927
niah_length,niah_single,32768,all,streaming,keydiff,0.1,0.1,6,6,6,0,0,0.0,1.0,-1.0,-1.0,-1.0,0,0,6,2000,case,20260927
niah_length,niah_single,32768,full_cache_correct,streaming,keydiff,0.1,0.1,6,6,6,0,0,0.0,1.0,-1.0,-1.0,-1.0,0,0,6,2000,case,20260927
niah_length,niah_single,32768,all,streaming,knorm,0.1,0.1,6,6,6,0,0,0.0,0.0,0.0,0.0,0.0,0,6,0,2000,case,20260927
niah_length,niah_single,32768,full_cache_correct,streaming,knorm,0.1,0.1,6,6,6,0,0,0.0,0.0,0.0,0.0,0.0,0,6,0,2000,case,20260927
niah_length,niah_single,32768,all,streaming,leverage,0.1,0.1,6,6,6,0,0,0.0,1.0,-1.0,-1.0,-1.0,0,0,6,2000,case,20260927
niah_length,niah_single,32768,full_cache_correct,streaming,leverage,0.1,0.1,6,6,6,0,0,0.0,1.0,-1.0,-1.0,-1.0,0,0,6,2000,case,20260927
niah_length,niah_single,32768,all,streaming,random,0.1,0.1,6,6,6,0,0,0.0,0.0,0.0,0.0,0.0,0,6,0,2000,case,20260927
niah_length,niah_single,32768,full_cache_correct,streaming,random,0.1,0.1,6,6,6,0,0,0.0,0.0,0.0,0.0,0.0,0,6,0,2000,case,20260927
niah_length,niah_single,32768,all,streaming,snapkv,0.1,0.1,6,6,6,0,0,0.0,0.0,0.0,0.0,0.0,0,6,0,2000,case,20260927
niah_length,niah_single,32768,full_cache_correct,streaming,snapkv,0.1,0.1,6,6,6,0,0,0.0,0.0,0.0,0.0,0.0,0,6,0,2000,case,20260927
niah_length,niah_single,32768,all,streaming,svdd,0.1,0.1,6,6,6,0,0,0.0,0.0,0.0,0.0,0.0,0,6,0,2000,case,20260927
niah_length,niah_single,32768,full_cache_correct,streaming,svdd,0.1,0.1,6,6,6,0,0,0.0,0.0,0.0,0.0,0.0,0,6,0,2000,case,20260927
niah_length,niah_single,32768,all,streaming,svdd_prerope,0.1,0.1,6,6,6,0,0,0.0,0.16666666666666666,-0.16666666666666666,-0.5,0.0,0,5,1,2000,case,20260927
niah_length,niah_single,32768,full_cache_correct,streaming,svdd_prerope,0.1,0.1,6,6,6,0,0,0.0,0.16666666666666666,-0.16666666666666666,-0.5,0.0,0,5,1,2000,case,20260927
niah_length,niah_single,32768,all,streaming,full,0.2,1.0,6,6,6,0,0,0.3333333333333333,1.0,-0.6666666666666666,-1.0,-0.3333333333333333,0,2,4,2000,case,20260927
niah_length,niah_single,32768,full_cache_correct,streaming,full,0.2,1.0,6,6,6,0,0,0.3333333333333333,1.0,-0.6666666666666666,-1.0,-0.3333333333333333,0,2,4,2000,case,20260927
niah_length,niah_single,32768,all,streaming,keydiff,0.2,0.2,6,6,6,0,0,0.3333333333333333,1.0,-0.6666666666666666,-1.0,-0.3333333333333333,0,2,4,2000,case,20260927
niah_length,niah_single,32768,full_cache_correct,streaming,keydiff,0.2,0.2,6,6,6,0,0,0.3333333333333333,1.0,-0.6666666666666666,-1.0,-0.3333333333333333,0,2,4,2000,case,20260927
niah_length,niah_single,32768,all,streaming,knorm,0.2,0.2,6,6,6,0,0,0.3333333333333333,0.0,0.3333333333333333,0.0,0.6666666666666666,2,4,0,2000,case,20260927
niah_length,niah_single,32768,full_cache_correct,streaming,knorm,0.2,0.2,6,6,6,0,0,0.3333333333333333,0.0,0.3333333333333333,0.0,0.6666666666666666,2,4,0,2000,case,20260927
niah_length,niah_single,32768,all,streaming,leverage,0.2,0.2,6,6,6,0,0,0.3333333333333333,1.0,-0.6666666666666666,-1.0,-0.3333333333333333,0,2,4,2000,case,20260927
niah_length,niah_single,32768,full_cache_correct,streaming,leverage,0.2,0.2,6,6,6,0,0,0.3333333333333333,1.0,-0.6666666666666666,-1.0,-0.3333333333333333,0,2,4,2000,case,20260927
niah_length,niah_single,32768,all,streaming,random,0.2,0.2,6,6,6,0,0,0.3333333333333333,0.0,0.3333333333333333,0.0,0.6666666666666666,2,4,0,2000,case,20260927
niah_length,niah_single,32768,full_cache_correct,streaming,random,0.2,0.2,6,6,6,0,0,0.3333333333333333,0.0,0.3333333333333333,0.0,0.6666666666666666,2,4,0,2000,case,20260927
niah_length,niah_single,32768,all,streaming,snapkv,0.2,0.2,6,6,6,0,0,0.3333333333333333,0.16666666666666666,0.16666666666666666,-0.3333333333333333,0.6666666666666666,2,3,1,2000,case,20260927
niah_length,niah_single,32768,full_cache_correct,streaming,snapkv,0.2,0.2,6,6,6,0,0,0.3333333333333333,0.16666666666666666,0.16666666666666666,-0.3333333333333333,0.6666666666666666,2,3,1,2000,case,20260927
niah_length,niah_single,32768,all,streaming,svdd,0.2,0.2,6,6,6,0,0,0.3333333333333333,0.3333333333333333,0.0,-0.5,0.5,1,4,1,2000,case,20260927
niah_length,niah_single,32768,full_cache_correct,streaming,svdd,0.2,0.2,6,6,6,0,0,0.3333333333333333,0.3333333333333333,0.0,-0.5,0.5,1,4,1,2000,case,20260927
niah_length,niah_single,32768,all,streaming,svdd_prerope,0.2,0.2,6,6,6,0,0,0.3333333333333333,0.16666666666666666,0.16666666666666666,0.0,0.5,1,5,0,2000,case,20260927
niah_length,niah_single,32768,full_cache_correct,streaming,svdd_prerope,0.2,0.2,6,6,6,0,0,0.3333333333333333,0.16666666666666666,0.16666666666666666,0.0,0.5,1,5,0,2000,case,20260927
niah_length,niah_single,32768,all,streaming,full,0.5,1.0,6,6,6,0,0,0.6666666666666666,1.0,-0.3333333333333333,-0.6666666666666666,0.0,0,4,2,2000,case,20260927
niah_length,niah_single,32768,full_cache_correct,streaming,full,0.5,1.0,6,6,6,0,0,0.6666666666666666,1.0,-0.3333333333333333,-0.6666666666666666,0.0,0,4,2,2000,case,20260927
niah_length,niah_single,32768,all,streaming,keydiff,0.5,0.5,6,6,6,0,0,0.6666666666666666,1.0,-0.3333333333333333,-0.6666666666666666,0.0,0,4,2,2000,case,20260927
niah_length,niah_single,32768,full_cache_correct,streaming,keydiff,0.5,0.5,6,6,6,0,0,0.6666666666666666,1.0,-0.3333333333333333,-0.6666666666666666,0.0,0,4,2,2000,case,20260927
niah_length,niah_single,32768,all,streaming,knorm,0.5,0.5,6,6,6,0,0,0.6666666666666666,0.0,0.6666666666666666,0.3333333333333333,1.0,4,2,0,2000,case,20260927
niah_length,niah_single,32768,full_cache_correct,streaming,knorm,0.5,0.5,6,6,6,0,0,0.6666666666666666,0.0,0.6666666666666666,0.3333333333333333,1.0,4,2,0,2000,case,20260927
niah_length,niah_single,32768,all,streaming,leverage,0.5,0.5,6,6,6,0,0,0.6666666666666666,1.0,-0.3333333333333333,-0.6666666666666666,0.0,0,4,2,2000,case,20260927
niah_length,niah_single,32768,full_cache_correct,streaming,leverage,0.5,0.5,6,6,6,0,0,0.6666666666666666,1.0,-0.3333333333333333,-0.6666666666666666,0.0,0,4,2,2000,case,20260927
niah_length,niah_single,32768,all,streaming,random,0.5,0.5,6,6,6,0,0,0.6666666666666666,0.16666666666666666,0.5,0.16666666666666666,0.8333333333333334,3,3,0,2000,case,20260927
niah_length,niah_single,32768,full_cache_correct,streaming,random,0.5,0.5,6,6,6,0,0,0.6666666666666666,0.16666666666666666,0.5,0.16666666666666666,0.8333333333333334,3,3,0,2000,case,20260927
niah_length,niah_single,32768,all,streaming,snapkv,0.5,0.5,6,6,6,0,0,0.6666666666666666,0.3333333333333333,0.3333333333333333,0.0,0.6666666666666666,2,4,0,2000,case,20260927
niah_length,niah_single,32768,full_cache_correct,streaming,snapkv,0.5,0.5,6,6,6,0,0,0.6666666666666666,0.3333333333333333,0.3333333333333333,0.0,0.6666666666666666,2,4,0,2000,case,20260927
niah_length,niah_single,32768,all,streaming,svdd,0.5,0.5,6,6,6,0,0,0.6666666666666666,0.6666666666666666,0.0,-0.6666666666666666,0.6666666666666666,2,2,2,2000,case,20260927
niah_length,niah_single,32768,full_cache_correct,streaming,svdd,0.5,0.5,6,6,6,0,0,0.6666666666666666,0.6666666666666666,0.0,-0.6666666666666666,0.6666666666666666,2,2,2,2000,case,20260927
niah_length,niah_single,32768,all,streaming,svdd_prerope,0.5,0.5,6,6,6,0,0,0.6666666666666666,0.5,0.16666666666666666,-0.5,0.8333333333333334,3,1,2,2000,case,20260927
niah_length,niah_single,32768,full_cache_correct,streaming,svdd_prerope,0.5,0.5,6,6,6,0,0,0.6666666666666666,0.5,0.16666666666666666,-0.5,0.8333333333333334,3,1,2,2000,case,20260927
niah_length,niah_single,32768,all,svdd,full,0.1,1.0,6,6,6,0,0,0.0,1.0,-1.0,-1.0,-1.0,0,0,6,2000,case,20260927
niah_length,niah_single,32768,full_cache_correct,svdd,full,0.1,1.0,6,6,6,0,0,0.0,1.0,-1.0,-1.0,-1.0,0,0,6,2000,case,20260927
niah_length,niah_single,32768,all,svdd,keydiff,0.1,0.1,6,6,6,0,0,0.0,1.0,-1.0,-1.0,-1.0,0,0,6,2000,case,20260927
niah_length,niah_single,32768,full_cache_correct,svdd,keydiff,0.1,0.1,6,6,6,0,0,0.0,1.0,-1.0,-1.0,-1.0,0,0,6,2000,case,20260927
niah_length,niah_single,32768,all,svdd,knorm,0.1,0.1,6,6,6,0,0,0.0,0.0,0.0,0.0,0.0,0,6,0,2000,case,20260927
niah_length,niah_single,32768,full_cache_correct,svdd,knorm,0.1,0.1,6,6,6,0,0,0.0,0.0,0.0,0.0,0.0,0,6,0,2000,case,20260927
niah_length,niah_single,32768,all,svdd,leverage,0.1,0.1,6,6,6,0,0,0.0,1.0,-1.0,-1.0,-1.0,0,0,6,2000,case,20260927
niah_length,niah_single,32768,full_cache_correct,svdd,leverage,0.1,0.1,6,6,6,0,0,0.0,1.0,-1.0,-1.0,-1.0,0,0,6,2000,case,20260927
niah_length,niah_single,32768,all,svdd,random,0.1,0.1,6,6,6,0,0,0.0,0.0,0.0,0.0,0.0,0,6,0,2000,case,20260927
niah_length,niah_single,32768,full_cache_correct,svdd,random,0.1,0.1,6,6,6,0,0,0.0,0.0,0.0,0.0,0.0,0,6,0,2000,case,20260927
niah_length,niah_single,32768,all,svdd,snapkv,0.1,0.1,6,6,6,0,0,0.0,0.0,0.0,0.0,0.0,0,6,0,2000,case,20260927
niah_length,niah_single,32768,full_cache_correct,svdd,snapkv,0.1,0.1,6,6,6,0,0,0.0,0.0,0.0,0.0,0.0,0,6,0,2000,case,20260927
niah_length,niah_single,32768,all,svdd,streaming,0.1,0.1,6,6,6,0,0,0.0,0.0,0.0,0.0,0.0,0,6,0,2000,case,20260927
niah_length,niah_single,32768,full_cache_correct,svdd,streaming,0.1,0.1,6,6,6,0,0,0.0,0.0,0.0,0.0,0.0,0,6,0,2000,case,20260927
niah_length,niah_single,32768,all,svdd,svdd_prerope,0.1,0.1,6,6,6,0,0,0.0,0.16666666666666666,-0.16666666666666666,-0.5,0.0,0,5,1,2000,case,20260927
niah_length,niah_single,32768,full_cache_correct,svdd,svdd_prerope,0.1,0.1,6,6,6,0,0,0.0,0.16666666666666666,-0.16666666666666666,-0.5,0.0,0,5,1,2000,case,20260927
niah_length,niah_single,32768,all,svdd,full,0.2,1.0,6,6,6,0,0,0.3333333333333333,1.0,-0.6666666666666666,-1.0,-0.3333333333333333,0,2,4,2000,case,20260927
niah_length,niah_single,32768,full_cache_correct,svdd,full,0.2,1.0,6,6,6,0,0,0.3333333333333333,1.0,-0.6666666666666666,-1.0,-0.3333333333333333,0,2,4,2000,case,20260927
niah_length,niah_single,32768,all,svdd,keydiff,0.2,0.2,6,6,6,0,0,0.3333333333333333,1.0,-0.6666666666666666,-1.0,-0.3333333333333333,0,2,4,2000,case,20260927
niah_length,niah_single,32768,full_cache_correct,svdd,keydiff,0.2,0.2,6,6,6,0,0,0.3333333333333333,1.0,-0.6666666666666666,-1.0,-0.3333333333333333,0,2,4,2000,case,20260927
niah_length,niah_single,32768,all,svdd,knorm,0.2,0.2,6,6,6,0,0,0.3333333333333333,0.0,0.3333333333333333,0.0,0.6666666666666666,2,4,0,2000,case,20260927
niah_length,niah_single,32768,full_cache_correct,svdd,knorm,0.2,0.2,6,6,6,0,0,0.3333333333333333,0.0,0.3333333333333333,0.0,0.6666666666666666,2,4,0,2000,case,20260927
niah_length,niah_single,32768,all,svdd,leverage,0.2,0.2,6,6,6,0,0,0.3333333333333333,1.0,-0.6666666666666666,-1.0,-0.3333333333333333,0,2,4,2000,case,20260927
niah_length,niah_single,32768,full_cache_correct,svdd,leverage,0.2,0.2,6,6,6,0,0,0.3333333333333333,1.0,-0.6666666666666666,-1.0,-0.3333333333333333,0,2,4,2000,case,20260927
niah_length,niah_single,32768,all,svdd,random,0.2,0.2,6,6,6,0,0,0.3333333333333333,0.0,0.3333333333333333,0.0,0.6666666666666666,2,4,0,2000,case,20260927
niah_length,niah_single,32768,full_cache_correct,svdd,random,0.2,0.2,6,6,6,0,0,0.3333333333333333,0.0,0.3333333333333333,0.0,0.6666666666666666,2,4,0,2000,case,20260927
niah_length,niah_single,32768,all,svdd,snapkv,0.2,0.2,6,6,6,0,0,0.3333333333333333,0.16666666666666666,0.16666666666666666,0.0,0.5,1,5,0,2000,case,20260927
niah_length,niah_single,32768,full_cache_correct,svdd,snapkv,0.2,0.2,6,6,6,0,0,0.3333333333333333,0.16666666666666666,0.16666666666666666,0.0,0.5,1,5,0,2000,case,20260927
niah_length,niah_single,32768,all,svdd,streaming,0.2,0.2,6,6,6,0,0,0.3333333333333333,0.3333333333333333,0.0,-0.5,0.5,1,4,1,2000,case,20260927
niah_length,niah_single,32768,full_cache_correct,svdd,streaming,0.2,0.2,6,6,6,0,0,0.3333333333333333,0.3333333333333333,0.0,-0.5,0.5,1,4,1,2000,case,20260927
niah_length,niah_single,32768,all,svdd,svdd_prerope,0.2,0.2,6,6,6,0,0,0.3333333333333333,0.16666666666666666,0.16666666666666666,0.0,0.5,1,5,0,2000,case,20260927
niah_length,niah_single,32768,full_cache_correct,svdd,svdd_prerope,0.2,0.2,6,6,6,0,0,0.3333333333333333,0.16666666666666666,0.16666666666666666,0.0,0.5,1,5,0,2000,case,20260927
niah_length,niah_single,32768,all,svdd,full,0.5,1.0,6,6,6,0,0,0.6666666666666666,1.0,-0.3333333333333333,-0.6666666666666666,0.0,0,4,2,2000,case,20260927
niah_length,niah_single,32768,full_cache_correct,svdd,full,0.5,1.0,6,6,6,0,0,0.6666666666666666,1.0,-0.3333333333333333,-0.6666666666666666,0.0,0,4,2,2000,case,20260927
niah_length,niah_single,32768,all,svdd,keydiff,0.5,0.5,6,6,6,0,0,0.6666666666666666,1.0,-0.3333333333333333,-0.6666666666666666,0.0,0,4,2,2000,case,20260927
niah_length,niah_single,32768,full_cache_correct,svdd,keydiff,0.5,0.5,6,6,6,0,0,0.6666666666666666,1.0,-0.3333333333333333,-0.6666666666666666,0.0,0,4,2,2000,case,20260927
niah_length,niah_single,32768,all,svdd,knorm,0.5,0.5,6,6,6,0,0,0.6666666666666666,0.0,0.6666666666666666,0.3333333333333333,1.0,4,2,0,2000,case,20260927
niah_length,niah_single,32768,full_cache_correct,svdd,knorm,0.5,0.5,6,6,6,0,0,0.6666666666666666,0.0,0.6666666666666666,0.3333333333333333,1.0,4,2,0,2000,case,20260927
niah_length,niah_single,32768,all,svdd,leverage,0.5,0.5,6,6,6,0,0,0.6666666666666666,1.0,-0.3333333333333333,-0.6666666666666666,0.0,0,4,2,2000,case,20260927
niah_length,niah_single,32768,full_cache_correct,svdd,leverage,0.5,0.5,6,6,6,0,0,0.6666666666666666,1.0,-0.3333333333333333,-0.6666666666666666,0.0,0,4,2,2000,case,20260927
niah_length,niah_single,32768,all,svdd,random,0.5,0.5,6,6,6,0,0,0.6666666666666666,0.16666666666666666,0.5,-0.16666666666666666,1.0,4,1,1,2000,case,20260927
niah_length,niah_single,32768,full_cache_correct,svdd,random,0.5,0.5,6,6,6,0,0,0.6666666666666666,0.16666666666666666,0.5,-0.16666666666666666,1.0,4,1,1,2000,case,20260927
niah_length,niah_single,32768,all,svdd,snapkv,0.5,0.5,6,6,6,0,0,0.6666666666666666,0.3333333333333333,0.3333333333333333,-0.3333333333333333,0.8333333333333334,3,2,1,2000,case,20260927
niah_length,niah_single,32768,full_cache_correct,svdd,snapkv,0.5,0.5,6,6,6,0,0,0.6666666666666666,0.3333333333333333,0.3333333333333333,-0.3333333333333333,0.8333333333333334,3,2,1,2000,case,20260927
niah_length,niah_single,32768,all,svdd,streaming,0.5,0.5,6,6,6,0,0,0.6666666666666666,0.6666666666666666,0.0,-0.6666666666666666,0.6666666666666666,2,2,2,2000,case,20260927
niah_length,niah_single,32768,full_cache_correct,svdd,streaming,0.5,0.5,6,6,6,0,0,0.6666666666666666,0.6666666666666666,0.0,-0.6666666666666666,0.6666666666666666,2,2,2,2000,case,20260927
niah_length,niah_single,32768,all,svdd,svdd_prerope,0.5,0.5,6,6,6,0,0,0.6666666666666666,0.5,0.16666666666666666,0.0,0.5,1,5,0,2000,case,20260927
niah_length,niah_single,32768,full_cache_correct,svdd,svdd_prerope,0.5,0.5,6,6,6,0,0,0.6666666666666666,0.5,0.16666666666666666,0.0,0.5,1,5,0,2000,case,20260927
niah_length,niah_single,32768,all,svdd_prerope,full,0.1,1.0,6,6,6,0,0,0.16666666666666666,1.0,-0.8333333333333334,-1.0,-0.5,0,1,5,2000,case,20260927
niah_length,niah_single,32768,full_cache_correct,svdd_prerope,full,0.1,1.0,6,6,6,0,0,0.16666666666666666,1.0,-0.8333333333333334,-1.0,-0.5,0,1,5,2000,case,20260927
niah_length,niah_single,32768,all,svdd_prerope,keydiff,0.1,0.1,6,6,6,0,0,0.16666666666666666,1.0,-0.8333333333333334,-1.0,-0.5,0,1,5,2000,case,20260927
niah_length,niah_single,32768,full_cache_correct,svdd_prerope,keydiff,0.1,0.1,6,6,6,0,0,0.16666666666666666,1.0,-0.8333333333333334,-1.0,-0.5,0,1,5,2000,case,20260927
niah_length,niah_single,32768,all,svdd_prerope,knorm,0.1,0.1,6,6,6,0,0,0.16666666666666666,0.0,0.16666666666666666,0.0,0.5,1,5,0,2000,case,20260927
niah_length,niah_single,32768,full_cache_correct,svdd_prerope,knorm,0.1,0.1,6,6,6,0,0,0.16666666666666666,0.0,0.16666666666666666,0.0,0.5,1,5,0,2000,case,20260927
niah_length,niah_single,32768,all,svdd_prerope,leverage,0.1,0.1,6,6,6,0,0,0.16666666666666666,1.0,-0.8333333333333334,-1.0,-0.5,0,1,5,2000,case,20260927
niah_length,niah_single,32768,full_cache_correct,svdd_prerope,leverage,0.1,0.1,6,6,6,0,0,0.16666666666666666,1.0,-0.8333333333333334,-1.0,-0.5,0,1,5,2000,case,20260927
niah_length,niah_single,32768,all,svdd_prerope,random,0.1,0.1,6,6,6,0,0,0.16666666666666666,0.0,0.16666666666666666,0.0,0.5,1,5,0,2000,case,20260927
niah_length,niah_single,32768,full_cache_correct,svdd_prerope,random,0.1,0.1,6,6,6,0,0,0.16666666666666666,0.0,0.16666666666666666,0.0,0.5,1,5,0,2000,case,20260927
niah_length,niah_single,32768,all,svdd_prerope,snapkv,0.1,0.1,6,6,6,0,0,0.16666666666666666,0.0,0.16666666666666666,0.0,0.5,1,5,0,2000,case,20260927
niah_length,niah_single,32768,full_cache_correct,svdd_prerope,snapkv,0.1,0.1,6,6,6,0,0,0.16666666666666666,0.0,0.16666666666666666,0.0,0.5,1,5,0,2000,case,20260927
niah_length,niah_single,32768,all,svdd_prerope,streaming,0.1,0.1,6,6,6,0,0,0.16666666666666666,0.0,0.16666666666666666,0.0,0.5,1,5,0,2000,case,20260927
niah_length,niah_single,32768,full_cache_correct,svdd_prerope,streaming,0.1,0.1,6,6,6,0,0,0.16666666666666666,0.0,0.16666666666666666,0.0,0.5,1,5,0,2000,case,20260927
niah_length,niah_single,32768,all,svdd_prerope,svdd,0.1,0.1,6,6,6,0,0,0.16666666666666666,0.0,0.16666666666666666,0.0,0.5,1,5,0,2000,case,20260927
niah_length,niah_single,32768,full_cache_correct,svdd_prerope,svdd,0.1,0.1,6,6,6,0,0,0.16666666666666666,0.0,0.16666666666666666,0.0,0.5,1,5,0,2000,case,20260927
niah_length,niah_single,32768,all,svdd_prerope,full,0.2,1.0,6,6,6,0,0,0.16666666666666666,1.0,-0.8333333333333334,-1.0,-0.5,0,1,5,2000,case,20260927
niah_length,niah_single,32768,full_cache_correct,svdd_prerope,full,0.2,1.0,6,6,6,0,0,0.16666666666666666,1.0,-0.8333333333333334,-1.0,-0.5,0,1,5,2000,case,20260927
niah_length,niah_single,32768,all,svdd_prerope,keydiff,0.2,0.2,6,6,6,0,0,0.16666666666666666,1.0,-0.8333333333333334,-1.0,-0.5,0,1,5,2000,case,20260927
niah_length,niah_single,32768,full_cache_correct,svdd_prerope,keydiff,0.2,0.2,6,6,6,0,0,0.16666666666666666,1.0,-0.8333333333333334,-1.0,-0.5,0,1,5,2000,case,20260927
niah_length,niah_single,32768,all,svdd_prerope,knorm,0.2,0.2,6,6,6,0,0,0.16666666666666666,0.0,0.16666666666666666,0.0,0.5,1,5,0,2000,case,20260927
niah_length,niah_single,32768,full_cache_correct,svdd_prerope,knorm,0.2,0.2,6,6,6,0,0,0.16666666666666666,0.0,0.16666666666666666,0.0,0.5,1,5,0,2000,case,20260927
niah_length,niah_single,32768,all,svdd_prerope,leverage,0.2,0.2,6,6,6,0,0,0.16666666666666666,1.0,-0.8333333333333334,-1.0,-0.5,0,1,5,2000,case,20260927
niah_length,niah_single,32768,full_cache_correct,svdd_prerope,leverage,0.2,0.2,6,6,6,0,0,0.16666666666666666,1.0,-0.8333333333333334,-1.0,-0.5,0,1,5,2000,case,20260927
niah_length,niah_single,32768,all,svdd_prerope,random,0.2,0.2,6,6,6,0,0,0.16666666666666666,0.0,0.16666666666666666,0.0,0.5,1,5,0,2000,case,20260927
niah_length,niah_single,32768,full_cache_correct,svdd_prerope,random,0.2,0.2,6,6,6,0,0,0.16666666666666666,0.0,0.16666666666666666,0.0,0.5,1,5,0,2000,case,20260927
niah_length,niah_single,32768,all,svdd_prerope,snapkv,0.2,0.2,6,6,6,0,0,0.16666666666666666,0.16666666666666666,0.0,-0.5,0.5,1,4,1,2000,case,20260927
niah_length,niah_single,32768,full_cache_correct,svdd_prerope,snapkv,0.2,0.2,6,6,6,0,0,0.16666666666666666,0.16666666666666666,0.0,-0.5,0.5,1,4,1,2000,case,20260927
niah_length,niah_single,32768,all,svdd_prerope,streaming,0.2,0.2,6,6,6,0,0,0.16666666666666666,0.3333333333333333,-0.16666666666666666,-0.5,0.0,0,5,1,2000,case,20260927
niah_length,niah_single,32768,full_cache_correct,svdd_prerope,streaming,0.2,0.2,6,6,6,0,0,0.16666666666666666,0.3333333333333333,-0.16666666666666666,-0.5,0.0,0,5,1,2000,case,20260927
niah_length,niah_single,32768,all,svdd_prerope,svdd,0.2,0.2,6,6,6,0,0,0.16666666666666666,0.3333333333333333,-0.16666666666666666,-0.5,0.0,0,5,1,2000,case,20260927
niah_length,niah_single,32768,full_cache_correct,svdd_prerope,svdd,0.2,0.2,6,6,6,0,0,0.16666666666666666,0.3333333333333333,-0.16666666666666666,-0.5,0.0,0,5,1,2000,case,20260927
niah_length,niah_single,32768,all,svdd_prerope,full,0.5,1.0,6,6,6,0,0,0.5,1.0,-0.5,-0.8333333333333334,-0.16666666666666666,0,3,3,2000,case,20260927
niah_length,niah_single,32768,full_cache_correct,svdd_prerope,full,0.5,1.0,6,6,6,0,0,0.5,1.0,-0.5,-0.8333333333333334,-0.16666666666666666,0,3,3,2000,case,20260927
niah_length,niah_single,32768,all,svdd_prerope,keydiff,0.5,0.5,6,6,6,0,0,0.5,1.0,-0.5,-0.8333333333333334,-0.16666666666666666,0,3,3,2000,case,20260927
niah_length,niah_single,32768,full_cache_correct,svdd_prerope,keydiff,0.5,0.5,6,6,6,0,0,0.5,1.0,-0.5,-0.8333333333333334,-0.16666666666666666,0,3,3,2000,case,20260927
niah_length,niah_single,32768,all,svdd_prerope,knorm,0.5,0.5,6,6,6,0,0,0.5,0.0,0.5,0.16666666666666666,0.8333333333333334,3,3,0,2000,case,20260927
niah_length,niah_single,32768,full_cache_correct,svdd_prerope,knorm,0.5,0.5,6,6,6,0,0,0.5,0.0,0.5,0.16666666666666666,0.8333333333333334,3,3,0,2000,case,20260927
niah_length,niah_single,32768,all,svdd_prerope,leverage,0.5,0.5,6,6,6,0,0,0.5,1.0,-0.5,-0.8333333333333334,-0.16666666666666666,0,3,3,2000,case,20260927
niah_length,niah_single,32768,full_cache_correct,svdd_prerope,leverage,0.5,0.5,6,6,6,0,0,0.5,1.0,-0.5,-0.8333333333333334,-0.16666666666666666,0,3,3,2000,case,20260927
niah_length,niah_single,32768,all,svdd_prerope,random,0.5,0.5,6,6,6,0,0,0.5,0.16666666666666666,0.3333333333333333,-0.3333333333333333,0.8333333333333334,3,2,1,2000,case,20260927
niah_length,niah_single,32768,full_cache_correct,svdd_prerope,random,0.5,0.5,6,6,6,0,0,0.5,0.16666666666666666,0.3333333333333333,-0.3333333333333333,0.8333333333333334,3,2,1,2000,case,20260927
niah_length,niah_single,32768,all,svdd_prerope,snapkv,0.5,0.5,6,6,6,0,0,0.5,0.3333333333333333,0.16666666666666666,-0.5,0.8333333333333334,3,1,2,2000,case,20260927
niah_length,niah_single,32768,full_cache_correct,svdd_prerope,snapkv,0.5,0.5,6,6,6,0,0,0.5,0.3333333333333333,0.16666666666666666,-0.5,0.8333333333333334,3,1,2,2000,case,20260927
niah_length,niah_single,32768,all,svdd_prerope,streaming,0.5,0.5,6,6,6,0,0,0.5,0.6666666666666666,-0.16666666666666666,-0.8333333333333334,0.5,2,1,3,2000,case,20260927
niah_length,niah_single,32768,full_cache_correct,svdd_prerope,streaming,0.5,0.5,6,6,6,0,0,0.5,0.6666666666666666,-0.16666666666666666,-0.8333333333333334,0.5,2,1,3,2000,case,20260927
niah_length,niah_single,32768,all,svdd_prerope,svdd,0.5,0.5,6,6,6,0,0,0.5,0.6666666666666666,-0.16666666666666666,-0.5,0.0,0,5,1,2000,case,20260927
niah_length,niah_single,32768,full_cache_correct,svdd_prerope,svdd,0.5,0.5,6,6,6,0,0,0.5,0.6666666666666666,-0.16666666666666666,-0.5,0.0,0,5,1,2000,case,20260927
niah_length,niah_single,8192,all,keydiff,full,0.1,1.0,6,6,6,0,0,1.0,1.0,0.0,0.0,0.0,0,6,0,2000,case,20260927
niah_length,niah_single,8192,full_cache_correct,keydiff,full,0.1,1.0,6,6,6,0,0,1.0,1.0,0.0,0.0,0.0,0,6,0,2000,case,20260927
niah_length,niah_single,8192,all,keydiff,knorm,0.1,0.1,6,6,6,0,0,1.0,0.0,1.0,1.0,1.0,6,0,0,2000,case,20260927
niah_length,niah_single,8192,full_cache_correct,keydiff,knorm,0.1,0.1,6,6,6,0,0,1.0,0.0,1.0,1.0,1.0,6,0,0,2000,case,20260927
niah_length,niah_single,8192,all,keydiff,leverage,0.1,0.1,6,6,6,0,0,1.0,1.0,0.0,0.0,0.0,0,6,0,2000,case,20260927
niah_length,niah_single,8192,full_cache_correct,keydiff,leverage,0.1,0.1,6,6,6,0,0,1.0,1.0,0.0,0.0,0.0,0,6,0,2000,case,20260927
niah_length,niah_single,8192,all,keydiff,random,0.1,0.1,6,6,6,0,0,1.0,0.0,1.0,1.0,1.0,6,0,0,2000,case,20260927
niah_length,niah_single,8192,full_cache_correct,keydiff,random,0.1,0.1,6,6,6,0,0,1.0,0.0,1.0,1.0,1.0,6,0,0,2000,case,20260927
niah_length,niah_single,8192,all,keydiff,snapkv,0.1,0.1,6,6,6,0,0,1.0,0.0,1.0,1.0,1.0,6,0,0,2000,case,20260927
niah_length,niah_single,8192,full_cache_correct,keydiff,snapkv,0.1,0.1,6,6,6,0,0,1.0,0.0,1.0,1.0,1.0,6,0,0,2000,case,20260927
niah_length,niah_single,8192,all,keydiff,streaming,0.1,0.1,6,6,6,0,0,1.0,0.0,1.0,1.0,1.0,6,0,0,2000,case,20260927
niah_length,niah_single,8192,full_cache_correct,keydiff,streaming,0.1,0.1,6,6,6,0,0,1.0,0.0,1.0,1.0,1.0,6,0,0,2000,case,20260927
niah_length,niah_single,8192,all,keydiff,svdd,0.1,0.1,6,6,6,0,0,1.0,0.0,1.0,1.0,1.0,6,0,0,2000,case,20260927
niah_length,niah_single,8192,full_cache_correct,keydiff,svdd,0.1,0.1,6,6,6,0,0,1.0,0.0,1.0,1.0,1.0,6,0,0,2000,case,20260927
niah_length,niah_single,8192,all,keydiff,svdd_prerope,0.1,0.1,6,6,6,0,0,1.0,0.0,1.0,1.0,1.0,6,0,0,2000,case,20260927
niah_length,niah_single,8192,full_cache_correct,keydiff,svdd_prerope,0.1,0.1,6,6,6,0,0,1.0,0.0,1.0,1.0,1.0,6,0,0,2000,case,20260927
niah_length,niah_single,8192,all,keydiff,full,0.2,1.0,6,6,6,0,0,1.0,1.0,0.0,0.0,0.0,0,6,0,2000,case,20260927
niah_length,niah_single,8192,full_cache_correct,keydiff,full,0.2,1.0,6,6,6,0,0,1.0,1.0,0.0,0.0,0.0,0,6,0,2000,case,20260927
niah_length,niah_single,8192,all,keydiff,knorm,0.2,0.2,6,6,6,0,0,1.0,0.0,1.0,1.0,1.0,6,0,0,2000,case,20260927
niah_length,niah_single,8192,full_cache_correct,keydiff,knorm,0.2,0.2,6,6,6,0,0,1.0,0.0,1.0,1.0,1.0,6,0,0,2000,case,20260927
niah_length,niah_single,8192,all,keydiff,leverage,0.2,0.2,6,6,6,0,0,1.0,1.0,0.0,0.0,0.0,0,6,0,2000,case,20260927
niah_length,niah_single,8192,full_cache_correct,keydiff,leverage,0.2,0.2,6,6,6,0,0,1.0,1.0,0.0,0.0,0.0,0,6,0,2000,case,20260927
niah_length,niah_single,8192,all,keydiff,random,0.2,0.2,6,6,6,0,0,1.0,0.0,1.0,1.0,1.0,6,0,0,2000,case,20260927
niah_length,niah_single,8192,full_cache_correct,keydiff,random,0.2,0.2,6,6,6,0,0,1.0,0.0,1.0,1.0,1.0,6,0,0,2000,case,20260927
niah_length,niah_single,8192,all,keydiff,snapkv,0.2,0.2,6,6,6,0,0,1.0,0.0,1.0,1.0,1.0,6,0,0,2000,case,20260927
niah_length,niah_single,8192,full_cache_correct,keydiff,snapkv,0.2,0.2,6,6,6,0,0,1.0,0.0,1.0,1.0,1.0,6,0,0,2000,case,20260927
niah_length,niah_single,8192,all,keydiff,streaming,0.2,0.2,6,6,6,0,0,1.0,0.3333333333333333,0.6666666666666666,0.3333333333333333,1.0,4,2,0,2000,case,20260927
niah_length,niah_single,8192,full_cache_correct,keydiff,streaming,0.2,0.2,6,6,6,0,0,1.0,0.3333333333333333,0.6666666666666666,0.3333333333333333,1.0,4,2,0,2000,case,20260927
niah_length,niah_single,8192,all,keydiff,svdd,0.2,0.2,6,6,6,0,0,1.0,0.16666666666666666,0.8333333333333334,0.5,1.0,5,1,0,2000,case,20260927
niah_length,niah_single,8192,full_cache_correct,keydiff,svdd,0.2,0.2,6,6,6,0,0,1.0,0.16666666666666666,0.8333333333333334,0.5,1.0,5,1,0,2000,case,20260927
niah_length,niah_single,8192,all,keydiff,svdd_prerope,0.2,0.2,6,6,6,0,0,1.0,0.16666666666666666,0.8333333333333334,0.5,1.0,5,1,0,2000,case,20260927
niah_length,niah_single,8192,full_cache_correct,keydiff,svdd_prerope,0.2,0.2,6,6,6,0,0,1.0,0.16666666666666666,0.8333333333333334,0.5,1.0,5,1,0,2000,case,20260927
niah_length,niah_single,8192,all,keydiff,full,0.5,1.0,6,6,6,0,0,1.0,1.0,0.0,0.0,0.0,0,6,0,2000,case,20260927
niah_length,niah_single,8192,full_cache_correct,keydiff,full,0.5,1.0,6,6,6,0,0,1.0,1.0,0.0,0.0,0.0,0,6,0,2000,case,20260927
niah_length,niah_single,8192,all,keydiff,knorm,0.5,0.5,6,6,6,0,0,1.0,0.0,1.0,1.0,1.0,6,0,0,2000,case,20260927
niah_length,niah_single,8192,full_cache_correct,keydiff,knorm,0.5,0.5,6,6,6,0,0,1.0,0.0,1.0,1.0,1.0,6,0,0,2000,case,20260927
niah_length,niah_single,8192,all,keydiff,leverage,0.5,0.5,6,6,6,0,0,1.0,1.0,0.0,0.0,0.0,0,6,0,2000,case,20260927
niah_length,niah_single,8192,full_cache_correct,keydiff,leverage,0.5,0.5,6,6,6,0,0,1.0,1.0,0.0,0.0,0.0,0,6,0,2000,case,20260927
niah_length,niah_single,8192,all,keydiff,random,0.5,0.5,6,6,6,0,0,1.0,0.0,1.0,1.0,1.0,6,0,0,2000,case,20260927
niah_length,niah_single,8192,full_cache_correct,keydiff,random,0.5,0.5,6,6,6,0,0,1.0,0.0,1.0,1.0,1.0,6,0,0,2000,case,20260927
niah_length,niah_single,8192,all,keydiff,snapkv,0.5,0.5,6,6,6,0,0,1.0,0.5,0.5,0.16666666666666666,0.8333333333333334,3,3,0,2000,case,20260927
niah_length,niah_single,8192,full_cache_correct,keydiff,snapkv,0.5,0.5,6,6,6,0,0,1.0,0.5,0.5,0.16666666666666666,0.8333333333333334,3,3,0,2000,case,20260927
niah_length,niah_single,8192,all,keydiff,streaming,0.5,0.5,6,6,6,0,0,1.0,0.6666666666666666,0.3333333333333333,0.0,0.6666666666666666,2,4,0,2000,case,20260927
niah_length,niah_single,8192,full_cache_correct,keydiff,streaming,0.5,0.5,6,6,6,0,0,1.0,0.6666666666666666,0.3333333333333333,0.0,0.6666666666666666,2,4,0,2000,case,20260927
niah_length,niah_single,8192,all,keydiff,svdd,0.5,0.5,6,6,6,0,0,1.0,0.3333333333333333,0.6666666666666666,0.3333333333333333,1.0,4,2,0,2000,case,20260927
niah_length,niah_single,8192,full_cache_correct,keydiff,svdd,0.5,0.5,6,6,6,0,0,1.0,0.3333333333333333,0.6666666666666666,0.3333333333333333,1.0,4,2,0,2000,case,20260927
niah_length,niah_single,8192,all,keydiff,svdd_prerope,0.5,0.5,6,6,6,0,0,1.0,0.5,0.5,0.16666666666666666,0.8333333333333334,3,3,0,2000,case,20260927
niah_length,niah_single,8192,full_cache_correct,keydiff,svdd_prerope,0.5,0.5,6,6,6,0,0,1.0,0.5,0.5,0.16666666666666666,0.8333333333333334,3,3,0,2000,case,20260927
niah_length,niah_single,8192,all,knorm,full,0.1,1.0,6,6,6,0,0,0.0,1.0,-1.0,-1.0,-1.0,0,0,6,2000,case,20260927
niah_length,niah_single,8192,full_cache_correct,knorm,full,0.1,1.0,6,6,6,0,0,0.0,1.0,-1.0,-1.0,-1.0,0,0,6,2000,case,20260927
niah_length,niah_single,8192,all,knorm,keydiff,0.1,0.1,6,6,6,0,0,0.0,1.0,-1.0,-1.0,-1.0,0,0,6,2000,case,20260927
niah_length,niah_single,8192,full_cache_correct,knorm,keydiff,0.1,0.1,6,6,6,0,0,0.0,1.0,-1.0,-1.0,-1.0,0,0,6,2000,case,20260927
niah_length,niah_single,8192,all,knorm,leverage,0.1,0.1,6,6,6,0,0,0.0,1.0,-1.0,-1.0,-1.0,0,0,6,2000,case,20260927
niah_length,niah_single,8192,full_cache_correct,knorm,leverage,0.1,0.1,6,6,6,0,0,0.0,1.0,-1.0,-1.0,-1.0,0,0,6,2000,case,20260927
niah_length,niah_single,8192,all,knorm,random,0.1,0.1,6,6,6,0,0,0.0,0.0,0.0,0.0,0.0,0,6,0,2000,case,20260927
niah_length,niah_single,8192,full_cache_correct,knorm,random,0.1,0.1,6,6,6,0,0,0.0,0.0,0.0,0.0,0.0,0,6,0,2000,case,20260927
niah_length,niah_single,8192,all,knorm,snapkv,0.1,0.1,6,6,6,0,0,0.0,0.0,0.0,0.0,0.0,0,6,0,2000,case,20260927
niah_length,niah_single,8192,full_cache_correct,knorm,snapkv,0.1,0.1,6,6,6,0,0,0.0,0.0,0.0,0.0,0.0,0,6,0,2000,case,20260927
niah_length,niah_single,8192,all,knorm,streaming,0.1,0.1,6,6,6,0,0,0.0,0.0,0.0,0.0,0.0,0,6,0,2000,case,20260927
niah_length,niah_single,8192,full_cache_correct,knorm,streaming,0.1,0.1,6,6,6,0,0,0.0,0.0,0.0,0.0,0.0,0,6,0,2000,case,20260927
niah_length,niah_single,8192,all,knorm,svdd,0.1,0.1,6,6,6,0,0,0.0,0.0,0.0,0.0,0.0,0,6,0,2000,case,20260927
niah_length,niah_single,8192,full_cache_correct,knorm,svdd,0.1,0.1,6,6,6,0,0,0.0,0.0,0.0,0.0,0.0,0,6,0,2000,case,20260927
niah_length,niah_single,8192,all,knorm,svdd_prerope,0.1,0.1,6,6,6,0,0,0.0,0.0,0.0,0.0,0.0,0,6,0,2000,case,20260927
niah_length,niah_single,8192,full_cache_correct,knorm,svdd_prerope,0.1,0.1,6,6,6,0,0,0.0,0.0,0.0,0.0,0.0,0,6,0,2000,case,20260927
niah_length,niah_single,8192,all,knorm,full,0.2,1.0,6,6,6,0,0,0.0,1.0,-1.0,-1.0,-1.0,0,0,6,2000,case,20260927
niah_length,niah_single,8192,full_cache_correct,knorm,full,0.2,1.0,6,6,6,0,0,0.0,1.0,-1.0,-1.0,-1.0,0,0,6,2000,case,20260927
niah_length,niah_single,8192,all,knorm,keydiff,0.2,0.2,6,6,6,0,0,0.0,1.0,-1.0,-1.0,-1.0,0,0,6,2000,case,20260927
niah_length,niah_single,8192,full_cache_correct,knorm,keydiff,0.2,0.2,6,6,6,0,0,0.0,1.0,-1.0,-1.0,-1.0,0,0,6,2000,case,20260927
niah_length,niah_single,8192,all,knorm,leverage,0.2,0.2,6,6,6,0,0,0.0,1.0,-1.0,-1.0,-1.0,0,0,6,2000,case,20260927
niah_length,niah_single,8192,full_cache_correct,knorm,leverage,0.2,0.2,6,6,6,0,0,0.0,1.0,-1.0,-1.0,-1.0,0,0,6,2000,case,20260927
niah_length,niah_single,8192,all,knorm,random,0.2,0.2,6,6,6,0,0,0.0,0.0,0.0,0.0,0.0,0,6,0,2000,case,20260927
niah_length,niah_single,8192,full_cache_correct,knorm,random,0.2,0.2,6,6,6,0,0,0.0,0.0,0.0,0.0,0.0,0,6,0,2000,case,20260927
niah_length,niah_single,8192,all,knorm,snapkv,0.2,0.2,6,6,6,0,0,0.0,0.0,0.0,0.0,0.0,0,6,0,2000,case,20260927
niah_length,niah_single,8192,full_cache_correct,knorm,snapkv,0.2,0.2,6,6,6,0,0,0.0,0.0,0.0,0.0,0.0,0,6,0,2000,case,20260927
niah_length,niah_single,8192,all,knorm,streaming,0.2,0.2,6,6,6,0,0,0.0,0.3333333333333333,-0.3333333333333333,-0.6666666666666666,0.0,0,4,2,2000,case,20260927
niah_length,niah_single,8192,full_cache_correct,knorm,streaming,0.2,0.2,6,6,6,0,0,0.0,0.3333333333333333,-0.3333333333333333,-0.6666666666666666,0.0,0,4,2,2000,case,20260927
niah_length,niah_single,8192,all,knorm,svdd,0.2,0.2,6,6,6,0,0,0.0,0.16666666666666666,-0.16666666666666666,-0.5,0.0,0,5,1,2000,case,20260927
niah_length,niah_single,8192,full_cache_correct,knorm,svdd,0.2,0.2,6,6,6,0,0,0.0,0.16666666666666666,-0.16666666666666666,-0.5,0.0,0,5,1,2000,case,20260927
niah_length,niah_single,8192,all,knorm,svdd_prerope,0.2,0.2,6,6,6,0,0,0.0,0.16666666666666666,-0.16666666666666666,-0.5,0.0,0,5,1,2000,case,20260927
niah_length,niah_single,8192,full_cache_correct,knorm,svdd_prerope,0.2,0.2,6,6,6,0,0,0.0,0.16666666666666666,-0.16666666666666666,-0.5,0.0,0,5,1,2000,case,20260927
niah_length,niah_single,8192,all,knorm,full,0.5,1.0,6,6,6,0,0,0.0,1.0,-1.0,-1.0,-1.0,0,0,6,2000,case,20260927
niah_length,niah_single,8192,full_cache_correct,knorm,full,0.5,1.0,6,6,6,0,0,0.0,1.0,-1.0,-1.0,-1.0,0,0,6,2000,case,20260927
niah_length,niah_single,8192,all,knorm,keydiff,0.5,0.5,6,6,6,0,0,0.0,1.0,-1.0,-1.0,-1.0,0,0,6,2000,case,20260927
niah_length,niah_single,8192,full_cache_correct,knorm,keydiff,0.5,0.5,6,6,6,0,0,0.0,1.0,-1.0,-1.0,-1.0,0,0,6,2000,case,20260927
niah_length,niah_single,8192,all,knorm,leverage,0.5,0.5,6,6,6,0,0,0.0,1.0,-1.0,-1.0,-1.0,0,0,6,2000,case,20260927
niah_length,niah_single,8192,full_cache_correct,knorm,leverage,0.5,0.5,6,6,6,0,0,0.0,1.0,-1.0,-1.0,-1.0,0,0,6,2000,case,20260927
niah_length,niah_single,8192,all,knorm,random,0.5,0.5,6,6,6,0,0,0.0,0.0,0.0,0.0,0.0,0,6,0,2000,case,20260927
niah_length,niah_single,8192,full_cache_correct,knorm,random,0.5,0.5,6,6,6,0,0,0.0,0.0,0.0,0.0,0.0,0,6,0,2000,case,20260927
niah_length,niah_single,8192,all,knorm,snapkv,0.5,0.5,6,6,6,0,0,0.0,0.5,-0.5,-0.8333333333333334,-0.16666666666666666,0,3,3,2000,case,20260927
niah_length,niah_single,8192,full_cache_correct,knorm,snapkv,0.5,0.5,6,6,6,0,0,0.0,0.5,-0.5,-0.8333333333333334,-0.16666666666666666,0,3,3,2000,case,20260927
niah_length,niah_single,8192,all,knorm,streaming,0.5,0.5,6,6,6,0,0,0.0,0.6666666666666666,-0.6666666666666666,-1.0,-0.3333333333333333,0,2,4,2000,case,20260927
niah_length,niah_single,8192,full_cache_correct,knorm,streaming,0.5,0.5,6,6,6,0,0,0.0,0.6666666666666666,-0.6666666666666666,-1.0,-0.3333333333333333,0,2,4,2000,case,20260927
niah_length,niah_single,8192,all,knorm,svdd,0.5,0.5,6,6,6,0,0,0.0,0.3333333333333333,-0.3333333333333333,-0.6666666666666666,0.0,0,4,2,2000,case,20260927
niah_length,niah_single,8192,full_cache_correct,knorm,svdd,0.5,0.5,6,6,6,0,0,0.0,0.3333333333333333,-0.3333333333333333,-0.6666666666666666,0.0,0,4,2,2000,case,20260927
niah_length,niah_single,8192,all,knorm,svdd_prerope,0.5,0.5,6,6,6,0,0,0.0,0.5,-0.5,-0.8333333333333334,-0.16666666666666666,0,3,3,2000,case,20260927
niah_length,niah_single,8192,full_cache_correct,knorm,svdd_prerope,0.5,0.5,6,6,6,0,0,0.0,0.5,-0.5,-0.8333333333333334,-0.16666666666666666,0,3,3,2000,case,20260927
niah_length,niah_single,8192,all,leverage,full,0.1,1.0,6,6,6,0,0,1.0,1.0,0.0,0.0,0.0,0,6,0,2000,case,20260927
niah_length,niah_single,8192,full_cache_correct,leverage,full,0.1,1.0,6,6,6,0,0,1.0,1.0,0.0,0.0,0.0,0,6,0,2000,case,20260927
niah_length,niah_single,8192,all,leverage,keydiff,0.1,0.1,6,6,6,0,0,1.0,1.0,0.0,0.0,0.0,0,6,0,2000,case,20260927
niah_length,niah_single,8192,full_cache_correct,leverage,keydiff,0.1,0.1,6,6,6,0,0,1.0,1.0,0.0,0.0,0.0,0,6,0,2000,case,20260927
niah_length,niah_single,8192,all,leverage,knorm,0.1,0.1,6,6,6,0,0,1.0,0.0,1.0,1.0,1.0,6,0,0,2000,case,20260927
niah_length,niah_single,8192,full_cache_correct,leverage,knorm,0.1,0.1,6,6,6,0,0,1.0,0.0,1.0,1.0,1.0,6,0,0,2000,case,20260927
niah_length,niah_single,8192,all,leverage,random,0.1,0.1,6,6,6,0,0,1.0,0.0,1.0,1.0,1.0,6,0,0,2000,case,20260927
niah_length,niah_single,8192,full_cache_correct,leverage,random,0.1,0.1,6,6,6,0,0,1.0,0.0,1.0,1.0,1.0,6,0,0,2000,case,20260927
niah_length,niah_single,8192,all,leverage,snapkv,0.1,0.1,6,6,6,0,0,1.0,0.0,1.0,1.0,1.0,6,0,0,2000,case,20260927
niah_length,niah_single,8192,full_cache_correct,leverage,snapkv,0.1,0.1,6,6,6,0,0,1.0,0.0,1.0,1.0,1.0,6,0,0,2000,case,20260927
niah_length,niah_single,8192,all,leverage,streaming,0.1,0.1,6,6,6,0,0,1.0,0.0,1.0,1.0,1.0,6,0,0,2000,case,20260927
niah_length,niah_single,8192,full_cache_correct,leverage,streaming,0.1,0.1,6,6,6,0,0,1.0,0.0,1.0,1.0,1.0,6,0,0,2000,case,20260927
niah_length,niah_single,8192,all,leverage,svdd,0.1,0.1,6,6,6,0,0,1.0,0.0,1.0,1.0,1.0,6,0,0,2000,case,20260927
niah_length,niah_single,8192,full_cache_correct,leverage,svdd,0.1,0.1,6,6,6,0,0,1.0,0.0,1.0,1.0,1.0,6,0,0,2000,case,20260927
niah_length,niah_single,8192,all,leverage,svdd_prerope,0.1,0.1,6,6,6,0,0,1.0,0.0,1.0,1.0,1.0,6,0,0,2000,case,20260927
niah_length,niah_single,8192,full_cache_correct,leverage,svdd_prerope,0.1,0.1,6,6,6,0,0,1.0,0.0,1.0,1.0,1.0,6,0,0,2000,case,20260927
niah_length,niah_single,8192,all,leverage,full,0.2,1.0,6,6,6,0,0,1.0,1.0,0.0,0.0,0.0,0,6,0,2000,case,20260927
niah_length,niah_single,8192,full_cache_correct,leverage,full,0.2,1.0,6,6,6,0,0,1.0,1.0,0.0,0.0,0.0,0,6,0,2000,case,20260927
niah_length,niah_single,8192,all,leverage,keydiff,0.2,0.2,6,6,6,0,0,1.0,1.0,0.0,0.0,0.0,0,6,0,2000,case,20260927
niah_length,niah_single,8192,full_cache_correct,leverage,keydiff,0.2,0.2,6,6,6,0,0,1.0,1.0,0.0,0.0,0.0,0,6,0,2000,case,20260927
niah_length,niah_single,8192,all,leverage,knorm,0.2,0.2,6,6,6,0,0,1.0,0.0,1.0,1.0,1.0,6,0,0,2000,case,20260927
niah_length,niah_single,8192,full_cache_correct,leverage,knorm,0.2,0.2,6,6,6,0,0,1.0,0.0,1.0,1.0,1.0,6,0,0,2000,case,20260927
niah_length,niah_single,8192,all,leverage,random,0.2,0.2,6,6,6,0,0,1.0,0.0,1.0,1.0,1.0,6,0,0,2000,case,20260927
niah_length,niah_single,8192,full_cache_correct,leverage,random,0.2,0.2,6,6,6,0,0,1.0,0.0,1.0,1.0,1.0,6,0,0,2000,case,20260927
niah_length,niah_single,8192,all,leverage,snapkv,0.2,0.2,6,6,6,0,0,1.0,0.0,1.0,1.0,1.0,6,0,0,2000,case,20260927
niah_length,niah_single,8192,full_cache_correct,leverage,snapkv,0.2,0.2,6,6,6,0,0,1.0,0.0,1.0,1.0,1.0,6,0,0,2000,case,20260927
niah_length,niah_single,8192,all,leverage,streaming,0.2,0.2,6,6,6,0,0,1.0,0.3333333333333333,0.6666666666666666,0.3333333333333333,1.0,4,2,0,2000,case,20260927
niah_length,niah_single,8192,full_cache_correct,leverage,streaming,0.2,0.2,6,6,6,0,0,1.0,0.3333333333333333,0.6666666666666666,0.3333333333333333,1.0,4,2,0,2000,case,20260927
niah_length,niah_single,8192,all,leverage,svdd,0.2,0.2,6,6,6,0,0,1.0,0.16666666666666666,0.8333333333333334,0.5,1.0,5,1,0,2000,case,20260927
niah_length,niah_single,8192,full_cache_correct,leverage,svdd,0.2,0.2,6,6,6,0,0,1.0,0.16666666666666666,0.8333333333333334,0.5,1.0,5,1,0,2000,case,20260927
niah_length,niah_single,8192,all,leverage,svdd_prerope,0.2,0.2,6,6,6,0,0,1.0,0.16666666666666666,0.8333333333333334,0.5,1.0,5,1,0,2000,case,20260927
niah_length,niah_single,8192,full_cache_correct,leverage,svdd_prerope,0.2,0.2,6,6,6,0,0,1.0,0.16666666666666666,0.8333333333333334,0.5,1.0,5,1,0,2000,case,20260927
niah_length,niah_single,8192,all,leverage,full,0.5,1.0,6,6,6,0,0,1.0,1.0,0.0,0.0,0.0,0,6,0,2000,case,20260927
niah_length,niah_single,8192,full_cache_correct,leverage,full,0.5,1.0,6,6,6,0,0,1.0,1.0,0.0,0.0,0.0,0,6,0,2000,case,20260927
niah_length,niah_single,8192,all,leverage,keydiff,0.5,0.5,6,6,6,0,0,1.0,1.0,0.0,0.0,0.0,0,6,0,2000,case,20260927
niah_length,niah_single,8192,full_cache_correct,leverage,keydiff,0.5,0.5,6,6,6,0,0,1.0,1.0,0.0,0.0,0.0,0,6,0,2000,case,20260927
niah_length,niah_single,8192,all,leverage,knorm,0.5,0.5,6,6,6,0,0,1.0,0.0,1.0,1.0,1.0,6,0,0,2000,case,20260927
niah_length,niah_single,8192,full_cache_correct,leverage,knorm,0.5,0.5,6,6,6,0,0,1.0,0.0,1.0,1.0,1.0,6,0,0,2000,case,20260927
niah_length,niah_single,8192,all,leverage,random,0.5,0.5,6,6,6,0,0,1.0,0.0,1.0,1.0,1.0,6,0,0,2000,case,20260927
niah_length,niah_single,8192,full_cache_correct,leverage,random,0.5,0.5,6,6,6,0,0,1.0,0.0,1.0,1.0,1.0,6,0,0,2000,case,20260927
niah_length,niah_single,8192,all,leverage,snapkv,0.5,0.5,6,6,6,0,0,1.0,0.5,0.5,0.16666666666666666,0.8333333333333334,3,3,0,2000,case,20260927
niah_length,niah_single,8192,full_cache_correct,leverage,snapkv,0.5,0.5,6,6,6,0,0,1.0,0.5,0.5,0.16666666666666666,0.8333333333333334,3,3,0,2000,case,20260927
niah_length,niah_single,8192,all,leverage,streaming,0.5,0.5,6,6,6,0,0,1.0,0.6666666666666666,0.3333333333333333,0.0,0.6666666666666666,2,4,0,2000,case,20260927
niah_length,niah_single,8192,full_cache_correct,leverage,streaming,0.5,0.5,6,6,6,0,0,1.0,0.6666666666666666,0.3333333333333333,0.0,0.6666666666666666,2,4,0,2000,case,20260927
niah_length,niah_single,8192,all,leverage,svdd,0.5,0.5,6,6,6,0,0,1.0,0.3333333333333333,0.6666666666666666,0.3333333333333333,1.0,4,2,0,2000,case,20260927
niah_length,niah_single,8192,full_cache_correct,leverage,svdd,0.5,0.5,6,6,6,0,0,1.0,0.3333333333333333,0.6666666666666666,0.3333333333333333,1.0,4,2,0,2000,case,20260927
niah_length,niah_single,8192,all,leverage,svdd_prerope,0.5,0.5,6,6,6,0,0,1.0,0.5,0.5,0.16666666666666666,0.8333333333333334,3,3,0,2000,case,20260927
niah_length,niah_single,8192,full_cache_correct,leverage,svdd_prerope,0.5,0.5,6,6,6,0,0,1.0,0.5,0.5,0.16666666666666666,0.8333333333333334,3,3,0,2000,case,20260927
niah_length,niah_single,8192,all,random,full,0.1,1.0,6,6,6,0,0,0.0,1.0,-1.0,-1.0,-1.0,0,0,6,2000,case,20260927
niah_length,niah_single,8192,full_cache_correct,random,full,0.1,1.0,6,6,6,0,0,0.0,1.0,-1.0,-1.0,-1.0,0,0,6,2000,case,20260927
niah_length,niah_single,8192,all,random,keydiff,0.1,0.1,6,6,6,0,0,0.0,1.0,-1.0,-1.0,-1.0,0,0,6,2000,case,20260927
niah_length,niah_single,8192,full_cache_correct,random,keydiff,0.1,0.1,6,6,6,0,0,0.0,1.0,-1.0,-1.0,-1.0,0,0,6,2000,case,20260927
niah_length,niah_single,8192,all,random,knorm,0.1,0.1,6,6,6,0,0,0.0,0.0,0.0,0.0,0.0,0,6,0,2000,case,20260927
niah_length,niah_single,8192,full_cache_correct,random,knorm,0.1,0.1,6,6,6,0,0,0.0,0.0,0.0,0.0,0.0,0,6,0,2000,case,20260927
niah_length,niah_single,8192,all,random,leverage,0.1,0.1,6,6,6,0,0,0.0,1.0,-1.0,-1.0,-1.0,0,0,6,2000,case,20260927
niah_length,niah_single,8192,full_cache_correct,random,leverage,0.1,0.1,6,6,6,0,0,0.0,1.0,-1.0,-1.0,-1.0,0,0,6,2000,case,20260927
niah_length,niah_single,8192,all,random,snapkv,0.1,0.1,6,6,6,0,0,0.0,0.0,0.0,0.0,0.0,0,6,0,2000,case,20260927
niah_length,niah_single,8192,full_cache_correct,random,snapkv,0.1,0.1,6,6,6,0,0,0.0,0.0,0.0,0.0,0.0,0,6,0,2000,case,20260927
niah_length,niah_single,8192,all,random,streaming,0.1,0.1,6,6,6,0,0,0.0,0.0,0.0,0.0,0.0,0,6,0,2000,case,20260927
niah_length,niah_single,8192,full_cache_correct,random,streaming,0.1,0.1,6,6,6,0,0,0.0,0.0,0.0,0.0,0.0,0,6,0,2000,case,20260927
niah_length,niah_single,8192,all,random,svdd,0.1,0.1,6,6,6,0,0,0.0,0.0,0.0,0.0,0.0,0,6,0,2000,case,20260927
niah_length,niah_single,8192,full_cache_correct,random,svdd,0.1,0.1,6,6,6,0,0,0.0,0.0,0.0,0.0,0.0,0,6,0,2000,case,20260927
niah_length,niah_single,8192,all,random,svdd_prerope,0.1,0.1,6,6,6,0,0,0.0,0.0,0.0,0.0,0.0,0,6,0,2000,case,20260927
niah_length,niah_single,8192,full_cache_correct,random,svdd_prerope,0.1,0.1,6,6,6,0,0,0.0,0.0,0.0,0.0,0.0,0,6,0,2000,case,20260927
niah_length,niah_single,8192,all,random,full,0.2,1.0,6,6,6,0,0,0.0,1.0,-1.0,-1.0,-1.0,0,0,6,2000,case,20260927
niah_length,niah_single,8192,full_cache_correct,random,full,0.2,1.0,6,6,6,0,0,0.0,1.0,-1.0,-1.0,-1.0,0,0,6,2000,case,20260927
niah_length,niah_single,8192,all,random,keydiff,0.2,0.2,6,6,6,0,0,0.0,1.0,-1.0,-1.0,-1.0,0,0,6,2000,case,20260927
niah_length,niah_single,8192,full_cache_correct,random,keydiff,0.2,0.2,6,6,6,0,0,0.0,1.0,-1.0,-1.0,-1.0,0,0,6,2000,case,20260927
niah_length,niah_single,8192,all,random,knorm,0.2,0.2,6,6,6,0,0,0.0,0.0,0.0,0.0,0.0,0,6,0,2000,case,20260927
niah_length,niah_single,8192,full_cache_correct,random,knorm,0.2,0.2,6,6,6,0,0,0.0,0.0,0.0,0.0,0.0,0,6,0,2000,case,20260927
niah_length,niah_single,8192,all,random,leverage,0.2,0.2,6,6,6,0,0,0.0,1.0,-1.0,-1.0,-1.0,0,0,6,2000,case,20260927
niah_length,niah_single,8192,full_cache_correct,random,leverage,0.2,0.2,6,6,6,0,0,0.0,1.0,-1.0,-1.0,-1.0,0,0,6,2000,case,20260927
niah_length,niah_single,8192,all,random,snapkv,0.2,0.2,6,6,6,0,0,0.0,0.0,0.0,0.0,0.0,0,6,0,2000,case,20260927
niah_length,niah_single,8192,full_cache_correct,random,snapkv,0.2,0.2,6,6,6,0,0,0.0,0.0,0.0,0.0,0.0,0,6,0,2000,case,20260927
niah_length,niah_single,8192,all,random,streaming,0.2,0.2,6,6,6,0,0,0.0,0.3333333333333333,-0.3333333333333333,-0.6666666666666666,0.0,0,4,2,2000,case,20260927
niah_length,niah_single,8192,full_cache_correct,random,streaming,0.2,0.2,6,6,6,0,0,0.0,0.3333333333333333,-0.3333333333333333,-0.6666666666666666,0.0,0,4,2,2000,case,20260927
niah_length,niah_single,8192,all,random,svdd,0.2,0.2,6,6,6,0,0,0.0,0.16666666666666666,-0.16666666666666666,-0.5,0.0,0,5,1,2000,case,20260927
niah_length,niah_single,8192,full_cache_correct,random,svdd,0.2,0.2,6,6,6,0,0,0.0,0.16666666666666666,-0.16666666666666666,-0.5,0.0,0,5,1,2000,case,20260927
niah_length,niah_single,8192,all,random,svdd_prerope,0.2,0.2,6,6,6,0,0,0.0,0.16666666666666666,-0.16666666666666666,-0.5,0.0,0,5,1,2000,case,20260927
niah_length,niah_single,8192,full_cache_correct,random,svdd_prerope,0.2,0.2,6,6,6,0,0,0.0,0.16666666666666666,-0.16666666666666666,-0.5,0.0,0,5,1,2000,case,20260927
niah_length,niah_single,8192,all,random,full,0.5,1.0,6,6,6,0,0,0.0,1.0,-1.0,-1.0,-1.0,0,0,6,2000,case,20260927
niah_length,niah_single,8192,full_cache_correct,random,full,0.5,1.0,6,6,6,0,0,0.0,1.0,-1.0,-1.0,-1.0,0,0,6,2000,case,20260927
niah_length,niah_single,8192,all,random,keydiff,0.5,0.5,6,6,6,0,0,0.0,1.0,-1.0,-1.0,-1.0,0,0,6,2000,case,20260927
niah_length,niah_single,8192,full_cache_correct,random,keydiff,0.5,0.5,6,6,6,0,0,0.0,1.0,-1.0,-1.0,-1.0,0,0,6,2000,case,20260927
niah_length,niah_single,8192,all,random,knorm,0.5,0.5,6,6,6,0,0,0.0,0.0,0.0,0.0,0.0,0,6,0,2000,case,20260927
niah_length,niah_single,8192,full_cache_correct,random,knorm,0.5,0.5,6,6,6,0,0,0.0,0.0,0.0,0.0,0.0,0,6,0,2000,case,20260927
niah_length,niah_single,8192,all,random,leverage,0.5,0.5,6,6,6,0,0,0.0,1.0,-1.0,-1.0,-1.0,0,0,6,2000,case,20260927
niah_length,niah_single,8192,full_cache_correct,random,leverage,0.5,0.5,6,6,6,0,0,0.0,1.0,-1.0,-1.0,-1.0,0,0,6,2000,case,20260927
niah_length,niah_single,8192,all,random,snapkv,0.5,0.5,6,6,6,0,0,0.0,0.5,-0.5,-0.8333333333333334,-0.16666666666666666,0,3,3,2000,case,20260927
niah_length,niah_single,8192,full_cache_correct,random,snapkv,0.5,0.5,6,6,6,0,0,0.0,0.5,-0.5,-0.8333333333333334,-0.16666666666666666,0,3,3,2000,case,20260927
niah_length,niah_single,8192,all,random,streaming,0.5,0.5,6,6,6,0,0,0.0,0.6666666666666666,-0.6666666666666666,-1.0,-0.3333333333333333,0,2,4,2000,case,20260927
niah_length,niah_single,8192,full_cache_correct,random,streaming,0.5,0.5,6,6,6,0,0,0.0,0.6666666666666666,-0.6666666666666666,-1.0,-0.3333333333333333,0,2,4,2000,case,20260927
niah_length,niah_single,8192,all,random,svdd,0.5,0.5,6,6,6,0,0,0.0,0.3333333333333333,-0.3333333333333333,-0.6666666666666666,0.0,0,4,2,2000,case,20260927
niah_length,niah_single,8192,full_cache_correct,random,svdd,0.5,0.5,6,6,6,0,0,0.0,0.3333333333333333,-0.3333333333333333,-0.6666666666666666,0.0,0,4,2,2000,case,20260927
niah_length,niah_single,8192,all,random,svdd_prerope,0.5,0.5,6,6,6,0,0,0.0,0.5,-0.5,-0.8333333333333334,-0.16666666666666666,0,3,3,2000,case,20260927
niah_length,niah_single,8192,full_cache_correct,random,svdd_prerope,0.5,0.5,6,6,6,0,0,0.0,0.5,-0.5,-0.8333333333333334,-0.16666666666666666,0,3,3,2000,case,20260927
niah_length,niah_single,8192,all,snapkv,full,0.1,1.0,6,6,6,0,0,0.0,1.0,-1.0,-1.0,-1.0,0,0,6,2000,case,20260927
niah_length,niah_single,8192,full_cache_correct,snapkv,full,0.1,1.0,6,6,6,0,0,0.0,1.0,-1.0,-1.0,-1.0,0,0,6,2000,case,20260927
niah_length,niah_single,8192,all,snapkv,keydiff,0.1,0.1,6,6,6,0,0,0.0,1.0,-1.0,-1.0,-1.0,0,0,6,2000,case,20260927
niah_length,niah_single,8192,full_cache_correct,snapkv,keydiff,0.1,0.1,6,6,6,0,0,0.0,1.0,-1.0,-1.0,-1.0,0,0,6,2000,case,20260927
niah_length,niah_single,8192,all,snapkv,knorm,0.1,0.1,6,6,6,0,0,0.0,0.0,0.0,0.0,0.0,0,6,0,2000,case,20260927
niah_length,niah_single,8192,full_cache_correct,snapkv,knorm,0.1,0.1,6,6,6,0,0,0.0,0.0,0.0,0.0,0.0,0,6,0,2000,case,20260927
niah_length,niah_single,8192,all,snapkv,leverage,0.1,0.1,6,6,6,0,0,0.0,1.0,-1.0,-1.0,-1.0,0,0,6,2000,case,20260927
niah_length,niah_single,8192,full_cache_correct,snapkv,leverage,0.1,0.1,6,6,6,0,0,0.0,1.0,-1.0,-1.0,-1.0,0,0,6,2000,case,20260927
niah_length,niah_single,8192,all,snapkv,random,0.1,0.1,6,6,6,0,0,0.0,0.0,0.0,0.0,0.0,0,6,0,2000,case,20260927
niah_length,niah_single,8192,full_cache_correct,snapkv,random,0.1,0.1,6,6,6,0,0,0.0,0.0,0.0,0.0,0.0,0,6,0,2000,case,20260927
niah_length,niah_single,8192,all,snapkv,streaming,0.1,0.1,6,6,6,0,0,0.0,0.0,0.0,0.0,0.0,0,6,0,2000,case,20260927
niah_length,niah_single,8192,full_cache_correct,snapkv,streaming,0.1,0.1,6,6,6,0,0,0.0,0.0,0.0,0.0,0.0,0,6,0,2000,case,20260927
niah_length,niah_single,8192,all,snapkv,svdd,0.1,0.1,6,6,6,0,0,0.0,0.0,0.0,0.0,0.0,0,6,0,2000,case,20260927
niah_length,niah_single,8192,full_cache_correct,snapkv,svdd,0.1,0.1,6,6,6,0,0,0.0,0.0,0.0,0.0,0.0,0,6,0,2000,case,20260927
niah_length,niah_single,8192,all,snapkv,svdd_prerope,0.1,0.1,6,6,6,0,0,0.0,0.0,0.0,0.0,0.0,0,6,0,2000,case,20260927
niah_length,niah_single,8192,full_cache_correct,snapkv,svdd_prerope,0.1,0.1,6,6,6,0,0,0.0,0.0,0.0,0.0,0.0,0,6,0,2000,case,20260927
niah_length,niah_single,8192,all,snapkv,full,0.2,1.0,6,6,6,0,0,0.0,1.0,-1.0,-1.0,-1.0,0,0,6,2000,case,20260927
niah_length,niah_single,8192,full_cache_correct,snapkv,full,0.2,1.0,6,6,6,0,0,0.0,1.0,-1.0,-1.0,-1.0,0,0,6,2000,case,20260927
niah_length,niah_single,8192,all,snapkv,keydiff,0.2,0.2,6,6,6,0,0,0.0,1.0,-1.0,-1.0,-1.0,0,0,6,2000,case,20260927
niah_length,niah_single,8192,full_cache_correct,snapkv,keydiff,0.2,0.2,6,6,6,0,0,0.0,1.0,-1.0,-1.0,-1.0,0,0,6,2000,case,20260927
niah_length,niah_single,8192,all,snapkv,knorm,0.2,0.2,6,6,6,0,0,0.0,0.0,0.0,0.0,0.0,0,6,0,2000,case,20260927
niah_length,niah_single,8192,full_cache_correct,snapkv,knorm,0.2,0.2,6,6,6,0,0,0.0,0.0,0.0,0.0,0.0,0,6,0,2000,case,20260927
niah_length,niah_single,8192,all,snapkv,leverage,0.2,0.2,6,6,6,0,0,0.0,1.0,-1.0,-1.0,-1.0,0,0,6,2000,case,20260927
niah_length,niah_single,8192,full_cache_correct,snapkv,leverage,0.2,0.2,6,6,6,0,0,0.0,1.0,-1.0,-1.0,-1.0,0,0,6,2000,case,20260927
niah_length,niah_single,8192,all,snapkv,random,0.2,0.2,6,6,6,0,0,0.0,0.0,0.0,0.0,0.0,0,6,0,2000,case,20260927
niah_length,niah_single,8192,full_cache_correct,snapkv,random,0.2,0.2,6,6,6,0,0,0.0,0.0,0.0,0.0,0.0,0,6,0,2000,case,20260927
niah_length,niah_single,8192,all,snapkv,streaming,0.2,0.2,6,6,6,0,0,0.0,0.3333333333333333,-0.3333333333333333,-0.6666666666666666,0.0,0,4,2,2000,case,20260927
niah_length,niah_single,8192,full_cache_correct,snapkv,streaming,0.2,0.2,6,6,6,0,0,0.0,0.3333333333333333,-0.3333333333333333,-0.6666666666666666,0.0,0,4,2,2000,case,20260927
niah_length,niah_single,8192,all,snapkv,svdd,0.2,0.2,6,6,6,0,0,0.0,0.16666666666666666,-0.16666666666666666,-0.5,0.0,0,5,1,2000,case,20260927
niah_length,niah_single,8192,full_cache_correct,snapkv,svdd,0.2,0.2,6,6,6,0,0,0.0,0.16666666666666666,-0.16666666666666666,-0.5,0.0,0,5,1,2000,case,20260927
niah_length,niah_single,8192,all,snapkv,svdd_prerope,0.2,0.2,6,6,6,0,0,0.0,0.16666666666666666,-0.16666666666666666,-0.5,0.0,0,5,1,2000,case,20260927
niah_length,niah_single,8192,full_cache_correct,snapkv,svdd_prerope,0.2,0.2,6,6,6,0,0,0.0,0.16666666666666666,-0.16666666666666666,-0.5,0.0,0,5,1,2000,case,20260927
niah_length,niah_single,8192,all,snapkv,full,0.5,1.0,6,6,6,0,0,0.5,1.0,-0.5,-0.8333333333333334,-0.16666666666666666,0,3,3,2000,case,20260927
niah_length,niah_single,8192,full_cache_correct,snapkv,full,0.5,1.0,6,6,6,0,0,0.5,1.0,-0.5,-0.8333333333333334,-0.16666666666666666,0,3,3,2000,case,20260927
niah_length,niah_single,8192,all,snapkv,keydiff,0.5,0.5,6,6,6,0,0,0.5,1.0,-0.5,-0.8333333333333334,-0.16666666666666666,0,3,3,2000,case,20260927
niah_length,niah_single,8192,full_cache_correct,snapkv,keydiff,0.5,0.5,6,6,6,0,0,0.5,1.0,-0.5,-0.8333333333333334,-0.16666666666666666,0,3,3,2000,case,20260927
niah_length,niah_single,8192,all,snapkv,knorm,0.5,0.5,6,6,6,0,0,0.5,0.0,0.5,0.16666666666666666,0.8333333333333334,3,3,0,2000,case,20260927
niah_length,niah_single,8192,full_cache_correct,snapkv,knorm,0.5,0.5,6,6,6,0,0,0.5,0.0,0.5,0.16666666666666666,0.8333333333333334,3,3,0,2000,case,20260927
niah_length,niah_single,8192,all,snapkv,leverage,0.5,0.5,6,6,6,0,0,0.5,1.0,-0.5,-0.8333333333333334,-0.16666666666666666,0,3,3,2000,case,20260927
niah_length,niah_single,8192,full_cache_correct,snapkv,leverage,0.5,0.5,6,6,6,0,0,0.5,1.0,-0.5,-0.8333333333333334,-0.16666666666666666,0,3,3,2000,case,20260927
niah_length,niah_single,8192,all,snapkv,random,0.5,0.5,6,6,6,0,0,0.5,0.0,0.5,0.16666666666666666,0.8333333333333334,3,3,0,2000,case,20260927
niah_length,niah_single,8192,full_cache_correct,snapkv,random,0.5,0.5,6,6,6,0,0,0.5,0.0,0.5,0.16666666666666666,0.8333333333333334,3,3,0,2000,case,20260927
niah_length,niah_single,8192,all,snapkv,streaming,0.5,0.5,6,6,6,0,0,0.5,0.6666666666666666,-0.16666666666666666,-0.5,0.0,0,5,1,2000,case,20260927
niah_length,niah_single,8192,full_cache_correct,snapkv,streaming,0.5,0.5,6,6,6,0,0,0.5,0.6666666666666666,-0.16666666666666666,-0.5,0.0,0,5,1,2000,case,20260927
niah_length,niah_single,8192,all,snapkv,svdd,0.5,0.5,6,6,6,0,0,0.5,0.3333333333333333,0.16666666666666666,-0.5,0.8333333333333334,3,1,2,2000,case,20260927
niah_length,niah_single,8192,full_cache_correct,snapkv,svdd,0.5,0.5,6,6,6,0,0,0.5,0.3333333333333333,0.16666666666666666,-0.6666666666666666,0.8333333333333334,3,1,2,2000,case,20260927
niah_length,niah_single,8192,all,snapkv,svdd_prerope,0.5,0.5,6,6,6,0,0,0.5,0.5,0.0,-0.6666666666666666,0.6666666666666666,3,0,3,2000,case,20260927
niah_length,niah_single,8192,full_cache_correct,snapkv,svdd_prerope,0.5,0.5,6,6,6,0,0,0.5,0.5,0.0,-0.6666666666666666,0.6666666666666666,3,0,3,2000,case,20260927
niah_length,niah_single,8192,all,streaming,full,0.1,1.0,6,6,6,0,0,0.0,1.0,-1.0,-1.0,-1.0,0,0,6,2000,case,20260927
niah_length,niah_single,8192,full_cache_correct,streaming,full,0.1,1.0,6,6,6,0,0,0.0,1.0,-1.0,-1.0,-1.0,0,0,6,2000,case,20260927
niah_length,niah_single,8192,all,streaming,keydiff,0.1,0.1,6,6,6,0,0,0.0,1.0,-1.0,-1.0,-1.0,0,0,6,2000,case,20260927
niah_length,niah_single,8192,full_cache_correct,streaming,keydiff,0.1,0.1,6,6,6,0,0,0.0,1.0,-1.0,-1.0,-1.0,0,0,6,2000,case,20260927
niah_length,niah_single,8192,all,streaming,knorm,0.1,0.1,6,6,6,0,0,0.0,0.0,0.0,0.0,0.0,0,6,0,2000,case,20260927
niah_length,niah_single,8192,full_cache_correct,streaming,knorm,0.1,0.1,6,6,6,0,0,0.0,0.0,0.0,0.0,0.0,0,6,0,2000,case,20260927
niah_length,niah_single,8192,all,streaming,leverage,0.1,0.1,6,6,6,0,0,0.0,1.0,-1.0,-1.0,-1.0,0,0,6,2000,case,20260927
niah_length,niah_single,8192,full_cache_correct,streaming,leverage,0.1,0.1,6,6,6,0,0,0.0,1.0,-1.0,-1.0,-1.0,0,0,6,2000,case,20260927
niah_length,niah_single,8192,all,streaming,random,0.1,0.1,6,6,6,0,0,0.0,0.0,0.0,0.0,0.0,0,6,0,2000,case,20260927
niah_length,niah_single,8192,full_cache_correct,streaming,random,0.1,0.1,6,6,6,0,0,0.0,0.0,0.0,0.0,0.0,0,6,0,2000,case,20260927
niah_length,niah_single,8192,all,streaming,snapkv,0.1,0.1,6,6,6,0,0,0.0,0.0,0.0,0.0,0.0,0,6,0,2000,case,20260927
niah_length,niah_single,8192,full_cache_correct,streaming,snapkv,0.1,0.1,6,6,6,0,0,0.0,0.0,0.0,0.0,0.0,0,6,0,2000,case,20260927
niah_length,niah_single,8192,all,streaming,svdd,0.1,0.1,6,6,6,0,0,0.0,0.0,0.0,0.0,0.0,0,6,0,2000,case,20260927
niah_length,niah_single,8192,full_cache_correct,streaming,svdd,0.1,0.1,6,6,6,0,0,0.0,0.0,0.0,0.0,0.0,0,6,0,2000,case,20260927
niah_length,niah_single,8192,all,streaming,svdd_prerope,0.1,0.1,6,6,6,0,0,0.0,0.0,0.0,0.0,0.0,0,6,0,2000,case,20260927
niah_length,niah_single,8192,full_cache_correct,streaming,svdd_prerope,0.1,0.1,6,6,6,0,0,0.0,0.0,0.0,0.0,0.0,0,6,0,2000,case,20260927
niah_length,niah_single,8192,all,streaming,full,0.2,1.0,6,6,6,0,0,0.3333333333333333,1.0,-0.6666666666666666,-1.0,-0.3333333333333333,0,2,4,2000,case,20260927
niah_length,niah_single,8192,full_cache_correct,streaming,full,0.2,1.0,6,6,6,0,0,0.3333333333333333,1.0,-0.6666666666666666,-1.0,-0.3333333333333333,0,2,4,2000,case,20260927
niah_length,niah_single,8192,all,streaming,keydiff,0.2,0.2,6,6,6,0,0,0.3333333333333333,1.0,-0.6666666666666666,-1.0,-0.3333333333333333,0,2,4,2000,case,20260927
niah_length,niah_single,8192,full_cache_correct,streaming,keydiff,0.2,0.2,6,6,6,0,0,0.3333333333333333,1.0,-0.6666666666666666,-1.0,-0.3333333333333333,0,2,4,2000,case,20260927
niah_length,niah_single,8192,all,streaming,knorm,0.2,0.2,6,6,6,0,0,0.3333333333333333,0.0,0.3333333333333333,0.0,0.6666666666666666,2,4,0,2000,case,20260927
niah_length,niah_single,8192,full_cache_correct,streaming,knorm,0.2,0.2,6,6,6,0,0,0.3333333333333333,0.0,0.3333333333333333,0.0,0.6666666666666666,2,4,0,2000,case,20260927
niah_length,niah_single,8192,all,streaming,leverage,0.2,0.2,6,6,6,0,0,0.3333333333333333,1.0,-0.6666666666666666,-1.0,-0.3333333333333333,0,2,4,2000,case,20260927
niah_length,niah_single,8192,full_cache_correct,streaming,leverage,0.2,0.2,6,6,6,0,0,0.3333333333333333,1.0,-0.6666666666666666,-1.0,-0.3333333333333333,0,2,4,2000,case,20260927
niah_length,niah_single,8192,all,streaming,random,0.2,0.2,6,6,6,0,0,0.3333333333333333,0.0,0.3333333333333333,0.0,0.6666666666666666,2,4,0,2000,case,20260927
niah_length,niah_single,8192,full_cache_correct,streaming,random,0.2,0.2,6,6,6,0,0,0.3333333333333333,0.0,0.3333333333333333,0.0,0.6666666666666666,2,4,0,2000,case,20260927
niah_length,niah_single,8192,all,streaming,snapkv,0.2,0.2,6,6,6,0,0,0.3333333333333333,0.0,0.3333333333333333,0.0,0.6666666666666666,2,4,0,2000,case,20260927
niah_length,niah_single,8192,full_cache_correct,streaming,snapkv,0.2,0.2,6,6,6,0,0,0.3333333333333333,0.0,0.3333333333333333,0.0,0.6666666666666666,2,4,0,2000,case,20260927
niah_length,niah_single,8192,all,streaming,svdd,0.2,0.2,6,6,6,0,0,0.3333333333333333,0.16666666666666666,0.16666666666666666,-0.3333333333333333,0.6666666666666666,2,3,1,2000,case,20260927
niah_length,niah_single,8192,full_cache_correct,streaming,svdd,0.2,0.2,6,6,6,0,0,0.3333333333333333,0.16666666666666666,0.16666666666666666,-0.3333333333333333,0.6666666666666666,2,3,1,2000,case,20260927
niah_length,niah_single,8192,all,streaming,svdd_prerope,0.2,0.2,6,6,6,0,0,0.3333333333333333,0.16666666666666666,0.16666666666666666,0.0,0.5,1,5,0,2000,case,20260927
niah_length,niah_single,8192,full_cache_correct,streaming,svdd_prerope,0.2,0.2,6,6,6,0,0,0.3333333333333333,0.16666666666666666,0.16666666666666666,0.0,0.5,1,5,0,2000,case,20260927
niah_length,niah_single,8192,all,streaming,full,0.5,1.0,6,6,6,0,0,0.6666666666666666,1.0,-0.3333333333333333,-0.6666666666666666,0.0,0,4,2,2000,case,20260927
niah_length,niah_single,8192,full_cache_correct,streaming,full,0.5,1.0,6,6,6,0,0,0.6666666666666666,1.0,-0.3333333333333333,-0.6666666666666666,0.0,0,4,2,2000,case,20260927
niah_length,niah_single,8192,all,streaming,keydiff,0.5,0.5,6,6,6,0,0,0.6666666666666666,1.0,-0.3333333333333333,-0.6666666666666666,0.0,0,4,2,2000,case,20260927
niah_length,niah_single,8192,full_cache_correct,streaming,keydiff,0.5,0.5,6,6,6,0,0,0.6666666666666666,1.0,-0.3333333333333333,-0.6666666666666666,0.0,0,4,2,2000,case,20260927
niah_length,niah_single,8192,all,streaming,knorm,0.5,0.5,6,6,6,0,0,0.6666666666666666,0.0,0.6666666666666666,0.3333333333333333,1.0,4,2,0,2000,case,20260927
niah_length,niah_single,8192,full_cache_correct,streaming,knorm,0.5,0.5,6,6,6,0,0,0.6666666666666666,0.0,0.6666666666666666,0.3333333333333333,1.0,4,2,0,2000,case,20260927
niah_length,niah_single,8192,all,streaming,leverage,0.5,0.5,6,6,6,0,0,0.6666666666666666,1.0,-0.3333333333333333,-0.6666666666666666,0.0,0,4,2,2000,case,20260927
niah_length,niah_single,8192,full_cache_correct,streaming,leverage,0.5,0.5,6,6,6,0,0,0.6666666666666666,1.0,-0.3333333333333333,-0.6666666666666666,0.0,0,4,2,2000,case,20260927
niah_length,niah_single,8192,all,streaming,random,0.5,0.5,6,6,6,0,0,0.6666666666666666,0.0,0.6666666666666666,0.3333333333333333,1.0,4,2,0,2000,case,20260927
niah_length,niah_single,8192,full_cache_correct,streaming,random,0.5,0.5,6,6,6,0,0,0.6666666666666666,0.0,0.6666666666666666,0.3333333333333333,1.0,4,2,0,2000,case,20260927
niah_length,niah_single,8192,all,streaming,snapkv,0.5,0.5,6,6,6,0,0,0.6666666666666666,0.5,0.16666666666666666,0.0,0.5,1,5,0,2000,case,20260927
niah_length,niah_single,8192,full_cache_correct,streaming,snapkv,0.5,0.5,6,6,6,0,0,0.6666666666666666,0.5,0.16666666666666666,0.0,0.5,1,5,0,2000,case,20260927
niah_length,niah_single,8192,all,streaming,svdd,0.5,0.5,6,6,6,0,0,0.6666666666666666,0.3333333333333333,0.3333333333333333,-0.3333333333333333,1.0,4,0,2,2000,case,20260927
niah_length,niah_single,8192,full_cache_correct,streaming,svdd,0.5,0.5,6,6,6,0,0,0.6666666666666666,0.3333333333333333,0.3333333333333333,-0.3333333333333333,1.0,4,0,2,2000,case,20260927
niah_length,niah_single,8192,all,streaming,svdd_prerope,0.5,0.5,6,6,6,0,0,0.6666666666666666,0.5,0.16666666666666666,-0.5,0.8333333333333334,3,1,2,2000,case,20260927
niah_length,niah_single,8192,full_cache_correct,streaming,svdd_prerope,0.5,0.5,6,6,6,0,0,0.6666666666666666,0.5,0.16666666666666666,-0.6666666666666666,0.8333333333333334,3,1,2,2000,case,20260927
niah_length,niah_single,8192,all,svdd,full,0.1,1.0,6,6,6,0,0,0.0,1.0,-1.0,-1.0,-1.0,0,0,6,2000,case,20260927
niah_length,niah_single,8192,full_cache_correct,svdd,full,0.1,1.0,6,6,6,0,0,0.0,1.0,-1.0,-1.0,-1.0,0,0,6,2000,case,20260927
niah_length,niah_single,8192,all,svdd,keydiff,0.1,0.1,6,6,6,0,0,0.0,1.0,-1.0,-1.0,-1.0,0,0,6,2000,case,20260927
niah_length,niah_single,8192,full_cache_correct,svdd,keydiff,0.1,0.1,6,6,6,0,0,0.0,1.0,-1.0,-1.0,-1.0,0,0,6,2000,case,20260927
niah_length,niah_single,8192,all,svdd,knorm,0.1,0.1,6,6,6,0,0,0.0,0.0,0.0,0.0,0.0,0,6,0,2000,case,20260927
niah_length,niah_single,8192,full_cache_correct,svdd,knorm,0.1,0.1,6,6,6,0,0,0.0,0.0,0.0,0.0,0.0,0,6,0,2000,case,20260927
niah_length,niah_single,8192,all,svdd,leverage,0.1,0.1,6,6,6,0,0,0.0,1.0,-1.0,-1.0,-1.0,0,0,6,2000,case,20260927
niah_length,niah_single,8192,full_cache_correct,svdd,leverage,0.1,0.1,6,6,6,0,0,0.0,1.0,-1.0,-1.0,-1.0,0,0,6,2000,case,20260927
niah_length,niah_single,8192,all,svdd,random,0.1,0.1,6,6,6,0,0,0.0,0.0,0.0,0.0,0.0,0,6,0,2000,case,20260927
niah_length,niah_single,8192,full_cache_correct,svdd,random,0.1,0.1,6,6,6,0,0,0.0,0.0,0.0,0.0,0.0,0,6,0,2000,case,20260927
niah_length,niah_single,8192,all,svdd,snapkv,0.1,0.1,6,6,6,0,0,0.0,0.0,0.0,0.0,0.0,0,6,0,2000,case,20260927
niah_length,niah_single,8192,full_cache_correct,svdd,snapkv,0.1,0.1,6,6,6,0,0,0.0,0.0,0.0,0.0,0.0,0,6,0,2000,case,20260927
niah_length,niah_single,8192,all,svdd,streaming,0.1,0.1,6,6,6,0,0,0.0,0.0,0.0,0.0,0.0,0,6,0,2000,case,20260927
niah_length,niah_single,8192,full_cache_correct,svdd,streaming,0.1,0.1,6,6,6,0,0,0.0,0.0,0.0,0.0,0.0,0,6,0,2000,case,20260927
niah_length,niah_single,8192,all,svdd,svdd_prerope,0.1,0.1,6,6,6,0,0,0.0,0.0,0.0,0.0,0.0,0,6,0,2000,case,20260927
niah_length,niah_single,8192,full_cache_correct,svdd,svdd_prerope,0.1,0.1,6,6,6,0,0,0.0,0.0,0.0,0.0,0.0,0,6,0,2000,case,20260927
niah_length,niah_single,8192,all,svdd,full,0.2,1.0,6,6,6,0,0,0.16666666666666666,1.0,-0.8333333333333334,-1.0,-0.5,0,1,5,2000,case,20260927
niah_length,niah_single,8192,full_cache_correct,svdd,full,0.2,1.0,6,6,6,0,0,0.16666666666666666,1.0,-0.8333333333333334,-1.0,-0.5,0,1,5,2000,case,20260927
niah_length,niah_single,8192,all,svdd,keydiff,0.2,0.2,6,6,6,0,0,0.16666666666666666,1.0,-0.8333333333333334,-1.0,-0.5,0,1,5,2000,case,20260927
niah_length,niah_single,8192,full_cache_correct,svdd,keydiff,0.2,0.2,6,6,6,0,0,0.16666666666666666,1.0,-0.8333333333333334,-1.0,-0.5,0,1,5,2000,case,20260927
niah_length,niah_single,8192,all,svdd,knorm,0.2,0.2,6,6,6,0,0,0.16666666666666666,0.0,0.16666666666666666,0.0,0.5,1,5,0,2000,case,20260927
niah_length,niah_single,8192,full_cache_correct,svdd,knorm,0.2,0.2,6,6,6,0,0,0.16666666666666666,0.0,0.16666666666666666,0.0,0.5,1,5,0,2000,case,20260927
niah_length,niah_single,8192,all,svdd,leverage,0.2,0.2,6,6,6,0,0,0.16666666666666666,1.0,-0.8333333333333334,-1.0,-0.5,0,1,5,2000,case,20260927
niah_length,niah_single,8192,full_cache_correct,svdd,leverage,0.2,0.2,6,6,6,0,0,0.16666666666666666,1.0,-0.8333333333333334,-1.0,-0.5,0,1,5,2000,case,20260927
niah_length,niah_single,8192,all,svdd,random,0.2,0.2,6,6,6,0,0,0.16666666666666666,0.0,0.16666666666666666,0.0,0.5,1,5,0,2000,case,20260927
niah_length,niah_single,8192,full_cache_correct,svdd,random,0.2,0.2,6,6,6,0,0,0.16666666666666666,0.0,0.16666666666666666,0.0,0.5,1,5,0,2000,case,20260927
niah_length,niah_single,8192,all,svdd,snapkv,0.2,0.2,6,6,6,0,0,0.16666666666666666,0.0,0.16666666666666666,0.0,0.5,1,5,0,2000,case,20260927
niah_length,niah_single,8192,full_cache_correct,svdd,snapkv,0.2,0.2,6,6,6,0,0,0.16666666666666666,0.0,0.16666666666666666,0.0,0.5,1,5,0,2000,case,20260927
niah_length,niah_single,8192,all,svdd,streaming,0.2,0.2,6,6,6,0,0,0.16666666666666666,0.3333333333333333,-0.16666666666666666,-0.6666666666666666,0.3333333333333333,1,3,2,2000,case,20260927
niah_length,niah_single,8192,full_cache_correct,svdd,streaming,0.2,0.2,6,6,6,0,0,0.16666666666666666,0.3333333333333333,-0.16666666666666666,-0.6666666666666666,0.3333333333333333,1,3,2,2000,case,20260927
niah_length,niah_single,8192,all,svdd,svdd_prerope,0.2,0.2,6,6,6,0,0,0.16666666666666666,0.16666666666666666,0.0,-0.5,0.5,1,4,1,2000,case,20260927
niah_length,niah_single,8192,full_cache_correct,svdd,svdd_prerope,0.2,0.2,6,6,6,0,0,0.16666666666666666,0.16666666666666666,0.0,-0.5,0.5,1,4,1,2000,case,20260927
niah_length,niah_single,8192,all,svdd,full,0.5,1.0,6,6,6,0,0,0.3333333333333333,1.0,-0.6666666666666666,-1.0,-0.3333333333333333,0,2,4,2000,case,20260927
niah_length,niah_single,8192,full_cache_correct,svdd,full,0.5,1.0,6,6,6,0,0,0.3333333333333333,1.0,-0.6666666666666666,-1.0,-0.3333333333333333,0,2,4,2000,case,20260927
niah_length,niah_single,8192,all,svdd,keydiff,0.5,0.5,6,6,6,0,0,0.3333333333333333,1.0,-0.6666666666666666,-1.0,-0.3333333333333333,0,2,4,2000,case,20260927
niah_length,niah_single,8192,full_cache_correct,svdd,keydiff,0.5,0.5,6,6,6,0,0,0.3333333333333333,1.0,-0.6666666666666666,-1.0,-0.3333333333333333,0,2,4,2000,case,20260927
niah_length,niah_single,8192,all,svdd,knorm,0.5,0.5,6,6,6,0,0,0.3333333333333333,0.0,0.3333333333333333,0.0,0.6666666666666666,2,4,0,2000,case,20260927
niah_length,niah_single,8192,full_cache_correct,svdd,knorm,0.5,0.5,6,6,6,0,0,0.3333333333333333,0.0,0.3333333333333333,0.0,0.6666666666666666,2,4,0,2000,case,20260927
niah_length,niah_single,8192,all,svdd,leverage,0.5,0.5,6,6,6,0,0,0.3333333333333333,1.0,-0.6666666666666666,-1.0,-0.3333333333333333,0,2,4,2000,case,20260927
niah_length,niah_single,8192,full_cache_correct,svdd,leverage,0.5,0.5,6,6,6,0,0,0.3333333333333333,1.0,-0.6666666666666666,-1.0,-0.3333333333333333,0,2,4,2000,case,20260927
niah_length,niah_single,8192,all,svdd,random,0.5,0.5,6,6,6,0,0,0.3333333333333333,0.0,0.3333333333333333,0.0,0.6666666666666666,2,4,0,2000,case,20260927
niah_length,niah_single,8192,full_cache_correct,svdd,random,0.5,0.5,6,6,6,0,0,0.3333333333333333,0.0,0.3333333333333333,0.0,0.6666666666666666,2,4,0,2000,case,20260927
niah_length,niah_single,8192,all,svdd,snapkv,0.5,0.5,6,6,6,0,0,0.3333333333333333,0.5,-0.16666666666666666,-0.8333333333333334,0.5041666666666439,2,1,3,2000,case,20260927
niah_length,niah_single,8192,full_cache_correct,svdd,snapkv,0.5,0.5,6,6,6,0,0,0.3333333333333333,0.5,-0.16666666666666666,-0.8333333333333334,0.6666666666666666,2,1,3,2000,case,20260927
niah_length,niah_single,8192,all,svdd,streaming,0.5,0.5,6,6,6,0,0,0.3333333333333333,0.6666666666666666,-0.3333333333333333,-1.0,0.3333333333333333,2,0,4,2000,case,20260927
niah_length,niah_single,8192,full_cache_correct,svdd,streaming,0.5,0.5,6,6,6,0,0,0.3333333333333333,0.6666666666666666,-0.3333333333333333,-1.0,0.3333333333333333,2,0,4,2000,case,20260927
niah_length,niah_single,8192,all,svdd,svdd_prerope,0.5,0.5,6,6,6,0,0,0.3333333333333333,0.5,-0.16666666666666666,-0.5,0.0,0,5,1,2000,case,20260927
niah_length,niah_single,8192,full_cache_correct,svdd,svdd_prerope,0.5,0.5,6,6,6,0,0,0.3333333333333333,0.5,-0.16666666666666666,-0.5,0.0,0,5,1,2000,case,20260927
niah_length,niah_single,8192,all,svdd_prerope,full,0.1,1.0,6,6,6,0,0,0.0,1.0,-1.0,-1.0,-1.0,0,0,6,2000,case,20260927
niah_length,niah_single,8192,full_cache_correct,svdd_prerope,full,0.1,1.0,6,6,6,0,0,0.0,1.0,-1.0,-1.0,-1.0,0,0,6,2000,case,20260927
niah_length,niah_single,8192,all,svdd_prerope,keydiff,0.1,0.1,6,6,6,0,0,0.0,1.0,-1.0,-1.0,-1.0,0,0,6,2000,case,20260927
niah_length,niah_single,8192,full_cache_correct,svdd_prerope,keydiff,0.1,0.1,6,6,6,0,0,0.0,1.0,-1.0,-1.0,-1.0,0,0,6,2000,case,20260927
niah_length,niah_single,8192,all,svdd_prerope,knorm,0.1,0.1,6,6,6,0,0,0.0,0.0,0.0,0.0,0.0,0,6,0,2000,case,20260927
niah_length,niah_single,8192,full_cache_correct,svdd_prerope,knorm,0.1,0.1,6,6,6,0,0,0.0,0.0,0.0,0.0,0.0,0,6,0,2000,case,20260927
niah_length,niah_single,8192,all,svdd_prerope,leverage,0.1,0.1,6,6,6,0,0,0.0,1.0,-1.0,-1.0,-1.0,0,0,6,2000,case,20260927
niah_length,niah_single,8192,full_cache_correct,svdd_prerope,leverage,0.1,0.1,6,6,6,0,0,0.0,1.0,-1.0,-1.0,-1.0,0,0,6,2000,case,20260927
niah_length,niah_single,8192,all,svdd_prerope,random,0.1,0.1,6,6,6,0,0,0.0,0.0,0.0,0.0,0.0,0,6,0,2000,case,20260927
niah_length,niah_single,8192,full_cache_correct,svdd_prerope,random,0.1,0.1,6,6,6,0,0,0.0,0.0,0.0,0.0,0.0,0,6,0,2000,case,20260927
niah_length,niah_single,8192,all,svdd_prerope,snapkv,0.1,0.1,6,6,6,0,0,0.0,0.0,0.0,0.0,0.0,0,6,0,2000,case,20260927
niah_length,niah_single,8192,full_cache_correct,svdd_prerope,snapkv,0.1,0.1,6,6,6,0,0,0.0,0.0,0.0,0.0,0.0,0,6,0,2000,case,20260927
niah_length,niah_single,8192,all,svdd_prerope,streaming,0.1,0.1,6,6,6,0,0,0.0,0.0,0.0,0.0,0.0,0,6,0,2000,case,20260927
niah_length,niah_single,8192,full_cache_correct,svdd_prerope,streaming,0.1,0.1,6,6,6,0,0,0.0,0.0,0.0,0.0,0.0,0,6,0,2000,case,20260927
niah_length,niah_single,8192,all,svdd_prerope,svdd,0.1,0.1,6,6,6,0,0,0.0,0.0,0.0,0.0,0.0,0,6,0,2000,case,20260927
niah_length,niah_single,8192,full_cache_correct,svdd_prerope,svdd,0.1,0.1,6,6,6,0,0,0.0,0.0,0.0,0.0,0.0,0,6,0,2000,case,20260927
niah_length,niah_single,8192,all,svdd_prerope,full,0.2,1.0,6,6,6,0,0,0.16666666666666666,1.0,-0.8333333333333334,-1.0,-0.5,0,1,5,2000,case,20260927
niah_length,niah_single,8192,full_cache_correct,svdd_prerope,full,0.2,1.0,6,6,6,0,0,0.16666666666666666,1.0,-0.8333333333333334,-1.0,-0.5,0,1,5,2000,case,20260927
niah_length,niah_single,8192,all,svdd_prerope,keydiff,0.2,0.2,6,6,6,0,0,0.16666666666666666,1.0,-0.8333333333333334,-1.0,-0.5,0,1,5,2000,case,20260927
niah_length,niah_single,8192,full_cache_correct,svdd_prerope,keydiff,0.2,0.2,6,6,6,0,0,0.16666666666666666,1.0,-0.8333333333333334,-1.0,-0.5,0,1,5,2000,case,20260927
niah_length,niah_single,8192,all,svdd_prerope,knorm,0.2,0.2,6,6,6,0,0,0.16666666666666666,0.0,0.16666666666666666,0.0,0.5,1,5,0,2000,case,20260927
niah_length,niah_single,8192,full_cache_correct,svdd_prerope,knorm,0.2,0.2,6,6,6,0,0,0.16666666666666666,0.0,0.16666666666666666,0.0,0.5,1,5,0,2000,case,20260927
niah_length,niah_single,8192,all,svdd_prerope,leverage,0.2,0.2,6,6,6,0,0,0.16666666666666666,1.0,-0.8333333333333334,-1.0,-0.5,0,1,5,2000,case,20260927
niah_length,niah_single,8192,full_cache_correct,svdd_prerope,leverage,0.2,0.2,6,6,6,0,0,0.16666666666666666,1.0,-0.8333333333333334,-1.0,-0.5,0,1,5,2000,case,20260927
niah_length,niah_single,8192,all,svdd_prerope,random,0.2,0.2,6,6,6,0,0,0.16666666666666666,0.0,0.16666666666666666,0.0,0.5,1,5,0,2000,case,20260927
niah_length,niah_single,8192,full_cache_correct,svdd_prerope,random,0.2,0.2,6,6,6,0,0,0.16666666666666666,0.0,0.16666666666666666,0.0,0.5,1,5,0,2000,case,20260927
niah_length,niah_single,8192,all,svdd_prerope,snapkv,0.2,0.2,6,6,6,0,0,0.16666666666666666,0.0,0.16666666666666666,0.0,0.5,1,5,0,2000,case,20260927
niah_length,niah_single,8192,full_cache_correct,svdd_prerope,snapkv,0.2,0.2,6,6,6,0,0,0.16666666666666666,0.0,0.16666666666666666,0.0,0.5,1,5,0,2000,case,20260927
niah_length,niah_single,8192,all,svdd_prerope,streaming,0.2,0.2,6,6,6,0,0,0.16666666666666666,0.3333333333333333,-0.16666666666666666,-0.5,0.0,0,5,1,2000,case,20260927
niah_length,niah_single,8192,full_cache_correct,svdd_prerope,streaming,0.2,0.2,6,6,6,0,0,0.16666666666666666,0.3333333333333333,-0.16666666666666666,-0.5,0.0,0,5,1,2000,case,20260927
niah_length,niah_single,8192,all,svdd_prerope,svdd,0.2,0.2,6,6,6,0,0,0.16666666666666666,0.16666666666666666,0.0,-0.5,0.5,1,4,1,2000,case,20260927
niah_length,niah_single,8192,full_cache_correct,svdd_prerope,svdd,0.2,0.2,6,6,6,0,0,0.16666666666666666,0.16666666666666666,0.0,-0.5,0.5,1,4,1,2000,case,20260927
niah_length,niah_single,8192,all,svdd_prerope,full,0.5,1.0,6,6,6,0,0,0.5,1.0,-0.5,-0.8333333333333334,-0.16666666666666666,0,3,3,2000,case,20260927
niah_length,niah_single,8192,full_cache_correct,svdd_prerope,full,0.5,1.0,6,6,6,0,0,0.5,1.0,-0.5,-0.8333333333333334,-0.16666666666666666,0,3,3,2000,case,20260927
niah_length,niah_single,8192,all,svdd_prerope,keydiff,0.5,0.5,6,6,6,0,0,0.5,1.0,-0.5,-0.8333333333333334,-0.16666666666666666,0,3,3,2000,case,20260927
niah_length,niah_single,8192,full_cache_correct,svdd_prerope,keydiff,0.5,0.5,6,6,6,0,0,0.5,1.0,-0.5,-0.8333333333333334,-0.16666666666666666,0,3,3,2000,case,20260927
niah_length,niah_single,8192,all,svdd_prerope,knorm,0.5,0.5,6,6,6,0,0,0.5,0.0,0.5,0.16666666666666666,0.8333333333333334,3,3,0,2000,case,20260927
niah_length,niah_single,8192,full_cache_correct,svdd_prerope,knorm,0.5,0.5,6,6,6,0,0,0.5,0.0,0.5,0.16666666666666666,0.8333333333333334,3,3,0,2000,case,20260927
niah_length,niah_single,8192,all,svdd_prerope,leverage,0.5,0.5,6,6,6,0,0,0.5,1.0,-0.5,-0.8333333333333334,-0.16666666666666666,0,3,3,2000,case,20260927
niah_length,niah_single,8192,full_cache_correct,svdd_prerope,leverage,0.5,0.5,6,6,6,0,0,0.5,1.0,-0.5,-0.8333333333333334,-0.16666666666666666,0,3,3,2000,case,20260927
niah_length,niah_single,8192,all,svdd_prerope,random,0.5,0.5,6,6,6,0,0,0.5,0.0,0.5,0.16666666666666666,0.8333333333333334,3,3,0,2000,case,20260927
niah_length,niah_single,8192,full_cache_correct,svdd_prerope,random,0.5,0.5,6,6,6,0,0,0.5,0.0,0.5,0.16666666666666666,0.8333333333333334,3,3,0,2000,case,20260927
niah_length,niah_single,8192,all,svdd_prerope,snapkv,0.5,0.5,6,6,6,0,0,0.5,0.5,0.0,-0.6666666666666666,0.6666666666666666,3,0,3,2000,case,20260927
niah_length,niah_single,8192,full_cache_correct,svdd_prerope,snapkv,0.5,0.5,6,6,6,0,0,0.5,0.5,0.0,-0.6666666666666666,0.6666666666666666,3,0,3,2000,case,20260927
niah_length,niah_single,8192,all,svdd_prerope,streaming,0.5,0.5,6,6,6,0,0,0.5,0.6666666666666666,-0.16666666666666666,-0.8333333333333334,0.6666666666666666,2,1,3,2000,case,20260927
niah_length,niah_single,8192,full_cache_correct,svdd_prerope,streaming,0.5,0.5,6,6,6,0,0,0.5,0.6666666666666666,-0.16666666666666666,-0.8333333333333334,0.5,2,1,3,2000,case,20260927
niah_length,niah_single,8192,all,svdd_prerope,svdd,0.5,0.5,6,6,6,0,0,0.5,0.3333333333333333,0.16666666666666666,0.0,0.5,1,5,0,2000,case,20260927
niah_length,niah_single,8192,full_cache_correct,svdd_prerope,svdd,0.5,0.5,6,6,6,0,0,0.5,0.3333333333333333,0.16666666666666666,0.0,0.5,1,5,0,2000,case,20260927
task,hotpotqa,,all,keydiff,full,0.1,1.0,6,6,6,0,0,0.19408999792631507,0.31282573635514815,-0.11873573842883305,-0.2642300818771407,0.01289179703501954,1,2,3,2000,case,20260927
task,hotpotqa,,all,keydiff,knorm,0.1,0.1,6,6,6,0,0,0.19408999792631507,0.05526725619843618,0.1388227417278789,0.002717265054450893,0.4010434832089902,4,2,0,2000,case,20260927
task,hotpotqa,,all,keydiff,leverage,0.1,0.1,6,6,6,0,0,0.19408999792631507,0.24887082204155375,-0.05478082411523869,-0.19447682977094746,0.023009585594577175,3,2,1,2000,case,20260927
task,hotpotqa,,all,keydiff,random,0.1,0.1,6,6,6,0,0,0.19408999792631507,0.059003938112629384,0.13508605981368568,-0.022546628893378117,0.40511387374884217,4,1,1,2000,case,20260927
task,hotpotqa,,all,keydiff,snapkv,0.1,0.1,6,6,6,0,0,0.19408999792631507,0.25865800865800864,-0.06456801073169359,-0.2324005491524673,0.03286177199220677,2,3,1,2000,case,20260927
task,hotpotqa,,all,keydiff,streaming,0.1,0.1,6,6,6,0,0,0.19408999792631507,0.057457164193913945,0.13663283373240112,-0.0057507383108045896,0.4031027519264572,2,2,2,2000,case,20260927
task,hotpotqa,,all,keydiff,svdd,0.1,0.1,6,6,6,0,0,0.19408999792631507,0.06621735178611239,0.12787264614020266,-0.03969268722811943,0.4132753179777374,4,0,2,2000,case,20260927
task,hotpotqa,,all,keydiff,svdd_prerope,0.1,0.1,6,6,6,0,0,0.19408999792631507,0.02518375241779497,0.1689062455085201,-0.0006282776615257451,0.47717476218618904,4,1,1,2000,case,20260927
task,hotpotqa,,all,keydiff,full,0.2,1.0,6,6,6,0,0,0.21053658458936744,0.31282573635514815,-0.10228915176578067,-0.24126879216105915,0.009177610819197686,1,2,3,2000,case,20260927
task,hotpotqa,,all,keydiff,knorm,0.2,0.2,6,6,6,0,0,0.21053658458936744,0.019103313840155945,0.1914332707492115,0.00494961976127655,0.5209380564337724,4,1,1,2000,case,20260927
task,hotpotqa,,all,keydiff,leverage,0.2,0.2,6,6,6,0,0,0.21053658458936744,0.19426129426129427,0.016275290328073188,-0.017233345871966198,0.05568039950062422,2,2,2,2000,case,20260927
task,hotpotqa,,all,keydiff,random,0.2,0.2,6,6,6,0,0,0.21053658458936744,0.07067049886490681,0.13986608572446063,-0.01349150811779048,0.4066249477046213,4,1,1,2000,case,20260927
task,hotpotqa,,all,keydiff,snapkv,0.2,0.2,6,6,6,0,0,0.21053658458936744,0.2063635063635064,0.004173078225861084,-0.006548076315518177,0.01615130379175323,2,2,2,2000,case,20260927
task,hotpotqa,,all,keydiff,streaming,0.2,0.2,6,6,6,0,0,0.21053658458936744,0.12068586918661879,0.08985071540274864,-0.15731567068258273,0.39611090909271734,3,1,2,2000,case,20260927
task,hotpotqa,,all,keydiff,svdd,0.2,0.2,6,6,6,0,0,0.21053658458936744,0.23817663817663817,-0.02764005358727073,-0.10599590005848172,0.025436885902002184,1,2,3,2000,case,20260927
task,hotpotqa,,all,keydiff,svdd_prerope,0.2,0.2,6,6,6,0,0,0.21053658458936744,0.2554859933626074,-0.044949408773239975,-0.16158283776621954,0.0217188923071276,2,2,2,2000,case,20260927
task,hotpotqa,,all,keydiff,full,0.5,1.0,6,6,6,0,0,0.2512620766918461,0.31282573635514815,-0.06156365966330204,-0.1589439367217145,0.02526396866266147,2,1,3,2000,case,20260927
task,hotpotqa,,all,keydiff,knorm,0.5,0.5,6,6,6,0,0,0.2512620766918461,0.06987415383217482,0.18138792285967129,0.011130467314042191,0.43969779524029984,5,0,1,2000,case,20260927
task,hotpotqa,,all,keydiff,leverage,0.5,0.5,6,6,6,0,0,0.2512620766918461,0.2966979932491793,-0.04543591655733318,-0.1324380497598527,0.02471236351386159,3,1,2,2000,case,20260927
task,hotpotqa,,all,keydiff,random,0.5,0.5,6,6,6,0,0,0.2512620766918461,0.1395627309890408,0.1116993457028053,-0.09255816287586091,0.4063800496566359,4,0,2,2000,case,20260927
task,hotpotqa,,all,keydiff,snapkv,0.5,0.5,6,6,6,0,0,0.2512620766918461,0.3151613940934626,-0.06389931740161654,-0.14796717977935248,-0.0023792880963423744,1,1,4,2000,case,20260927
task,hotpotqa,,all,keydiff,streaming,0.5,0.5,6,6,6,0,0,0.2512620766918461,0.1788677135183199,0.07239436317352617,-0.14542342112863116,0.3821552249057141,3,0,3,2000,case,20260927
task,hotpotqa,,all,keydiff,svdd,0.5,0.5,6,6,6,0,0,0.2512620766918461,0.2998178506375228,-0.04855577394567669,-0.13792085331075607,0.027883501508273817,2,1,3,2000,case,20260927
task,hotpotqa,,all,keydiff,svdd_prerope,0.5,0.5,6,6,6,0,0,0.2512620766918461,0.2588888888888889,-0.007626812197042814,-0.06293231783745412,0.032527924750146965,3,1,2,2000,case,20260927
task,hotpotqa,,all,knorm,full,0.1,1.0,6,6,6,0,0,0.05526725619843618,0.31282573635514815,-0.25755848015671196,-0.5154640351703027,-0.05070593894123306,1,1,4,2000,case,20260927
task,hotpotqa,,all,knorm,keydiff,0.1,0.1,6,6,6,0,0,0.05526725619843618,0.19408999792631507,-0.1388227417278789,-0.4010434832089902,-0.002717265054450893,0,2,4,2000,case,20260927
task,hotpotqa,,all,knorm,leverage,0.1,0.1,6,6,6,0,0,0.05526725619843618,0.24887082204155375,-0.19360356584311758,-0.4632183908045977,0.009462606581058776,2,2,2,2000,case,20260927
task,hotpotqa,,all,knorm,random,0.1,0.1,6,6,6,0,0,0.05526725619843618,0.059003938112629384,-0.0037366819141932024,-0.03159905937683715,0.016336159981137403,2,3,1,2000,case,20260927
task,hotpotqa,,all,knorm,snapkv,0.1,0.1,6,6,6,0,0,0.05526725619843618,0.25865800865800864,-0.20339075245957247,-0.4761973871169274,0.020630912297578605,2,2,2,2000,case,20260927
task,hotpotqa,,all,knorm,streaming,0.1,0.1,6,6,6,0,0,0.05526725619843618,0.057457164193913945,-0.0021899079954777706,-0.016756799587963788,0.012859368147240743,1,3,2,2000,case,20260927
task,hotpotqa,,all,knorm,svdd,0.1,0.1,6,6,6,0,0,0.05526725619843618,0.06621735178611239,-0.010950095587676222,-0.04643206256109481,0.017874687312785305,3,1,2,2000,case,20260927
task,hotpotqa,,all,knorm,svdd_prerope,0.1,0.1,6,6,6,0,0,0.05526725619843618,0.02518375241779497,0.030083503780641202,-0.007138032931281876,0.07997220081044852,3,2,1,2000,case,20260927
task,hotpotqa,,all,knorm,full,0.2,1.0,6,6,6,0,0,0.019103313840155945,0.31282573635514815,-0.2937224225149922,-0.6265795206971677,-0.052655256680024486,1,1,4,2000,case,20260927
task,hotpotqa,,all,knorm,keydiff,0.2,0.2,6,6,6,0,0,0.019103313840155945,0.21053658458936744,-0.1914332707492115,-0.5209380564337724,-0.0049496197612765485,1,1,4,2000,case,20260927
task,hotpotqa,,all,knorm,leverage,0.2,0.2,6,6,6,0,0,0.019103313840155945,0.19426129426129427,-0.1751579804211383,-0.5084913137544717,0.006297795771479982,1,3,2,2000,case,20260927
task,hotpotqa,,all,knorm,random,0.2,0.2,6,6,6,0,0,0.019103313840155945,0.07067049886490681,-0.05156718502475086,-0.11777999888944417,0.002070350822385547,1,2,3,2000,case,20260927
task,hotpotqa,,all,knorm,snapkv,0.2,0.2,6,6,6,0,0,0.019103313840155945,0.2063635063635064,-0.18726019252335044,-0.5185185185185185,0.000611890085574294,1,2,3,2000,case,20260927
task,hotpotqa,,all,knorm,streaming,0.2,0.2,6,6,6,0,0,0.019103313840155945,0.12068586918661879,-0.10158255534646286,-0.22469877501440663,-0.0035076162078450427,1,2,3,2000,case,20260927
task,hotpotqa,,all,knorm,svdd,0.2,0.2,6,6,6,0,0,0.019103313840155945,0.23817663817663817,-0.21907332433648222,-0.5555555555555556,-0.010368870895186686,1,2,3,2000,case,20260927
task,hotpotqa,,all,knorm,svdd_prerope,0.2,0.2,6,6,6,0,0,0.019103313840155945,0.2554859933626074,-0.23638267952245148,-0.5308486447703392,-0.009504544806213615,1,1,4,2000,case,20260927
task,hotpotqa,,all,knorm,full,0.5,1.0,6,6,6,0,0,0.06987415383217482,0.31282573635514815,-0.2429515825229733,-0.502990394285923,-0.03143381199647184,1,1,4,2000,case,20260927
task,hotpotqa,,all,knorm,keydiff,0.5,0.5,6,6,6,0,0,0.06987415383217482,0.2512620766918461,-0.18138792285967129,-0.44091901189267607,-0.01109915406654554,1,0,5,2000,case,20260927
task,hotpotqa,,all,knorm,leverage,0.5,0.5,6,6,6,0,0,0.06987415383217482,0.2966979932491793,-0.22682383941700446,-0.4610527911450806,-0.03162475685951775,1,1,4,2000,case,20260927
task,hotpotqa,,all,knorm,random,0.5,0.5,6,6,6,0,0,0.06987415383217482,0.1395627309890408,-0.06968857715686595,-0.22141974170371734,0.015721013600122825,1,3,2,2000,case,20260927
task,hotpotqa,,all,knorm,snapkv,0.5,0.5,6,6,6,0,0,0.06987415383217482,0.3151613940934626,-0.24528724026128781,-0.5042639358458423,-0.05619336936456834,1,0,5,2000,case,20260927
task,hotpotqa,,all,knorm,streaming,0.5,0.5,6,6,6,0,0,0.06987415383217482,0.1788677135183199,-0.10899355968614506,-0.25847871518786064,0.011695765020715449,2,1,3,2000,case,20260927
task,hotpotqa,,all,knorm,svdd,0.5,0.5,6,6,6,0,0,0.06987415383217482,0.2998178506375228,-0.22994369680534796,-0.4773598049460119,-0.03327645665493135,1,2,3,2000,case,20260927
task,hotpotqa,,all,knorm,svdd_prerope,0.5,0.5,6,6,6,0,0,0.06987415383217482,0.2588888888888889,-0.18901473505671407,-0.45338255114866816,0.009692577953447516,1,2,3,2000,case,20260927
task,hotpotqa,,all,leverage,full,0.1,1.0,6,6,6,0,0,0.24887082204155375,0.31282573635514815,-0.06395491431359436,-0.21682701166201881,0.02901150260547676,2,2,2,2000,case,20260927
task,hotpotqa,,all,leverage,keydiff,0.1,0.1,6,6,6,0,0,0.24887082204155375,0.19408999792631507,0.05478082411523869,-0.023009585594577175,0.1944768297709474,1,2,3,2000,case,20260927
task,hotpotqa,,all,leverage,knorm,0.1,0.1,6,6,6,0,0,0.24887082204155375,0.05526725619843618,0.19360356584311758,-0.010494017739052211,0.4632183908045977,2,2,2,2000,case,20260927
task,hotpotqa,,all,leverage,random,0.1,0.1,6,6,6,0,0,0.24887082204155375,0.059003938112629384,0.18986688392892437,0.0028206997469584854,0.4512132575257517,3,2,1,2000,case,20260927
task,hotpotqa,,all,leverage,snapkv,0.1,0.1,6,6,6,0,0,0.24887082204155375,0.25865800865800864,-0.00978718661645491,-0.24259259259259258,0.20015878881732457,2,2,2,2000,case,20260927
task,hotpotqa,,all,leverage,streaming,0.1,0.1,6,6,6,0,0,0.24887082204155375,0.057457164193913945,0.19141365784763983,-0.015835456249458753,0.459514687100894,3,1,2,2000,case,20260927
task,hotpotqa,,all,leverage,svdd,0.1,0.1,6,6,6,0,0,0.24887082204155375,0.06621735178611239,0.18265347025544135,-0.008482676224611707,0.45087330299140316,3,1,2,2000,case,20260927
task,hotpotqa,,all,leverage,svdd_prerope,0.1,0.1,6,6,6,0,0,0.24887082204155375,0.02518375241779497,0.2236870696237588,0.003465549807013222,0.5357438072124113,3,2,1,2000,case,20260927
task,hotpotqa,,all,leverage,full,0.2,1.0,6,6,6,0,0,0.19426129426129427,0.31282573635514815,-0.11856444209385386,-0.2380358203887616,-0.002921261744791157,1,2,3,2000,case,20260927
task,hotpotqa,,all,leverage,keydiff,0.2,0.2,6,6,6,0,0,0.19426129426129427,0.21053658458936744,-0.016275290328073188,-0.0558329860655442,0.016418398545390966,2,2,2,2000,case,20260927
task,hotpotqa,,all,leverage,knorm,0.2,0.2,6,6,6,0,0,0.19426129426129427,0.019103313840155945,0.1751579804211383,-0.006297795771479982,0.5084913137544717,2,3,1,2000,case,20260927
task,hotpotqa,,all,leverage,random,0.2,0.2,6,6,6,0,0,0.19426129426129427,0.07067049886490681,0.12359079539638745,-0.02322604931300583,0.39553436906409906,2,2,2,2000,case,20260927
task,hotpotqa,,all,leverage,snapkv,0.2,0.2,6,6,6,0,0,0.19426129426129427,0.2063635063635064,-0.012102212102212101,-0.06031746031746032,0.029696729696729696,1,2,3,2000,case,20260927
task,hotpotqa,,all,leverage,streaming,0.2,0.2,6,6,6,0,0,0.19426129426129427,0.12068586918661879,0.07357542507467545,-0.1497536945812808,0.3878890100404342,1,2,3,2000,case,20260927
task,hotpotqa,,all,leverage,svdd,0.2,0.2,6,6,6,0,0,0.19426129426129427,0.23817663817663817,-0.04391534391534393,-0.09841269841269844,0.0,0,4,2,2000,case,20260927
task,hotpotqa,,all,leverage,svdd_prerope,0.2,0.2,6,6,6,0,0,0.19426129426129427,0.2554859933626074,-0.061224699101313174,-0.152958152958153,-0.0026707868888643654,1,2,3,2000,case,20260927
task,hotpotqa,,all,leverage,full,0.5,1.0,6,6,6,0,0,0.2966979932491793,0.31282573635514815,-0.016127743105968855,-0.047990488204008065,0.0007746308399903165,1,3,2,2000,case,20260927
task,hotpotqa,,all,leverage,keydiff,0.5,0.5,6,6,6,0,0,0.2966979932491793,0.2512620766918461,0.04543591655733318,-0.02309137387789073,0.13517090390780118,2,1,3,2000,case,20260927
task,hotpotqa,,all,leverage,knorm,0.5,0.5,6,6,6,0,0,0.2966979932491793,0.06987415383217482,0.22682383941700446,0.034080787713606724,0.487602894680605,4,1,1,2000,case,20260927
task,hotpotqa,,all,leverage,random,0.5,0.5,6,6,6,0,0,0.2966979932491793,0.1395627309890408,0.1571352622601385,-0.027916683997811068,0.437334079527028,4,1,1,2000,case,20260927
task,hotpotqa,,all,leverage,snapkv,0.5,0.5,6,6,6,0,0,0.2966979932491793,0.3151613940934626,-0.018463400844283374,-0.1580253874822934,0.11194595588086283,1,2,3,2000,case,20260927
task,hotpotqa,,all,leverage,streaming,0.5,0.5,6,6,6,0,0,0.2966979932491793,0.1788677135183199,0.11783027973085936,-0.0468100417837559,0.4025788565809542,2,2,2,2000,case,20260927
task,hotpotqa,,all,leverage,svdd,0.5,0.5,6,6,6,0,0,0.2966979932491793,0.2998178506375228,-0.003119857388343507,-0.015198509073736773,0.008537445982443014,1,3,2,2000,case,20260927
task,hotpotqa,,all,leverage,svdd_prerope,0.5,0.5,6,6,6,0,0,0.2966979932491793,0.2588888888888889,0.03780910436029037,-0.009413117861931858,0.11624531835205991,2,2,2,2000,case,20260927
task,hotpotqa,,all,random,full,0.1,1.0,6,6,6,0,0,0.059003938112629384,0.31282573635514815,-0.25382179824251877,-0.5143561505336887,-0.04720516713980766,1,1,4,2000,case,20260927
task,hotpotqa,,all,random,keydiff,0.1,0.1,6,6,6,0,0,0.059003938112629384,0.19408999792631507,-0.13508605981368568,-0.40673559371367335,0.023248104362655442,1,1,4,2000,case,20260927
task,hotpotqa,,all,random,knorm,0.1,0.1,6,6,6,0,0,0.059003938112629384,0.05526725619843618,0.0037366819141932024,-0.016398532665465818,0.03166143206116557,1,3,2,2000,case,20260927
task,hotpotqa,,all,random,leverage,0.1,0.1,6,6,6,0,0,0.059003938112629384,0.24887082204155375,-0.18986688392892437,-0.4512132575257517,-0.0029185618366905064,1,2,3,2000,case,20260927
task,hotpotqa,,all,random,snapkv,0.1,0.1,6,6,6,0,0,0.059003938112629384,0.25865800865800864,-0.1996540705453793,-0.4812832415562301,0.03215389765097367,2,1,3,2000,case,20260927
task,hotpotqa,,all,random,streaming,0.1,0.1,6,6,6,0,0,0.059003938112629384,0.057457164193913945,0.001546773918715432,-0.022839963759163168,0.03101945003353454,2,2,2,2000,case,20260927
task,hotpotqa,,all,random,svdd,0.1,0.1,6,6,6,0,0,0.059003938112629384,0.06621735178611239,-0.00721341367348302,-0.01911552713288235,0.0030153404873366468,2,1,3,2000,case,20260927
task,hotpotqa,,all,random,svdd_prerope,0.1,0.1,6,6,6,0,0,0.059003938112629384,0.02518375241779497,0.03382018569483441,0.0006448500600547367,0.08155587112718544,3,2,1,2000,case,20260927
task,hotpotqa,,all,random,full,0.2,1.0,6,6,6,0,0,0.07067049886490681,0.31282573635514815,-0.2421552374902413,-0.46499945214558497,-0.05758383453350112,0,1,5,2000,case,20260927
task,hotpotqa,,all,random,keydiff,0.2,0.2,6,6,6,0,0,0.07067049886490681,0.21053658458936744,-0.13986608572446063,-0.40643981889775915,0.014203258829541194,1,1,4,2000,case,20260927
task,hotpotqa,,all,random,knorm,0.2,0.2,6,6,6,0,0,0.07067049886490681,0.019103313840155945,0.05156718502475086,-0.002070350822385547,0.11777999888944417,3,2,1,2000,case,20260927
task,hotpotqa,,all,random,leverage,0.2,0.2,6,6,6,0,0,0.07067049886490681,0.19426129426129427,-0.12359079539638745,-0.39553436906409906,0.022727272727272724,2,2,2,2000,case,20260927
task,hotpotqa,,all,random,snapkv,0.2,0.2,6,6,6,0,0,0.07067049886490681,0.2063635063635064,-0.13569300749859955,-0.4055859424504999,0.022261816300924282,1,1,4,2000,case,20260927
task,hotpotqa,,all,random,streaming,0.2,0.2,6,6,6,0,0,0.07067049886490681,0.12068586918661879,-0.050015370321712,-0.1492549179955477,0.015151515151515152,1,2,3,2000,case,20260927
task,hotpotqa,,all,random,svdd,0.2,0.2,6,6,6,0,0,0.07067049886490681,0.23817663817663817,-0.1675061393117314,-0.42278304631277636,-0.010765065404240664,0,2,4,2000,case,20260927
task,hotpotqa,,all,random,svdd_prerope,0.2,0.2,6,6,6,0,0,0.07067049886490681,0.2554859933626074,-0.1848154944977006,-0.44540082899726613,-0.010218508354111604,0,1,5,2000,case,20260927
task,hotpotqa,,all,random,full,0.5,1.0,6,6,6,0,0,0.1395627309890408,0.31282573635514815,-0.17326300536610736,-0.4335887611749681,-0.0034681721912711862,1,2,3,2000,case,20260927
task,hotpotqa,,all,random,keydiff,0.5,0.5,6,6,6,0,0,0.1395627309890408,0.2512620766918461,-0.1116993457028053,-0.406358150773626,0.08665149033029947,2,0,4,2000,case,20260927
task,hotpotqa,,all,random,knorm,0.5,0.5,6,6,6,0,0,0.1395627309890408,0.06987415383217482,0.06968857715686595,-0.015721013600122825,0.21805273833671399,2,3,1,2000,case,20260927
task,hotpotqa,,all,random,leverage,0.5,0.5,6,6,6,0,0,0.1395627309890408,0.2966979932491793,-0.1571352622601385,-0.4214027069780084,0.027916683997811064,1,1,4,2000,case,20260927
task,hotpotqa,,all,random,snapkv,0.5,0.5,6,6,6,0,0,0.1395627309890408,0.3151613940934626,-0.17559866310442185,-0.43712789952852793,0.026185585762343287,2,0,4,2000,case,20260927
task,hotpotqa,,all,random,streaming,0.5,0.5,6,6,6,0,0,0.1395627309890408,0.1788677135183199,-0.03930498252927911,-0.11427419322072506,0.006216797187558858,2,2,2,2000,case,20260927
task,hotpotqa,,all,random,svdd,0.5,0.5,6,6,6,0,0,0.1395627309890408,0.2998178506375228,-0.160255119648482,-0.4246229357404361,0.020730531316885,1,2,3,2000,case,20260927
task,hotpotqa,,all,random,svdd_prerope,0.5,0.5,6,6,6,0,0,0.1395627309890408,0.2588888888888889,-0.11932615789984811,-0.39545867987415506,0.03453531005898293,2,2,2,2000,case,20260927
task,hotpotqa,,all,snapkv,full,0.1,1.0,6,6,6,0,0,0.25865800865800864,0.31282573635514815,-0.05416772769713948,-0.2900348017995077,0.18227230286053817,2,2,2,2000,case,20260927
task,hotpotqa,,all,snapkv,keydiff,0.1,0.1,6,6,6,0,0,0.25865800865800864,0.19408999792631507,0.06456801073169359,-0.03286177199220677,0.2324005491524673,1,3,2,2000,case,20260927
task,hotpotqa,,all,snapkv,knorm,0.1,0.1,6,6,6,0,0,0.25865800865800864,0.05526725619843618,0.20339075245957247,-0.02056530748513871,0.4761973871169274,2,2,2,2000,case,20260927
task,hotpotqa,,all,snapkv,leverage,0.1,0.1,6,6,6,0,0,0.25865800865800864,0.24887082204155375,0.00978718661645491,-0.1994720726428044,0.24312051994978826,2,2,2,2000,case,20260927
task,hotpotqa,,all,snapkv,random,0.1,0.1,6,6,6,0,0,0.25865800865800864,0.059003938112629384,0.1996540705453793,-0.03215389765097367,0.480312613454376,3,1,2,2000,case,20260927
task,hotpotqa,,all,snapkv,streaming,0.1,0.1,6,6,6,0,0,0.25865800865800864,0.057457164193913945,0.2012008444640947,-0.022222222222222223,0.4752274605374292,3,2,1,2000,case,20260927
task,hotpotqa,,all,snapkv,svdd,0.1,0.1,6,6,6,0,0,0.25865800865800864,0.06621735178611239,0.19244065687189627,-0.042961754336966564,0.4743727598566309,2,0,4,2000,case,20260927
task,hotpotqa,,all,snapkv,svdd_prerope,0.1,0.1,6,6,6,0,0,0.25865800865800864,0.02518375241779497,0.23347425624021367,-0.011774891774891777,0.5469739952718676,2,2,2,2000,case,20260927
task,hotpotqa,,all,snapkv,full,0.2,1.0,6,6,6,0,0,0.2063635063635064,0.31282573635514815,-0.10646222999164173,-0.24967603202897323,0.0031975443740149627,2,2,2,2000,case,20260927
task,hotpotqa,,all,snapkv,keydiff,0.2,0.2,6,6,6,0,0,0.2063635063635064,0.21053658458936744,-0.004173078225861084,-0.01615130379175323,0.007805147340031062,2,2,2,2000,case,20260927
task,hotpotqa,,all,snapkv,knorm,0.2,0.2,6,6,6,0,0,0.2063635063635064,0.019103313840155945,0.18726019252335044,-0.000611890085574294,0.5232804232804232,3,2,1,2000,case,20260927
task,hotpotqa,,all,snapkv,leverage,0.2,0.2,6,6,6,0,0,0.2063635063635064,0.19426129426129427,0.012102212102212101,-0.029696729696729693,0.056479556479556485,3,2,1,2000,case,20260927
task,hotpotqa,,all,snapkv,random,0.2,0.2,6,6,6,0,0,0.2063635063635064,0.07067049886490681,0.13569300749859955,-0.024391132504086328,0.40821169043707256,4,1,1,2000,case,20260927
task,hotpotqa,,all,snapkv,streaming,0.2,0.2,6,6,6,0,0,0.2063635063635064,0.12068586918661879,0.08567763717688755,-0.16680863772318044,0.4116035631028135,2,1,3,2000,case,20260927
task,hotpotqa,,all,snapkv,svdd,0.2,0.2,6,6,6,0,0,0.2063635063635064,0.23817663817663817,-0.03181313181313181,-0.11481481481481481,0.015209715209715209,3,2,1,2000,case,20260927
task,hotpotqa,,all,snapkv,svdd_prerope,0.2,0.2,6,6,6,0,0,0.2063635063635064,0.2554859933626074,-0.049122486999101066,-0.17605851393512803,0.026092861386979027,3,2,1,2000,case,20260927
task,hotpotqa,,all,snapkv,full,0.5,1.0,6,6,6,0,0,0.3151613940934626,0.31282573635514815,0.00233565773831452,-0.12602493076159285,0.14648770452194024,2,1,3,2000,case,20260927
task,hotpotqa,,all,snapkv,keydiff,0.5,0.5,6,6,6,0,0,0.3151613940934626,0.2512620766918461,0.06389931740161654,0.0025536383417520403,0.14716323040305165,4,1,1,2000,case,20260927
task,hotpotqa,,all,snapkv,knorm,0.5,0.5,6,6,6,0,0,0.3151613940934626,0.06987415383217482,0.24528724026128781,0.05300597704674124,0.504299608725319,5,0,1,2000,case,20260927
task,hotpotqa,,all,snapkv,leverage,0.5,0.5,6,6,6,0,0,0.3151613940934626,0.2966979932491793,0.018463400844283374,-0.11194595588086281,0.15815603812248152,3,2,1,2000,case,20260927
task,hotpotqa,,all,snapkv,random,0.5,0.5,6,6,6,0,0,0.3151613940934626,0.1395627309890408,0.17559866310442185,-0.021272227445695124,0.43712789952852793,4,0,2,2000,case,20260927
task,hotpotqa,,all,snapkv,streaming,0.5,0.5,6,6,6,0,0,0.3151613940934626,0.1788677135183199,0.1362936805751427,-0.10004852102838155,0.4253884288269735,3,0,3,2000,case,20260927
task,hotpotqa,,all,snapkv,svdd,0.5,0.5,6,6,6,0,0,0.3151613940934626,0.2998178506375228,0.015343543455939865,-0.11089914660253965,0.15949559023956558,3,1,2,2000,case,20260927
task,hotpotqa,,all,snapkv,svdd_prerope,0.5,0.5,6,6,6,0,0,0.3151613940934626,0.2588888888888889,0.05627250520457374,-0.004837693798449619,0.16177070583435332,3,2,1,2000,case,20260927
task,hotpotqa,,all,streaming,full,0.1,1.0,6,6,6,0,0,0.057457164193913945,0.31282573635514815,-0.2553685721612342,-0.510119450078882,-0.05549085014755703,1,1,4,2000,case,20260927
task,hotpotqa,,all,streaming,keydiff,0.1,0.1,6,6,6,0,0,0.057457164193913945,0.19408999792631507,-0.13663283373240112,-0.4017878060775429,0.0057507383108045896,2,2,2,2000,case,20260927
task,hotpotqa,,all,streaming,knorm,0.1,0.1,6,6,6,0,0,0.057457164193913945,0.05526725619843618,0.0021899079954777706,-0.012859368147240743,0.016756799587963788,2,3,1,2000,case,20260927
task,hotpotqa,,all,streaming,leverage,0.1,0.1,6,6,6,0,0,0.057457164193913945,0.24887082204155375,-0.19141365784763983,-0.4596729804112028,0.01385393003180372,2,1,3,2000,case,20260927
task,hotpotqa,,all,streaming,random,0.1,0.1,6,6,6,0,0,0.057457164193913945,0.059003938112629384,-0.001546773918715432,-0.03101945003353454,0.023808280383707293,2,2,2,2000,case,20260927
task,hotpotqa,,all,streaming,snapkv,0.1,0.1,6,6,6,0,0,0.057457164193913945,0.25865800865800864,-0.2012008444640947,-0.47667977166715986,0.020732672345575572,1,2,3,2000,case,20260927
task,hotpotqa,,all,streaming,svdd,0.1,0.1,6,6,6,0,0,0.057457164193913945,0.06621735178611239,-0.008760187592198451,-0.0452826372737385,0.02305054078610438,3,0,3,2000,case,20260927
task,hotpotqa,,all,streaming,svdd_prerope,0.1,0.1,6,6,6,0,0,0.057457164193913945,0.02518375241779497,0.032273411776118976,-0.010059155847433903,0.08102225483003178,3,1,2,2000,case,20260927
task,hotpotqa,,all,streaming,full,0.2,1.0,6,6,6,0,0,0.12068586918661879,0.31282573635514815,-0.1921398671685293,-0.44889622781555494,0.000674814267172447,2,1,3,2000,case,20260927
task,hotpotqa,,all,streaming,keydiff,0.2,0.2,6,6,6,0,0,0.12068586918661879,0.21053658458936744,-0.08985071540274864,-0.41194809367990226,0.15779231701362742,2,1,3,2000,case,20260927
task,hotpotqa,,all,streaming,knorm,0.2,0.2,6,6,6,0,0,0.12068586918661879,0.019103313840155945,0.10158255534646286,0.0035076162078450427,0.22469877501440663,3,2,1,2000,case,20260927
task,hotpotqa,,all,streaming,leverage,0.2,0.2,6,6,6,0,0,0.12068586918661879,0.19426129426129427,-0.07357542507467545,-0.3889759665621735,0.1508685217830645,3,2,1,2000,case,20260927
task,hotpotqa,,all,streaming,random,0.2,0.2,6,6,6,0,0,0.12068586918661879,0.07067049886490681,0.050015370321712,-0.015151515151515152,0.1444681439349054,3,2,1,2000,case,20260927
task,hotpotqa,,all,streaming,snapkv,0.2,0.2,6,6,6,0,0,0.12068586918661879,0.2063635063635064,-0.08567763717688755,-0.39526239132685914,0.1300872837585729,3,1,2,2000,case,20260927
task,hotpotqa,,all,streaming,svdd,0.2,0.2,6,6,6,0,0,0.12068586918661879,0.23817663817663817,-0.11749076899001937,-0.3943220697343636,0.060489957041681176,3,1,2,2000,case,20260927
task,hotpotqa,,all,streaming,svdd_prerope,0.2,0.2,6,6,6,0,0,0.12068586918661879,0.2554859933626074,-0.1348001241759886,-0.40301331229194326,0.013437833494017731,3,1,2,2000,case,20260927
task,hotpotqa,,all,streaming,full,0.5,1.0,6,6,6,0,0,0.1788677135183199,0.31282573635514815,-0.1339580228368282,-0.40382256689492063,0.0025452588277437697,1,3,2,2000,case,20260927
task,hotpotqa,,all,streaming,keydiff,0.5,0.5,6,6,6,0,0,0.1788677135183199,0.2512620766918461,-0.07239436317352617,-0.3776733921746995,0.14610299397586632,3,0,3,2000,case,20260927
task,hotpotqa,,all,streaming,knorm,0.5,0.5,6,6,6,0,0,0.1788677135183199,0.06987415383217482,0.10899355968614506,-0.011341103641727523,0.259334236625003,3,1,2,2000,case,20260927
task,hotpotqa,,all,streaming,leverage,0.5,0.5,6,6,6,0,0,0.1788677135183199,0.2966979932491793,-0.11783027973085936,-0.40257885658095427,0.046826215530522276,2,2,2,2000,case,20260927
task,hotpotqa,,all,streaming,random,0.5,0.5,6,6,6,0,0,0.1788677135183199,0.1395627309890408,0.03930498252927911,-0.005333092698340053,0.11472004621869498,2,2,2,2000,case,20260927
task,hotpotqa,,all,streaming,snapkv,0.5,0.5,6,6,6,0,0,0.1788677135183199,0.3151613940934626,-0.1362936805751427,-0.422542632519011,0.09589783281733744,3,0,3,2000,case,20260927
task,hotpotqa,,all,streaming,svdd,0.5,0.5,6,6,6,0,0,0.1788677135183199,0.2998178506375228,-0.12095013711920287,-0.39882627044333924,0.03428209993674888,2,2,2,2000,case,20260927
task,hotpotqa,,all,streaming,svdd_prerope,0.5,0.5,6,6,6,0,0,0.1788677135183199,0.2588888888888889,-0.08002117537056898,-0.38772726856053313,0.12516211075360473,3,1,2,2000,case,20260927
task,hotpotqa,,all,svdd,full,0.1,1.0,6,6,6,0,0,0.06621735178611239,0.31282573635514815,-0.24660838456903575,-0.5143223909927196,-0.032122771421682836,2,0,4,2000,case,20260927
task,hotpotqa,,all,svdd,keydiff,0.1,0.1,6,6,6,0,0,0.06621735178611239,0.19408999792631507,-0.12787264614020266,-0.4039700041597574,0.039685286123611954,2,0,4,2000,case,20260927
task,hotpotqa,,all,svdd,knorm,0.1,0.1,6,6,6,0,0,0.06621735178611239,0.05526725619843618,0.010950095587676222,-0.01686261809887216,0.044826875078490806,2,1,3,2000,case,20260927
task,hotpotqa,,all,svdd,leverage,0.1,0.1,6,6,6,0,0,0.06621735178611239,0.24887082204155375,-0.18265347025544135,-0.44623438687954825,0.0075713586790650015,2,1,3,2000,case,20260927
task,hotpotqa,,all,svdd,random,0.1,0.1,6,6,6,0,0,0.06621735178611239,0.059003938112629384,0.00721341367348302,-0.0029067987124046742,0.018767837367125728,3,1,2,2000,case,20260927
task,hotpotqa,,all,svdd,snapkv,0.1,0.1,6,6,6,0,0,0.06621735178611239,0.25865800865800864,-0.19244065687189627,-0.4796351827760996,0.042961754336966564,4,0,2,2000,case,20260927
task,hotpotqa,,all,svdd,streaming,0.1,0.1,6,6,6,0,0,0.06621735178611239,0.057457164193913945,0.008760187592198451,-0.02304856204337631,0.04803553360429421,3,0,3,2000,case,20260927
task,hotpotqa,,all,svdd,svdd_prerope,0.1,0.1,6,6,6,0,0,0.06621735178611239,0.02518375241779497,0.04103359936831743,0.007158383495395381,0.08283944089962225,4,1,1,2000,case,20260927
task,hotpotqa,,all,svdd,full,0.2,1.0,6,6,6,0,0,0.23817663817663817,0.31282573635514815,-0.07464909817850994,-0.1556031604561016,-0.0022173904526845713,1,2,3,2000,case,20260927
task,hotpotqa,,all,svdd,keydiff,0.2,0.2,6,6,6,0,0,0.23817663817663817,0.21053658458936744,0.02764005358727073,-0.025436885902002177,0.10597609428286199,3,2,1,2000,case,20260927
task,hotpotqa,,all,svdd,knorm,0.2,0.2,6,6,6,0,0,0.23817663817663817,0.019103313840155945,0.21907332433648222,0.010368870895186686,0.535818713450292,3,2,1,2000,case,20260927
task,hotpotqa,,all,svdd,leverage,0.2,0.2,6,6,6,0,0,0.23817663817663817,0.19426129426129427,0.04391534391534393,0.0,0.09841269841269844,2,4,0,2000,case,20260927
task,hotpotqa,,all,svdd,random,0.2,0.2,6,6,6,0,0,0.23817663817663817,0.07067049886490681,0.1675061393117314,0.010765065404240664,0.42278304631277636,4,2,0,2000,case,20260927
task,hotpotqa,,all,svdd,snapkv,0.2,0.2,6,6,6,0,0,0.23817663817663817,0.2063635063635064,0.03181313181313181,-0.015079365079365073,0.11435281435281434,1,2,3,2000,case,20260927
task,hotpotqa,,all,svdd,streaming,0.2,0.2,6,6,6,0,0,0.23817663817663817,0.12068586918661879,0.11749076899001937,-0.061604784243464904,0.3943499404144081,2,1,3,2000,case,20260927
task,hotpotqa,,all,svdd,svdd_prerope,0.2,0.2,6,6,6,0,0,0.23817663817663817,0.2554859933626074,-0.01730935518596925,-0.06461575249236656,0.01577540106951872,2,2,2,2000,case,20260927
task,hotpotqa,,all,svdd,full,0.5,1.0,6,6,6,0,0,0.2998178506375228,0.31282573635514815,-0.013007885717625345,-0.03962312197606314,0.006171648987463839,1,3,2,2000,case,20260927
task,hotpotqa,,all,svdd,keydiff,0.5,0.5,6,6,6,0,0,0.2998178506375228,0.2512620766918461,0.04855577394567669,-0.026113954183170935,0.14203607964820458,3,1,2,2000,case,20260927
task,hotpotqa,,all,svdd,knorm,0.5,0.5,6,6,6,0,0,0.2998178506375228,0.06987415383217482,0.22994369680534796,0.03327645665493135,0.47735980494601177,3,2,1,2000,case,20260927
task,hotpotqa,,all,svdd,leverage,0.5,0.5,6,6,6,0,0,0.2998178506375228,0.2966979932491793,0.003119857388343507,-0.008537445982443014,0.015198509073736773,2,3,1,2000,case,20260927
task,hotpotqa,,all,svdd,random,0.5,0.5,6,6,6,0,0,0.2998178506375228,0.1395627309890408,0.160255119648482,-0.020730531316885,0.4246229357404361,3,2,1,2000,case,20260927
task,hotpotqa,,all,svdd,snapkv,0.5,0.5,6,6,6,0,0,0.2998178506375228,0.3151613940934626,-0.015343543455939865,-0.15751117231919645,0.10900759553066071,2,1,3,2000,case,20260927
task,hotpotqa,,all,svdd,streaming,0.5,0.5,6,6,6,0,0,0.2998178506375228,0.1788677135183199,0.12095013711920287,-0.03531116118302561,0.401532047302631,2,2,2,2000,case,20260927
task,hotpotqa,,all,svdd,svdd_prerope,0.5,0.5,6,6,6,0,0,0.2998178506375228,0.2588888888888889,0.04092896174863388,0.0,0.11870673952641164,2,4,0,2000,case,20260927
task,hotpotqa,,all,svdd_prerope,full,0.1,1.0,6,6,6,0,0,0.02518375241779497,0.31282573635514815,-0.28764198393735313,-0.5712290706095462,-0.04866649690179101,1,1,4,2000,case,20260927
task,hotpotqa,,all,svdd_prerope,keydiff,0.1,0.1,6,6,6,0,0,0.02518375241779497,0.19408999792631507,-0.1689062455085201,-0.48101568401943867,0.0006282776615257456,1,1,4,2000,case,20260927
task,hotpotqa,,all,svdd_prerope,knorm,0.1,0.1,6,6,6,0,0,0.02518375241779497,0.05526725619843618,-0.030083503780641202,-0.07782741966566738,0.006644219977553312,1,2,3,2000,case,20260927
task,hotpotqa,,all,svdd_prerope,leverage,0.1,0.1,6,6,6,0,0,0.02518375241779497,0.24887082204155375,-0.2236870696237588,-0.5283856730250088,-0.003465549807013222,1,2,3,2000,case,20260927
task,hotpotqa,,all,svdd_prerope,random,0.1,0.1,6,6,6,0,0,0.02518375241779497,0.059003938112629384,-0.03382018569483441,-0.08030531206960907,-0.0006448500600547367,1,2,3,2000,case,20260927
task,hotpotqa,,all,svdd_prerope,snapkv,0.1,0.1,6,6,6,0,0,0.02518375241779497,0.25865800865800864,-0.23347425624021367,-0.5499754382733106,0.010331890331890333,2,2,2,2000,case,20260927
task,hotpotqa,,all,svdd_prerope,streaming,0.1,0.1,6,6,6,0,0,0.02518375241779497,0.057457164193913945,-0.032273411776118976,-0.0826444933561588,0.010059155847433903,2,1,3,2000,case,20260927
task,hotpotqa,,all,svdd_prerope,svdd,0.1,0.1,6,6,6,0,0,0.02518375241779497,0.06621735178611239,-0.04103359936831743,-0.08283944089962225,-0.006719829877724612,1,1,4,2000,case,20260927
task,hotpotqa,,all,svdd_prerope,full,0.2,1.0,6,6,6,0,0,0.2554859933626074,0.31282573635514815,-0.05733974299254069,-0.14812834224598928,0.00016645239026874653,1,2,3,2000,case,20260927
task,hotpotqa,,all,svdd_prerope,keydiff,0.2,0.2,6,6,6,0,0,0.2554859933626074,0.21053658458936744,0.044949408773239975,-0.0217188923071276,0.16158283776621954,2,2,2,2000,case,20260927
task,hotpotqa,,all,svdd_prerope,knorm,0.2,0.2,6,6,6,0,0,0.2554859933626074,0.019103313840155945,0.23638267952245148,0.010456753596525552,0.5596150027547747,4,1,1,2000,case,20260927
task,hotpotqa,,all,svdd_prerope,leverage,0.2,0.2,6,6,6,0,0,0.2554859933626074,0.19426129426129427,0.061224699101313174,0.003087714135059904,0.15295815295815296,3,2,1,2000,case,20260927
task,hotpotqa,,all,svdd_prerope,random,0.2,0.2,6,6,6,0,0,0.2554859933626074,0.07067049886490681,0.1848154944977006,0.010207713963131143,0.445400828997266,5,1,0,2000,case,20260927
task,hotpotqa,,all,svdd_prerope,snapkv,0.2,0.2,6,6,6,0,0,0.2554859933626074,0.2063635063635064,0.049122486999101066,-0.026092861386979027,0.17689885006958175,1,2,3,2000,case,20260927
task,hotpotqa,,all,svdd_prerope,streaming,0.2,0.2,6,6,6,0,0,0.2554859933626074,0.12068586918661879,0.1348001241759886,-0.013437833494017731,0.4028221292162492,2,1,3,2000,case,20260927
task,hotpotqa,,all,svdd_prerope,svdd,0.2,0.2,6,6,6,0,0,0.2554859933626074,0.23817663817663817,0.01730935518596925,-0.014382094869899748,0.060694183864915575,2,2,2,2000,case,20260927
task,hotpotqa,,all,svdd_prerope,full,0.5,1.0,6,6,6,0,0,0.2588888888888889,0.31282573635514815,-0.053936847466259215,-0.13276037687802392,-0.0011917494270435429,1,2,3,2000,case,20260927
task,hotpotqa,,all,svdd_prerope,keydiff,0.5,0.5,6,6,6,0,0,0.2588888888888889,0.2512620766918461,0.007626812197042814,-0.03155364491475603,0.06460295275808904,2,1,3,2000,case,20260927
task,hotpotqa,,all,svdd_prerope,knorm,0.5,0.5,6,6,6,0,0,0.2588888888888889,0.06987415383217482,0.18901473505671407,-0.009692577953447516,0.4574712643678161,3,2,1,2000,case,20260927
task,hotpotqa,,all,svdd_prerope,leverage,0.5,0.5,6,6,6,0,0,0.2588888888888889,0.2966979932491793,-0.03780910436029037,-0.11975354880473481,0.009413117861931856,2,2,2,2000,case,20260927
task,hotpotqa,,all,svdd_prerope,random,0.5,0.5,6,6,6,0,0,0.2588888888888889,0.1395627309890408,0.11932615789984811,-0.03379547266060894,0.39655172413793105,2,2,2,2000,case,20260927
task,hotpotqa,,all,svdd_prerope,snapkv,0.5,0.5,6,6,6,0,0,0.2588888888888889,0.3151613940934626,-0.05627250520457374,-0.1618263607737292,0.00856837606837608,1,2,3,2000,case,20260927
task,hotpotqa,,all,svdd_prerope,streaming,0.5,0.5,6,6,6,0,0,0.2588888888888889,0.1788677135183199,0.08002117537056898,-0.12204301075268816,0.39310361264655463,2,1,3,2000,case,20260927
task,hotpotqa,,all,svdd_prerope,svdd,0.5,0.5,6,6,6,0,0,0.2588888888888889,0.2998178506375228,-0.04092896174863388,-0.11870673952641164,0.0,0,4,2,2000,case,20260927
task,niah_multi,,all,keydiff,full,0.1,1.0,18,18,18,0,0,0.9722222222222222,1.0,-0.027777777777777776,-0.08333333333333333,0.0,0,17,1,2000,case,20260927
task,niah_multi,,full_cache_correct,keydiff,full,0.1,1.0,18,18,18,0,0,0.9722222222222222,1.0,-0.027777777777777776,-0.08333333333333333,0.0,0,17,1,2000,case,20260927
task,niah_multi,,all,keydiff,knorm,0.1,0.1,18,18,18,0,0,0.9722222222222222,0.0,0.9722222222222222,0.9166666666666666,1.0,18,0,0,2000,case,20260927
task,niah_multi,,full_cache_correct,keydiff,knorm,0.1,0.1,18,18,18,0,0,0.9722222222222222,0.0,0.9722222222222222,0.9166666666666666,1.0,18,0,0,2000,case,20260927
task,niah_multi,,all,keydiff,leverage,0.1,0.1,18,18,18,0,0,0.9722222222222222,0.9444444444444444,0.027777777777777776,-0.05555555555555555,0.1111111111111111,2,15,1,2000,case,20260927
task,niah_multi,,full_cache_correct,keydiff,leverage,0.1,0.1,18,18,18,0,0,0.9722222222222222,0.9444444444444444,0.027777777777777776,-0.05555555555555555,0.1111111111111111,2,15,1,2000,case,20260927
task,niah_multi,,all,keydiff,random,0.1,0.1,18,18,18,0,0,0.9722222222222222,0.0,0.9722222222222222,0.9166666666666666,1.0,18,0,0,2000,case,20260927
task,niah_multi,,full_cache_correct,keydiff,random,0.1,0.1,18,18,18,0,0,0.9722222222222222,0.0,0.9722222222222222,0.9166666666666666,1.0,18,0,0,2000,case,20260927
task,niah_multi,,all,keydiff,snapkv,0.1,0.1,18,18,18,0,0,0.9722222222222222,0.0,0.9722222222222222,0.9166666666666666,1.0,18,0,0,2000,case,20260927
task,niah_multi,,full_cache_correct,keydiff,snapkv,0.1,0.1,18,18,18,0,0,0.9722222222222222,0.0,0.9722222222222222,0.9166666666666666,1.0,18,0,0,2000,case,20260927
task,niah_multi,,all,keydiff,streaming,0.1,0.1,18,18,18,0,0,0.9722222222222222,0.0,0.9722222222222222,0.9166666666666666,1.0,18,0,0,2000,case,20260927
task,niah_multi,,full_cache_correct,keydiff,streaming,0.1,0.1,18,18,18,0,0,0.9722222222222222,0.0,0.9722222222222222,0.9166666666666666,1.0,18,0,0,2000,case,20260927
task,niah_multi,,all,keydiff,svdd,0.1,0.1,18,18,18,0,0,0.9722222222222222,0.1388888888888889,0.8333333333333334,0.7222222222222222,0.9444444444444444,18,0,0,2000,case,20260927
task,niah_multi,,full_cache_correct,keydiff,svdd,0.1,0.1,18,18,18,0,0,0.9722222222222222,0.1388888888888889,0.8333333333333334,0.7222222222222222,0.9444444444444444,18,0,0,2000,case,20260927
task,niah_multi,,all,keydiff,svdd_prerope,0.1,0.1,18,18,18,0,0,0.9722222222222222,0.1388888888888889,0.8333333333333334,0.7222222222222222,0.9444444444444444,18,0,0,2000,case,20260927
task,niah_multi,,full_cache_correct,keydiff,svdd_prerope,0.1,0.1,18,18,18,0,0,0.9722222222222222,0.1388888888888889,0.8333333333333334,0.7222222222222222,0.9444444444444444,18,0,0,2000,case,20260927
task,niah_multi,,all,keydiff,full,0.2,1.0,18,18,18,0,0,1.0,1.0,0.0,0.0,0.0,0,18,0,2000,case,20260927
task,niah_multi,,full_cache_correct,keydiff,full,0.2,1.0,18,18,18,0,0,1.0,1.0,0.0,0.0,0.0,0,18,0,2000,case,20260927
task,niah_multi,,all,keydiff,knorm,0.2,0.2,18,18,18,0,0,1.0,0.0,1.0,1.0,1.0,18,0,0,2000,case,20260927
task,niah_multi,,full_cache_correct,keydiff,knorm,0.2,0.2,18,18,18,0,0,1.0,0.0,1.0,1.0,1.0,18,0,0,2000,case,20260927
task,niah_multi,,all,keydiff,leverage,0.2,0.2,18,18,18,0,0,1.0,1.0,0.0,0.0,0.0,0,18,0,2000,case,20260927
task,niah_multi,,full_cache_correct,keydiff,leverage,0.2,0.2,18,18,18,0,0,1.0,1.0,0.0,0.0,0.0,0,18,0,2000,case,20260927
task,niah_multi,,all,keydiff,random,0.2,0.2,18,18,18,0,0,1.0,0.0,1.0,1.0,1.0,18,0,0,2000,case,20260927
task,niah_multi,,full_cache_correct,keydiff,random,0.2,0.2,18,18,18,0,0,1.0,0.0,1.0,1.0,1.0,18,0,0,2000,case,20260927
task,niah_multi,,all,keydiff,snapkv,0.2,0.2,18,18,18,0,0,1.0,0.1111111111111111,0.8888888888888888,0.7777777777777778,0.9722222222222222,18,0,0,2000,case,20260927
task,niah_multi,,full_cache_correct,keydiff,snapkv,0.2,0.2,18,18,18,0,0,1.0,0.1111111111111111,0.8888888888888888,0.7777777777777778,0.9722222222222222,18,0,0,2000,case,20260927
task,niah_multi,,all,keydiff,streaming,0.2,0.2,18,18,18,0,0,1.0,0.3333333333333333,0.6666666666666666,0.5555555555555556,0.7777777777777778,18,0,0,2000,case,20260927
task,niah_multi,,full_cache_correct,keydiff,streaming,0.2,0.2,18,18,18,0,0,1.0,0.3333333333333333,0.6666666666666666,0.5555555555555556,0.7777777777777778,18,0,0,2000,case,20260927
task,niah_multi,,all,keydiff,svdd,0.2,0.2,18,18,18,0,0,1.0,0.4166666666666667,0.5833333333333334,0.4444444444444444,0.7222222222222222,16,2,0,2000,case,20260927
task,niah_multi,,full_cache_correct,keydiff,svdd,0.2,0.2,18,18,18,0,0,1.0,0.4166666666666667,0.5833333333333334,0.4444444444444444,0.7222222222222222,16,2,0,2000,case,20260927
task,niah_multi,,all,keydiff,svdd_prerope,0.2,0.2,18,18,18,0,0,1.0,0.3611111111111111,0.6388888888888888,0.5,0.7777777777777778,16,2,0,2000,case,20260927
task,niah_multi,,full_cache_correct,keydiff,svdd_prerope,0.2,0.2,18,18,18,0,0,1.0,0.3611111111111111,0.6388888888888888,0.4722222222222222,0.7777777777777778,16,2,0,2000,case,20260927
task,niah_multi,,all,keydiff,full,0.5,1.0,18,18,18,0,0,1.0,1.0,0.0,0.0,0.0,0,18,0,2000,case,20260927
task,niah_multi,,full_cache_correct,keydiff,full,0.5,1.0,18,18,18,0,0,1.0,1.0,0.0,0.0,0.0,0,18,0,2000,case,20260927
task,niah_multi,,all,keydiff,knorm,0.5,0.5,18,18,18,0,0,1.0,0.05555555555555555,0.9444444444444444,0.8611111111111112,1.0,18,0,0,2000,case,20260927
task,niah_multi,,full_cache_correct,keydiff,knorm,0.5,0.5,18,18,18,0,0,1.0,0.05555555555555555,0.9444444444444444,0.8611111111111112,1.0,18,0,0,2000,case,20260927
task,niah_multi,,all,keydiff,leverage,0.5,0.5,18,18,18,0,0,1.0,1.0,0.0,0.0,0.0,0,18,0,2000,case,20260927
task,niah_multi,,full_cache_correct,keydiff,leverage,0.5,0.5,18,18,18,0,0,1.0,1.0,0.0,0.0,0.0,0,18,0,2000,case,20260927
task,niah_multi,,all,keydiff,random,0.5,0.5,18,18,18,0,0,1.0,0.16666666666666666,0.8333333333333334,0.7222222222222222,0.9444444444444444,18,0,0,2000,case,20260927
task,niah_multi,,full_cache_correct,keydiff,random,0.5,0.5,18,18,18,0,0,1.0,0.16666666666666666,0.8333333333333334,0.7222222222222222,0.9444444444444444,18,0,0,2000,case,20260927
task,niah_multi,,all,keydiff,snapkv,0.5,0.5,18,18,18,0,0,1.0,0.2777777777777778,0.7222222222222222,0.5555555555555556,0.8611111111111112,16,2,0,2000,case,20260927
task,niah_multi,,full_cache_correct,keydiff,snapkv,0.5,0.5,18,18,18,0,0,1.0,0.2777777777777778,0.7222222222222222,0.5555555555555556,0.8611111111111112,16,2,0,2000,case,20260927
task,niah_multi,,all,keydiff,streaming,0.5,0.5,18,18,18,0,0,1.0,0.5,0.5,0.5,0.5,18,0,0,2000,case,20260927
task,niah_multi,,full_cache_correct,keydiff,streaming,0.5,0.5,18,18,18,0,0,1.0,0.5,0.5,0.5,0.5,18,0,0,2000,case,20260927
task,niah_multi,,all,keydiff,svdd,0.5,0.5,18,18,18,0,0,1.0,0.6666666666666666,0.3333333333333333,0.2222222222222222,0.4444444444444444,12,6,0,2000,case,20260927
task,niah_multi,,full_cache_correct,keydiff,svdd,0.5,0.5,18,18,18,0,0,1.0,0.6666666666666666,0.3333333333333333,0.2222222222222222,0.4444444444444444,12,6,0,2000,case,20260927
task,niah_multi,,all,keydiff,svdd_prerope,0.5,0.5,18,18,18,0,0,1.0,0.6111111111111112,0.3888888888888889,0.2777777777777778,0.4722222222222222,14,4,0,2000,case,20260927
task,niah_multi,,full_cache_correct,keydiff,svdd_prerope,0.5,0.5,18,18,18,0,0,1.0,0.6111111111111112,0.3888888888888889,0.2777777777777778,0.4722222222222222,14,4,0,2000,case,20260927
task,niah_multi,,all,knorm,full,0.1,1.0,18,18,18,0,0,0.0,1.0,-1.0,-1.0,-1.0,0,0,18,2000,case,20260927
task,niah_multi,,full_cache_correct,knorm,full,0.1,1.0,18,18,18,0,0,0.0,1.0,-1.0,-1.0,-1.0,0,0,18,2000,case,20260927
task,niah_multi,,all,knorm,keydiff,0.1,0.1,18,18,18,0,0,0.0,0.9722222222222222,-0.9722222222222222,-1.0,-0.9166666666666666,0,0,18,2000,case,20260927
task,niah_multi,,full_cache_correct,knorm,keydiff,0.1,0.1,18,18,18,0,0,0.0,0.9722222222222222,-0.9722222222222222,-1.0,-0.9166666666666666,0,0,18,2000,case,20260927
task,niah_multi,,all,knorm,leverage,0.1,0.1,18,18,18,0,0,0.0,0.9444444444444444,-0.9444444444444444,-1.0,-0.8611111111111112,0,0,18,2000,case,20260927
task,niah_multi,,full_cache_correct,knorm,leverage,0.1,0.1,18,18,18,0,0,0.0,0.9444444444444444,-0.9444444444444444,-1.0,-0.8611111111111112,0,0,18,2000,case,20260927
task,niah_multi,,all,knorm,random,0.1,0.1,18,18,18,0,0,0.0,0.0,0.0,0.0,0.0,0,18,0,2000,case,20260927
task,niah_multi,,full_cache_correct,knorm,random,0.1,0.1,18,18,18,0,0,0.0,0.0,0.0,0.0,0.0,0,18,0,2000,case,20260927
task,niah_multi,,all,knorm,snapkv,0.1,0.1,18,18,18,0,0,0.0,0.0,0.0,0.0,0.0,0,18,0,2000,case,20260927
task,niah_multi,,full_cache_correct,knorm,snapkv,0.1,0.1,18,18,18,0,0,0.0,0.0,0.0,0.0,0.0,0,18,0,2000,case,20260927
task,niah_multi,,all,knorm,streaming,0.1,0.1,18,18,18,0,0,0.0,0.0,0.0,0.0,0.0,0,18,0,2000,case,20260927
task,niah_multi,,full_cache_correct,knorm,streaming,0.1,0.1,18,18,18,0,0,0.0,0.0,0.0,0.0,0.0,0,18,0,2000,case,20260927
task,niah_multi,,all,knorm,svdd,0.1,0.1,18,18,18,0,0,0.0,0.1388888888888889,-0.1388888888888889,-0.25,-0.027777777777777776,0,13,5,2000,case,20260927
task,niah_multi,,full_cache_correct,knorm,svdd,0.1,0.1,18,18,18,0,0,0.0,0.1388888888888889,-0.1388888888888889,-0.25,-0.05555555555555555,0,13,5,2000,case,20260927
task,niah_multi,,all,knorm,svdd_prerope,0.1,0.1,18,18,18,0,0,0.0,0.1388888888888889,-0.1388888888888889,-0.25,-0.05555555555555555,0,13,5,2000,case,20260927
task,niah_multi,,full_cache_correct,knorm,svdd_prerope,0.1,0.1,18,18,18,0,0,0.0,0.1388888888888889,-0.1388888888888889,-0.25,-0.05555555555555555,0,13,5,2000,case,20260927
task,niah_multi,,all,knorm,full,0.2,1.0,18,18,18,0,0,0.0,1.0,-1.0,-1.0,-1.0,0,0,18,2000,case,20260927
task,niah_multi,,full_cache_correct,knorm,full,0.2,1.0,18,18,18,0,0,0.0,1.0,-1.0,-1.0,-1.0,0,0,18,2000,case,20260927
task,niah_multi,,all,knorm,keydiff,0.2,0.2,18,18,18,0,0,0.0,1.0,-1.0,-1.0,-1.0,0,0,18,2000,case,20260927
task,niah_multi,,full_cache_correct,knorm,keydiff,0.2,0.2,18,18,18,0,0,0.0,1.0,-1.0,-1.0,-1.0,0,0,18,2000,case,20260927
task,niah_multi,,all,knorm,leverage,0.2,0.2,18,18,18,0,0,0.0,1.0,-1.0,-1.0,-1.0,0,0,18,2000,case,20260927
task,niah_multi,,full_cache_correct,knorm,leverage,0.2,0.2,18,18,18,0,0,0.0,1.0,-1.0,-1.0,-1.0,0,0,18,2000,case,20260927
task,niah_multi,,all,knorm,random,0.2,0.2,18,18,18,0,0,0.0,0.0,0.0,0.0,0.0,0,18,0,2000,case,20260927
task,niah_multi,,full_cache_correct,knorm,random,0.2,0.2,18,18,18,0,0,0.0,0.0,0.0,0.0,0.0,0,18,0,2000,case,20260927
task,niah_multi,,all,knorm,snapkv,0.2,0.2,18,18,18,0,0,0.0,0.1111111111111111,-0.1111111111111111,-0.2222222222222222,-0.027777777777777776,0,14,4,2000,case,20260927
task,niah_multi,,full_cache_correct,knorm,snapkv,0.2,0.2,18,18,18,0,0,0.0,0.1111111111111111,-0.1111111111111111,-0.2222222222222222,-0.027777777777777776,0,14,4,2000,case,20260927
task,niah_multi,,all,knorm,streaming,0.2,0.2,18,18,18,0,0,0.0,0.3333333333333333,-0.3333333333333333,-0.4444444444444444,-0.2222222222222222,0,6,12,2000,case,20260927
task,niah_multi,,full_cache_correct,knorm,streaming,0.2,0.2,18,18,18,0,0,0.0,0.3333333333333333,-0.3333333333333333,-0.4444444444444444,-0.2222222222222222,0,6,12,2000,case,20260927
task,niah_multi,,all,knorm,svdd,0.2,0.2,18,18,18,0,0,0.0,0.4166666666666667,-0.4166666666666667,-0.5555555555555556,-0.2777777777777778,0,5,13,2000,case,20260927
task,niah_multi,,full_cache_correct,knorm,svdd,0.2,0.2,18,18,18,0,0,0.0,0.4166666666666667,-0.4166666666666667,-0.5555555555555556,-0.2777777777777778,0,5,13,2000,case,20260927
task,niah_multi,,all,knorm,svdd_prerope,0.2,0.2,18,18,18,0,0,0.0,0.3611111111111111,-0.3611111111111111,-0.5006944444444444,-0.2222222222222222,0,7,11,2000,case,20260927
task,niah_multi,,full_cache_correct,knorm,svdd_prerope,0.2,0.2,18,18,18,0,0,0.0,0.3611111111111111,-0.3611111111111111,-0.5,-0.2222222222222222,0,7,11,2000,case,20260927
task,niah_multi,,all,knorm,full,0.5,1.0,18,18,18,0,0,0.05555555555555555,1.0,-0.9444444444444444,-1.0,-0.8611111111111112,0,0,18,2000,case,20260927
task,niah_multi,,full_cache_correct,knorm,full,0.5,1.0,18,18,18,0,0,0.05555555555555555,1.0,-0.9444444444444444,-1.0,-0.8611111111111112,0,0,18,2000,case,20260927
task,niah_multi,,all,knorm,keydiff,0.5,0.5,18,18,18,0,0,0.05555555555555555,1.0,-0.9444444444444444,-1.0,-0.8611111111111112,0,0,18,2000,case,20260927
task,niah_multi,,full_cache_correct,knorm,keydiff,0.5,0.5,18,18,18,0,0,0.05555555555555555,1.0,-0.9444444444444444,-1.0,-0.8611111111111112,0,0,18,2000,case,20260927
task,niah_multi,,all,knorm,leverage,0.5,0.5,18,18,18,0,0,0.05555555555555555,1.0,-0.9444444444444444,-1.0,-0.8611111111111112,0,0,18,2000,case,20260927
task,niah_multi,,full_cache_correct,knorm,leverage,0.5,0.5,18,18,18,0,0,0.05555555555555555,1.0,-0.9444444444444444,-1.0,-0.8611111111111112,0,0,18,2000,case,20260927
task,niah_multi,,all,knorm,random,0.5,0.5,18,18,18,0,0,0.05555555555555555,0.16666666666666666,-0.1111111111111111,-0.25,0.027777777777777776,2,10,6,2000,case,20260927
task,niah_multi,,full_cache_correct,knorm,random,0.5,0.5,18,18,18,0,0,0.05555555555555555,0.16666666666666666,-0.1111111111111111,-0.25,0.027777777777777776,2,10,6,2000,case,20260927
task,niah_multi,,all,knorm,snapkv,0.5,0.5,18,18,18,0,0,0.05555555555555555,0.2777777777777778,-0.2222222222222222,-0.3618055555555555,-0.05555555555555555,1,9,8,2000,case,20260927
task,niah_multi,,full_cache_correct,knorm,snapkv,0.5,0.5,18,18,18,0,0,0.05555555555555555,0.2777777777777778,-0.2222222222222222,-0.3888888888888889,-0.05555555555555555,1,9,8,2000,case,20260927
task,niah_multi,,all,knorm,streaming,0.5,0.5,18,18,18,0,0,0.05555555555555555,0.5,-0.4444444444444444,-0.5,-0.3611111111111111,0,2,16,2000,case,20260927
task,niah_multi,,full_cache_correct,knorm,streaming,0.5,0.5,18,18,18,0,0,0.05555555555555555,0.5,-0.4444444444444444,-0.5,-0.3611111111111111,0,2,16,2000,case,20260927
task,niah_multi,,all,knorm,svdd,0.5,0.5,18,18,18,0,0,0.05555555555555555,0.6666666666666666,-0.6111111111111112,-0.7222222222222222,-0.5,0,1,17,2000,case,20260927
task,niah_multi,,full_cache_correct,knorm,svdd,0.5,0.5,18,18,18,0,0,0.05555555555555555,0.6666666666666666,-0.6111111111111112,-0.7222222222222222,-0.5,0,1,17,2000,case,20260927
task,niah_multi,,all,knorm,svdd_prerope,0.5,0.5,18,18,18,0,0,0.05555555555555555,0.6111111111111112,-0.5555555555555556,-0.6666666666666666,-0.4444444444444444,0,1,17,2000,case,20260927
task,niah_multi,,full_cache_correct,knorm,svdd_prerope,0.5,0.5,18,18,18,0,0,0.05555555555555555,0.6111111111111112,-0.5555555555555556,-0.6666666666666666,-0.4444444444444444,0,1,17,2000,case,20260927
task,niah_multi,,all,leverage,full,0.1,1.0,18,18,18,0,0,0.9444444444444444,1.0,-0.05555555555555555,-0.1388888888888889,0.0,0,16,2,2000,case,20260927
task,niah_multi,,full_cache_correct,leverage,full,0.1,1.0,18,18,18,0,0,0.9444444444444444,1.0,-0.05555555555555555,-0.1388888888888889,0.0,0,16,2,2000,case,20260927
task,niah_multi,,all,leverage,keydiff,0.1,0.1,18,18,18,0,0,0.9444444444444444,0.9722222222222222,-0.027777777777777776,-0.1118055555555555,0.05555555555555555,1,15,2,2000,case,20260927
task,niah_multi,,full_cache_correct,leverage,keydiff,0.1,0.1,18,18,18,0,0,0.9444444444444444,0.9722222222222222,-0.027777777777777776,-0.1111111111111111,0.05555555555555555,1,15,2,2000,case,20260927
task,niah_multi,,all,leverage,knorm,0.1,0.1,18,18,18,0,0,0.9444444444444444,0.0,0.9444444444444444,0.8611111111111112,1.0,18,0,0,2000,case,20260927
task,niah_multi,,full_cache_correct,leverage,knorm,0.1,0.1,18,18,18,0,0,0.9444444444444444,0.0,0.9444444444444444,0.8611111111111112,1.0,18,0,0,2000,case,20260927
task,niah_multi,,all,leverage,random,0.1,0.1,18,18,18,0,0,0.9444444444444444,0.0,0.9444444444444444,0.8611111111111112,1.0,18,0,0,2000,case,20260927
task,niah_multi,,full_cache_correct,leverage,random,0.1,0.1,18,18,18,0,0,0.9444444444444444,0.0,0.9444444444444444,0.8611111111111112,1.0,18,0,0,2000,case,20260927
task,niah_multi,,all,leverage,snapkv,0.1,0.1,18,18,18,0,0,0.9444444444444444,0.0,0.9444444444444444,0.8611111111111112,1.0,18,0,0,2000,case,20260927
task,niah_multi,,full_cache_correct,leverage,snapkv,0.1,0.1,18,18,18,0,0,0.9444444444444444,0.0,0.9444444444444444,0.8611111111111112,1.0,18,0,0,2000,case,20260927
task,niah_multi,,all,leverage,streaming,0.1,0.1,18,18,18,0,0,0.9444444444444444,0.0,0.9444444444444444,0.8611111111111112,1.0,18,0,0,2000,case,20260927
task,niah_multi,,full_cache_correct,leverage,streaming,0.1,0.1,18,18,18,0,0,0.9444444444444444,0.0,0.9444444444444444,0.8611111111111112,1.0,18,0,0,2000,case,20260927
task,niah_multi,,all,leverage,svdd,0.1,0.1,18,18,18,0,0,0.9444444444444444,0.1388888888888889,0.8055555555555556,0.6944444444444444,0.9166666666666666,18,0,0,2000,case,20260927
task,niah_multi,,full_cache_correct,leverage,svdd,0.1,0.1,18,18,18,0,0,0.9444444444444444,0.1388888888888889,0.8055555555555556,0.6944444444444444,0.9166666666666666,18,0,0,2000,case,20260927
task,niah_multi,,all,leverage,svdd_prerope,0.1,0.1,18,18,18,0,0,0.9444444444444444,0.1388888888888889,0.8055555555555556,0.6944444444444444,0.9166666666666666,18,0,0,2000,case,20260927
task,niah_multi,,full_cache_correct,leverage,svdd_prerope,0.1,0.1,18,18,18,0,0,0.9444444444444444,0.1388888888888889,0.8055555555555556,0.6944444444444444,0.9166666666666666,18,0,0,2000,case,20260927
task,niah_multi,,all,leverage,full,0.2,1.0,18,18,18,0,0,1.0,1.0,0.0,0.0,0.0,0,18,0,2000,case,20260927
task,niah_multi,,full_cache_correct,leverage,full,0.2,1.0,18,18,18,0,0,1.0,1.0,0.0,0.0,0.0,0,18,0,2000,case,20260927
task,niah_multi,,all,leverage,keydiff,0.2,0.2,18,18,18,0,0,1.0,1.0,0.0,0.0,0.0,0,18,0,2000,case,20260927
task,niah_multi,,full_cache_correct,leverage,keydiff,0.2,0.2,18,18,18,0,0,1.0,1.0,0.0,0.0,0.0,0,18,0,2000,case,20260927
task,niah_multi,,all,leverage,knorm,0.2,0.2,18,18,18,0,0,1.0,0.0,1.0,1.0,1.0,18,0,0,2000,case,20260927
task,niah_multi,,full_cache_correct,leverage,knorm,0.2,0.2,18,18,18,0,0,1.0,0.0,1.0,1.0,1.0,18,0,0,2000,case,20260927
task,niah_multi,,all,leverage,random,0.2,0.2,18,18,18,0,0,1.0,0.0,1.0,1.0,1.0,18,0,0,2000,case,20260927
task,niah_multi,,full_cache_correct,leverage,random,0.2,0.2,18,18,18,0,0,1.0,0.0,1.0,1.0,1.0,18,0,0,2000,case,20260927
task,niah_multi,,all,leverage,snapkv,0.2,0.2,18,18,18,0,0,1.0,0.1111111111111111,0.8888888888888888,0.7777777777777778,0.9722222222222222,18,0,0,2000,case,20260927
task,niah_multi,,full_cache_correct,leverage,snapkv,0.2,0.2,18,18,18,0,0,1.0,0.1111111111111111,0.8888888888888888,0.7777777777777778,0.9722222222222222,18,0,0,2000,case,20260927
task,niah_multi,,all,leverage,streaming,0.2,0.2,18,18,18,0,0,1.0,0.3333333333333333,0.6666666666666666,0.5555555555555556,0.7777777777777778,18,0,0,2000,case,20260927
task,niah_multi,,full_cache_correct,leverage,streaming,0.2,0.2,18,18,18,0,0,1.0,0.3333333333333333,0.6666666666666666,0.5555555555555556,0.7777777777777778,18,0,0,2000,case,20260927
task,niah_multi,,all,leverage,svdd,0.2,0.2,18,18,18,0,0,1.0,0.4166666666666667,0.5833333333333334,0.4444444444444444,0.7222222222222222,16,2,0,2000,case,20260927
task,niah_multi,,full_cache_correct,leverage,svdd,0.2,0.2,18,18,18,0,0,1.0,0.4166666666666667,0.5833333333333334,0.4444444444444444,0.7222222222222222,16,2,0,2000,case,20260927
task,niah_multi,,all,leverage,svdd_prerope,0.2,0.2,18,18,18,0,0,1.0,0.3611111111111111,0.6388888888888888,0.4993055555555556,0.7777777777777778,16,2,0,2000,case,20260927
task,niah_multi,,full_cache_correct,leverage,svdd_prerope,0.2,0.2,18,18,18,0,0,1.0,0.3611111111111111,0.6388888888888888,0.5,0.7784722222222185,16,2,0,2000,case,20260927
task,niah_multi,,all,leverage,full,0.5,1.0,18,18,18,0,0,1.0,1.0,0.0,0.0,0.0,0,18,0,2000,case,20260927
task,niah_multi,,full_cache_correct,leverage,full,0.5,1.0,18,18,18,0,0,1.0,1.0,0.0,0.0,0.0,0,18,0,2000,case,20260927
task,niah_multi,,all,leverage,keydiff,0.5,0.5,18,18,18,0,0,1.0,1.0,0.0,0.0,0.0,0,18,0,2000,case,20260927
task,niah_multi,,full_cache_correct,leverage,keydiff,0.5,0.5,18,18,18,0,0,1.0,1.0,0.0,0.0,0.0,0,18,0,2000,case,20260927
task,niah_multi,,all,leverage,knorm,0.5,0.5,18,18,18,0,0,1.0,0.05555555555555555,0.9444444444444444,0.8611111111111112,1.0,18,0,0,2000,case,20260927
task,niah_multi,,full_cache_correct,leverage,knorm,0.5,0.5,18,18,18,0,0,1.0,0.05555555555555555,0.9444444444444444,0.8611111111111112,1.0,18,0,0,2000,case,20260927
task,niah_multi,,all,leverage,random,0.5,0.5,18,18,18,0,0,1.0,0.16666666666666666,0.8333333333333334,0.7222222222222222,0.9444444444444444,18,0,0,2000,case,20260927
task,niah_multi,,full_cache_correct,leverage,random,0.5,0.5,18,18,18,0,0,1.0,0.16666666666666666,0.8333333333333334,0.7222222222222222,0.9444444444444444,18,0,0,2000,case,20260927
task,niah_multi,,all,leverage,snapkv,0.5,0.5,18,18,18,0,0,1.0,0.2777777777777778,0.7222222222222222,0.5555555555555556,0.8611111111111112,16,2,0,2000,case,20260927
task,niah_multi,,full_cache_correct,leverage,snapkv,0.5,0.5,18,18,18,0,0,1.0,0.2777777777777778,0.7222222222222222,0.5555555555555556,0.8611111111111112,16,2,0,2000,case,20260927
task,niah_multi,,all,leverage,streaming,0.5,0.5,18,18,18,0,0,1.0,0.5,0.5,0.5,0.5,18,0,0,2000,case,20260927
task,niah_multi,,full_cache_correct,leverage,streaming,0.5,0.5,18,18,18,0,0,1.0,0.5,0.5,0.5,0.5,18,0,0,2000,case,20260927
task,niah_multi,,all,leverage,svdd,0.5,0.5,18,18,18,0,0,1.0,0.6666666666666666,0.3333333333333333,0.2222222222222222,0.4444444444444444,12,6,0,2000,case,20260927
task,niah_multi,,full_cache_correct,leverage,svdd,0.5,0.5,18,18,18,0,0,1.0,0.6666666666666666,0.3333333333333333,0.2222222222222222,0.4444444444444444,12,6,0,2000,case,20260927
task,niah_multi,,all,leverage,svdd_prerope,0.5,0.5,18,18,18,0,0,1.0,0.6111111111111112,0.3888888888888889,0.2777777777777778,0.4722222222222222,14,4,0,2000,case,20260927
task,niah_multi,,full_cache_correct,leverage,svdd_prerope,0.5,0.5,18,18,18,0,0,1.0,0.6111111111111112,0.3888888888888889,0.2777777777777778,0.4722222222222222,14,4,0,2000,case,20260927
task,niah_multi,,all,random,full,0.1,1.0,18,18,18,0,0,0.0,1.0,-1.0,-1.0,-1.0,0,0,18,2000,case,20260927
task,niah_multi,,full_cache_correct,random,full,0.1,1.0,18,18,18,0,0,0.0,1.0,-1.0,-1.0,-1.0,0,0,18,2000,case,20260927
task,niah_multi,,all,random,keydiff,0.1,0.1,18,18,18,0,0,0.0,0.9722222222222222,-0.9722222222222222,-1.0,-0.9166666666666666,0,0,18,2000,case,20260927
task,niah_multi,,full_cache_correct,random,keydiff,0.1,0.1,18,18,18,0,0,0.0,0.9722222222222222,-0.9722222222222222,-1.0,-0.9166666666666666,0,0,18,2000,case,20260927
task,niah_multi,,all,random,knorm,0.1,0.1,18,18,18,0,0,0.0,0.0,0.0,0.0,0.0,0,18,0,2000,case,20260927
task,niah_multi,,full_cache_correct,random,knorm,0.1,0.1,18,18,18,0,0,0.0,0.0,0.0,0.0,0.0,0,18,0,2000,case,20260927
task,niah_multi,,all,random,leverage,0.1,0.1,18,18,18,0,0,0.0,0.9444444444444444,-0.9444444444444444,-1.0,-0.8611111111111112,0,0,18,2000,case,20260927
task,niah_multi,,full_cache_correct,random,leverage,0.1,0.1,18,18,18,0,0,0.0,0.9444444444444444,-0.9444444444444444,-1.0,-0.8611111111111112,0,0,18,2000,case,20260927
task,niah_multi,,all,random,snapkv,0.1,0.1,18,18,18,0,0,0.0,0.0,0.0,0.0,0.0,0,18,0,2000,case,20260927
task,niah_multi,,full_cache_correct,random,snapkv,0.1,0.1,18,18,18,0,0,0.0,0.0,0.0,0.0,0.0,0,18,0,2000,case,20260927
task,niah_multi,,all,random,streaming,0.1,0.1,18,18,18,0,0,0.0,0.0,0.0,0.0,0.0,0,18,0,2000,case,20260927
task,niah_multi,,full_cache_correct,random,streaming,0.1,0.1,18,18,18,0,0,0.0,0.0,0.0,0.0,0.0,0,18,0,2000,case,20260927
task,niah_multi,,all,random,svdd,0.1,0.1,18,18,18,0,0,0.0,0.1388888888888889,-0.1388888888888889,-0.25,-0.027777777777777776,0,13,5,2000,case,20260927
task,niah_multi,,full_cache_correct,random,svdd,0.1,0.1,18,18,18,0,0,0.0,0.1388888888888889,-0.1388888888888889,-0.25,-0.05555555555555555,0,13,5,2000,case,20260927
task,niah_multi,,all,random,svdd_prerope,0.1,0.1,18,18,18,0,0,0.0,0.1388888888888889,-0.1388888888888889,-0.25,-0.027777777777777776,0,13,5,2000,case,20260927
task,niah_multi,,full_cache_correct,random,svdd_prerope,0.1,0.1,18,18,18,0,0,0.0,0.1388888888888889,-0.1388888888888889,-0.25,-0.05555555555555555,0,13,5,2000,case,20260927
task,niah_multi,,all,random,full,0.2,1.0,18,18,18,0,0,0.0,1.0,-1.0,-1.0,-1.0,0,0,18,2000,case,20260927
task,niah_multi,,full_cache_correct,random,full,0.2,1.0,18,18,18,0,0,0.0,1.0,-1.0,-1.0,-1.0,0,0,18,2000,case,20260927
task,niah_multi,,all,random,keydiff,0.2,0.2,18,18,18,0,0,0.0,1.0,-1.0,-1.0,-1.0,0,0,18,2000,case,20260927
task,niah_multi,,full_cache_correct,random,keydiff,0.2,0.2,18,18,18,0,0,0.0,1.0,-1.0,-1.0,-1.0,0,0,18,2000,case,20260927
task,niah_multi,,all,random,knorm,0.2,0.2,18,18,18,0,0,0.0,0.0,0.0,0.0,0.0,0,18,0,2000,case,20260927
task,niah_multi,,full_cache_correct,random,knorm,0.2,0.2,18,18,18,0,0,0.0,0.0,0.0,0.0,0.0,0,18,0,2000,case,20260927
task,niah_multi,,all,random,leverage,0.2,0.2,18,18,18,0,0,0.0,1.0,-1.0,-1.0,-1.0,0,0,18,2000,case,20260927
task,niah_multi,,full_cache_correct,random,leverage,0.2,0.2,18,18,18,0,0,0.0,1.0,-1.0,-1.0,-1.0,0,0,18,2000,case,20260927
task,niah_multi,,all,random,snapkv,0.2,0.2,18,18,18,0,0,0.0,0.1111111111111111,-0.1111111111111111,-0.2222222222222222,-0.027777777777777776,0,14,4,2000,case,20260927
task,niah_multi,,full_cache_correct,random,snapkv,0.2,0.2,18,18,18,0,0,0.0,0.1111111111111111,-0.1111111111111111,-0.2222222222222222,-0.027777777777777776,0,14,4,2000,case,20260927
task,niah_multi,,all,random,streaming,0.2,0.2,18,18,18,0,0,0.0,0.3333333333333333,-0.3333333333333333,-0.4444444444444444,-0.2222222222222222,0,6,12,2000,case,20260927
task,niah_multi,,full_cache_correct,random,streaming,0.2,0.2,18,18,18,0,0,0.0,0.3333333333333333,-0.3333333333333333,-0.4444444444444444,-0.2222222222222222,0,6,12,2000,case,20260927
task,niah_multi,,all,random,svdd,0.2,0.2,18,18,18,0,0,0.0,0.4166666666666667,-0.4166666666666667,-0.5555555555555556,-0.2777777777777778,0,5,13,2000,case,20260927
task,niah_multi,,full_cache_correct,random,svdd,0.2,0.2,18,18,18,0,0,0.0,0.4166666666666667,-0.4166666666666667,-0.5555555555555556,-0.2777777777777778,0,5,13,2000,case,20260927
task,niah_multi,,all,random,svdd_prerope,0.2,0.2,18,18,18,0,0,0.0,0.3611111111111111,-0.3611111111111111,-0.5006944444444444,-0.2222222222222222,0,7,11,2000,case,20260927
task,niah_multi,,full_cache_correct,random,svdd_prerope,0.2,0.2,18,18,18,0,0,0.0,0.3611111111111111,-0.3611111111111111,-0.5277777777777778,-0.2222222222222222,0,7,11,2000,case,20260927
task,niah_multi,,all,random,full,0.5,1.0,18,18,18,0,0,0.16666666666666666,1.0,-0.8333333333333334,-0.9444444444444444,-0.7222222222222222,0,0,18,2000,case,20260927
task,niah_multi,,full_cache_correct,random,full,0.5,1.0,18,18,18,0,0,0.16666666666666666,1.0,-0.8333333333333334,-0.9444444444444444,-0.7222222222222222,0,0,18,2000,case,20260927
task,niah_multi,,all,random,keydiff,0.5,0.5,18,18,18,0,0,0.16666666666666666,1.0,-0.8333333333333334,-0.9444444444444444,-0.7222222222222222,0,0,18,2000,case,20260927
task,niah_multi,,full_cache_correct,random,keydiff,0.5,0.5,18,18,18,0,0,0.16666666666666666,1.0,-0.8333333333333334,-0.9444444444444444,-0.7222222222222222,0,0,18,2000,case,20260927
task,niah_multi,,all,random,knorm,0.5,0.5,18,18,18,0,0,0.16666666666666666,0.05555555555555555,0.1111111111111111,-0.027777777777777776,0.25,6,10,2,2000,case,20260927
task,niah_multi,,full_cache_correct,random,knorm,0.5,0.5,18,18,18,0,0,0.16666666666666666,0.05555555555555555,0.1111111111111111,-0.027777777777777776,0.25,6,10,2,2000,case,20260927
task,niah_multi,,all,random,leverage,0.5,0.5,18,18,18,0,0,0.16666666666666666,1.0,-0.8333333333333334,-0.9444444444444444,-0.7222222222222222,0,0,18,2000,case,20260927
task,niah_multi,,full_cache_correct,random,leverage,0.5,0.5,18,18,18,0,0,0.16666666666666666,1.0,-0.8333333333333334,-0.9444444444444444,-0.7222222222222222,0,0,18,2000,case,20260927
task,niah_multi,,all,random,snapkv,0.5,0.5,18,18,18,0,0,0.16666666666666666,0.2777777777777778,-0.1111111111111111,-0.3055555555555556,0.05555555555555555,2,11,5,2000,case,20260927
task,niah_multi,,full_cache_correct,random,snapkv,0.5,0.5,18,18,18,0,0,0.16666666666666666,0.2777777777777778,-0.1111111111111111,-0.2777777777777778,0.05555555555555555,2,11,5,2000,case,20260927
task,niah_multi,,all,random,streaming,0.5,0.5,18,18,18,0,0,0.16666666666666666,0.5,-0.3333333333333333,-0.4444444444444444,-0.2222222222222222,0,6,12,2000,case,20260927
task,niah_multi,,full_cache_correct,random,streaming,0.5,0.5,18,18,18,0,0,0.16666666666666666,0.5,-0.3333333333333333,-0.4444444444444444,-0.2222222222222222,0,6,12,2000,case,20260927
task,niah_multi,,all,random,svdd,0.5,0.5,18,18,18,0,0,0.16666666666666666,0.6666666666666666,-0.5,-0.6666666666666666,-0.3333333333333333,0,5,13,2000,case,20260927
task,niah_multi,,full_cache_correct,random,svdd,0.5,0.5,18,18,18,0,0,0.16666666666666666,0.6666666666666666,-0.5,-0.6666666666666666,-0.3333333333333333,0,5,13,2000,case,20260927
task,niah_multi,,all,random,svdd_prerope,0.5,0.5,18,18,18,0,0,0.16666666666666666,0.6111111111111112,-0.4444444444444444,-0.6111111111111112,-0.3055555555555556,0,5,13,2000,case,20260927
task,niah_multi,,full_cache_correct,random,svdd_prerope,0.5,0.5,18,18,18,0,0,0.16666666666666666,0.6111111111111112,-0.4444444444444444,-0.5840277777777778,-0.3055555555555556,0,5,13,2000,case,20260927
task,niah_multi,,all,snapkv,full,0.1,1.0,18,18,18,0,0,0.0,1.0,-1.0,-1.0,-1.0,0,0,18,2000,case,20260927
task,niah_multi,,full_cache_correct,snapkv,full,0.1,1.0,18,18,18,0,0,0.0,1.0,-1.0,-1.0,-1.0,0,0,18,2000,case,20260927
task,niah_multi,,all,snapkv,keydiff,0.1,0.1,18,18,18,0,0,0.0,0.9722222222222222,-0.9722222222222222,-1.0,-0.9166666666666666,0,0,18,2000,case,20260927
task,niah_multi,,full_cache_correct,snapkv,keydiff,0.1,0.1,18,18,18,0,0,0.0,0.9722222222222222,-0.9722222222222222,-1.0,-0.9166666666666666,0,0,18,2000,case,20260927
task,niah_multi,,all,snapkv,knorm,0.1,0.1,18,18,18,0,0,0.0,0.0,0.0,0.0,0.0,0,18,0,2000,case,20260927
task,niah_multi,,full_cache_correct,snapkv,knorm,0.1,0.1,18,18,18,0,0,0.0,0.0,0.0,0.0,0.0,0,18,0,2000,case,20260927
task,niah_multi,,all,snapkv,leverage,0.1,0.1,18,18,18,0,0,0.0,0.9444444444444444,-0.9444444444444444,-1.0,-0.8611111111111112,0,0,18,2000,case,20260927
task,niah_multi,,full_cache_correct,snapkv,leverage,0.1,0.1,18,18,18,0,0,0.0,0.9444444444444444,-0.9444444444444444,-1.0,-0.8611111111111112,0,0,18,2000,case,20260927
task,niah_multi,,all,snapkv,random,0.1,0.1,18,18,18,0,0,0.0,0.0,0.0,0.0,0.0,0,18,0,2000,case,20260927
task,niah_multi,,full_cache_correct,snapkv,random,0.1,0.1,18,18,18,0,0,0.0,0.0,0.0,0.0,0.0,0,18,0,2000,case,20260927
task,niah_multi,,all,snapkv,streaming,0.1,0.1,18,18,18,0,0,0.0,0.0,0.0,0.0,0.0,0,18,0,2000,case,20260927
task,niah_multi,,full_cache_correct,snapkv,streaming,0.1,0.1,18,18,18,0,0,0.0,0.0,0.0,0.0,0.0,0,18,0,2000,case,20260927
task,niah_multi,,all,snapkv,svdd,0.1,0.1,18,18,18,0,0,0.0,0.1388888888888889,-0.1388888888888889,-0.25,-0.0548611111111149,0,13,5,2000,case,20260927
task,niah_multi,,full_cache_correct,snapkv,svdd,0.1,0.1,18,18,18,0,0,0.0,0.1388888888888889,-0.1388888888888889,-0.25,-0.027777777777777776,0,13,5,2000,case,20260927
task,niah_multi,,all,snapkv,svdd_prerope,0.1,0.1,18,18,18,0,0,0.0,0.1388888888888889,-0.1388888888888889,-0.25,-0.05555555555555555,0,13,5,2000,case,20260927
task,niah_multi,,full_cache_correct,snapkv,svdd_prerope,0.1,0.1,18,18,18,0,0,0.0,0.1388888888888889,-0.1388888888888889,-0.25,-0.027777777777777776,0,13,5,2000,case,20260927
task,niah_multi,,all,snapkv,full,0.2,1.0,18,18,18,0,0,0.1111111111111111,1.0,-0.8888888888888888,-0.9722222222222222,-0.7777777777777778,0,0,18,2000,case,20260927
task,niah_multi,,full_cache_correct,snapkv,full,0.2,1.0,18,18,18,0,0,0.1111111111111111,1.0,-0.8888888888888888,-0.9722222222222222,-0.7777777777777778,0,0,18,2000,case,20260927
task,niah_multi,,all,snapkv,keydiff,0.2,0.2,18,18,18,0,0,0.1111111111111111,1.0,-0.8888888888888888,-0.9722222222222222,-0.7777777777777778,0,0,18,2000,case,20260927
task,niah_multi,,full_cache_correct,snapkv,keydiff,0.2,0.2,18,18,18,0,0,0.1111111111111111,1.0,-0.8888888888888888,-0.9722222222222222,-0.7777777777777778,0,0,18,2000,case,20260927
task,niah_multi,,all,snapkv,knorm,0.2,0.2,18,18,18,0,0,0.1111111111111111,0.0,0.1111111111111111,0.027777777777777776,0.2222222222222222,4,14,0,2000,case,20260927
task,niah_multi,,full_cache_correct,snapkv,knorm,0.2,0.2,18,18,18,0,0,0.1111111111111111,0.0,0.1111111111111111,0.027777777777777776,0.2222222222222222,4,14,0,2000,case,20260927
task,niah_multi,,all,snapkv,leverage,0.2,0.2,18,18,18,0,0,0.1111111111111111,1.0,-0.8888888888888888,-0.9722222222222222,-0.8048611111111149,0,0,18,2000,case,20260927
task,niah_multi,,full_cache_correct,snapkv,leverage,0.2,0.2,18,18,18,0,0,0.1111111111111111,1.0,-0.8888888888888888,-0.9722222222222222,-0.7777777777777778,0,0,18,2000,case,20260927
task,niah_multi,,all,snapkv,random,0.2,0.2,18,18,18,0,0,0.1111111111111111,0.0,0.1111111111111111,0.027777777777777776,0.19444444444444445,4,14,0,2000,case,20260927
task,niah_multi,,full_cache_correct,snapkv,random,0.2,0.2,18,18,18,0,0,0.1111111111111111,0.0,0.1111111111111111,0.027777777777777776,0.2222222222222222,4,14,0,2000,case,20260927
task,niah_multi,,all,snapkv,streaming,0.2,0.2,18,18,18,0,0,0.1111111111111111,0.3333333333333333,-0.2222222222222222,-0.3333333333333333,-0.1111111111111111,0,10,8,2000,case,20260927
task,niah_multi,,full_cache_correct,snapkv,streaming,0.2,0.2,18,18,18,0,0,0.1111111111111111,0.3333333333333333,-0.2222222222222222,-0.3333333333333333,-0.1111111111111111,0,10,8,2000,case,20260927
task,niah_multi,,all,snapkv,svdd,0.2,0.2,18,18,18,0,0,0.1111111111111111,0.4166666666666667,-0.3055555555555556,-0.4722222222222222,-0.1388888888888889,1,7,10,2000,case,20260927
task,niah_multi,,full_cache_correct,snapkv,svdd,0.2,0.2,18,18,18,0,0,0.1111111111111111,0.4166666666666667,-0.3055555555555556,-0.4722222222222222,-0.1388888888888889,1,7,10,2000,case,20260927
task,niah_multi,,all,snapkv,svdd_prerope,0.2,0.2,18,18,18,0,0,0.1111111111111111,0.3611111111111111,-0.25,-0.4444444444444444,-0.05555555555555555,2,7,9,2000,case,20260927
task,niah_multi,,full_cache_correct,snapkv,svdd_prerope,0.2,0.2,18,18,18,0,0,0.1111111111111111,0.3611111111111111,-0.25,-0.4444444444444444,-0.05555555555555555,2,7,9,2000,case,20260927
task,niah_multi,,all,snapkv,full,0.5,1.0,18,18,18,0,0,0.2777777777777778,1.0,-0.7222222222222222,-0.8611111111111112,-0.5555555555555556,0,2,16,2000,case,20260927
task,niah_multi,,full_cache_correct,snapkv,full,0.5,1.0,18,18,18,0,0,0.2777777777777778,1.0,-0.7222222222222222,-0.8888888888888888,-0.5555555555555556,0,2,16,2000,case,20260927
task,niah_multi,,all,snapkv,keydiff,0.5,0.5,18,18,18,0,0,0.2777777777777778,1.0,-0.7222222222222222,-0.8888888888888888,-0.5555555555555556,0,2,16,2000,case,20260927
task,niah_multi,,full_cache_correct,snapkv,keydiff,0.5,0.5,18,18,18,0,0,0.2777777777777778,1.0,-0.7222222222222222,-0.8611111111111112,-0.5555555555555556,0,2,16,2000,case,20260927
task,niah_multi,,all,snapkv,knorm,0.5,0.5,18,18,18,0,0,0.2777777777777778,0.05555555555555555,0.2222222222222222,0.08333333333333333,0.3888888888888889,8,9,1,2000,case,20260927
task,niah_multi,,full_cache_correct,snapkv,knorm,0.5,0.5,18,18,18,0,0,0.2777777777777778,0.05555555555555555,0.2222222222222222,0.05555555555555555,0.3888888888888889,8,9,1,2000,case,20260927
task,niah_multi,,all,snapkv,leverage,0.5,0.5,18,18,18,0,0,0.2777777777777778,1.0,-0.7222222222222222,-0.8611111111111112,-0.5555555555555556,0,2,16,2000,case,20260927
task,niah_multi,,full_cache_correct,snapkv,leverage,0.5,0.5,18,18,18,0,0,0.2777777777777778,1.0,-0.7222222222222222,-0.8611111111111112,-0.5555555555555556,0,2,16,2000,case,20260927
task,niah_multi,,all,snapkv,random,0.5,0.5,18,18,18,0,0,0.2777777777777778,0.16666666666666666,0.1111111111111111,-0.027777777777777776,0.2777777777777778,5,11,2,2000,case,20260927
task,niah_multi,,full_cache_correct,snapkv,random,0.5,0.5,18,18,18,0,0,0.2777777777777778,0.16666666666666666,0.1111111111111111,-0.05555555555555555,0.2777777777777778,5,11,2,2000,case,20260927
task,niah_multi,,all,snapkv,streaming,0.5,0.5,18,18,18,0,0,0.2777777777777778,0.5,-0.2222222222222222,-0.3611111111111111,-0.05555555555555555,2,6,10,2000,case,20260927
task,niah_multi,,full_cache_correct,snapkv,streaming,0.5,0.5,18,18,18,0,0,0.2777777777777778,0.5,-0.2222222222222222,-0.3611111111111111,-0.05555555555555555,2,6,10,2000,case,20260927
task,niah_multi,,all,snapkv,svdd,0.5,0.5,18,18,18,0,0,0.2777777777777778,0.6666666666666666,-0.3888888888888889,-0.5833333333333334,-0.19444444444444445,2,4,12,2000,case,20260927
task,niah_multi,,full_cache_correct,snapkv,svdd,0.5,0.5,18,18,18,0,0,0.2777777777777778,0.6666666666666666,-0.3888888888888889,-0.6111111111111112,-0.19444444444444445,2,4,12,2000,case,20260927
task,niah_multi,,all,snapkv,svdd_prerope,0.5,0.5,18,18,18,0,0,0.2777777777777778,0.6111111111111112,-0.3333333333333333,-0.5277777777777778,-0.1388888888888889,2,5,11,2000,case,20260927
task,niah_multi,,full_cache_correct,snapkv,svdd_prerope,0.5,0.5,18,18,18,0,0,0.2777777777777778,0.6111111111111112,-0.3333333333333333,-0.5277777777777778,-0.1388888888888889,2,5,11,2000,case,20260927
task,niah_multi,,all,streaming,full,0.1,1.0,18,18,18,0,0,0.0,1.0,-1.0,-1.0,-1.0,0,0,18,2000,case,20260927
task,niah_multi,,full_cache_correct,streaming,full,0.1,1.0,18,18,18,0,0,0.0,1.0,-1.0,-1.0,-1.0,0,0,18,2000,case,20260927
task,niah_multi,,all,streaming,keydiff,0.1,0.1,18,18,18,0,0,0.0,0.9722222222222222,-0.9722222222222222,-1.0,-0.9166666666666666,0,0,18,2000,case,20260927
task,niah_multi,,full_cache_correct,streaming,keydiff,0.1,0.1,18,18,18,0,0,0.0,0.9722222222222222,-0.9722222222222222,-1.0,-0.9166666666666666,0,0,18,2000,case,20260927
task,niah_multi,,all,streaming,knorm,0.1,0.1,18,18,18,0,0,0.0,0.0,0.0,0.0,0.0,0,18,0,2000,case,20260927
task,niah_multi,,full_cache_correct,streaming,knorm,0.1,0.1,18,18,18,0,0,0.0,0.0,0.0,0.0,0.0,0,18,0,2000,case,20260927
task,niah_multi,,all,streaming,leverage,0.1,0.1,18,18,18,0,0,0.0,0.9444444444444444,-0.9444444444444444,-1.0,-0.8611111111111112,0,0,18,2000,case,20260927
task,niah_multi,,full_cache_correct,streaming,leverage,0.1,0.1,18,18,18,0,0,0.0,0.9444444444444444,-0.9444444444444444,-1.0,-0.8611111111111112,0,0,18,2000,case,20260927
task,niah_multi,,all,streaming,random,0.1,0.1,18,18,18,0,0,0.0,0.0,0.0,0.0,0.0,0,18,0,2000,case,20260927
task,niah_multi,,full_cache_correct,streaming,random,0.1,0.1,18,18,18,0,0,0.0,0.0,0.0,0.0,0.0,0,18,0,2000,case,20260927
task,niah_multi,,all,streaming,snapkv,0.1,0.1,18,18,18,0,0,0.0,0.0,0.0,0.0,0.0,0,18,0,2000,case,20260927
task,niah_multi,,full_cache_correct,streaming,snapkv,0.1,0.1,18,18,18,0,0,0.0,0.0,0.0,0.0,0.0,0,18,0,2000,case,20260927
task,niah_multi,,all,streaming,svdd,0.1,0.1,18,18,18,0,0,0.0,0.1388888888888889,-0.1388888888888889,-0.25,-0.05555555555555555,0,13,5,2000,case,20260927
task,niah_multi,,full_cache_correct,streaming,svdd,0.1,0.1,18,18,18,0,0,0.0,0.1388888888888889,-0.1388888888888889,-0.25,-0.027777777777777776,0,13,5,2000,case,20260927
task,niah_multi,,all,streaming,svdd_prerope,0.1,0.1,18,18,18,0,0,0.0,0.1388888888888889,-0.1388888888888889,-0.25,-0.05555555555555555,0,13,5,2000,case,20260927
task,niah_multi,,full_cache_correct,streaming,svdd_prerope,0.1,0.1,18,18,18,0,0,0.0,0.1388888888888889,-0.1388888888888889,-0.25,-0.027777777777777776,0,13,5,2000,case,20260927
task,niah_multi,,all,streaming,full,0.2,1.0,18,18,18,0,0,0.3333333333333333,1.0,-0.6666666666666666,-0.7777777777777778,-0.5555555555555556,0,0,18,2000,case,20260927
task,niah_multi,,full_cache_correct,streaming,full,0.2,1.0,18,18,18,0,0,0.3333333333333333,1.0,-0.6666666666666666,-0.7777777777777778,-0.5555555555555556,0,0,18,2000,case,20260927
task,niah_multi,,all,streaming,keydiff,0.2,0.2,18,18,18,0,0,0.3333333333333333,1.0,-0.6666666666666666,-0.7777777777777778,-0.5555555555555556,0,0,18,2000,case,20260927
task,niah_multi,,full_cache_correct,streaming,keydiff,0.2,0.2,18,18,18,0,0,0.3333333333333333,1.0,-0.6666666666666666,-0.7777777777777778,-0.5555555555555556,0,0,18,2000,case,20260927
task,niah_multi,,all,streaming,knorm,0.2,0.2,18,18,18,0,0,0.3333333333333333,0.0,0.3333333333333333,0.2222222222222222,0.4444444444444444,12,6,0,2000,case,20260927
task,niah_multi,,full_cache_correct,streaming,knorm,0.2,0.2,18,18,18,0,0,0.3333333333333333,0.0,0.3333333333333333,0.2222222222222222,0.4444444444444444,12,6,0,2000,case,20260927
task,niah_multi,,all,streaming,leverage,0.2,0.2,18,18,18,0,0,0.3333333333333333,1.0,-0.6666666666666666,-0.7777777777777778,-0.5555555555555556,0,0,18,2000,case,20260927
task,niah_multi,,full_cache_correct,streaming,leverage,0.2,0.2,18,18,18,0,0,0.3333333333333333,1.0,-0.6666666666666666,-0.7777777777777778,-0.5555555555555556,0,0,18,2000,case,20260927
task,niah_multi,,all,streaming,random,0.2,0.2,18,18,18,0,0,0.3333333333333333,0.0,0.3333333333333333,0.2222222222222222,0.4444444444444444,12,6,0,2000,case,20260927
task,niah_multi,,full_cache_correct,streaming,random,0.2,0.2,18,18,18,0,0,0.3333333333333333,0.0,0.3333333333333333,0.2222222222222222,0.4444444444444444,12,6,0,2000,case,20260927
task,niah_multi,,all,streaming,snapkv,0.2,0.2,18,18,18,0,0,0.3333333333333333,0.1111111111111111,0.2222222222222222,0.1111111111111111,0.3333333333333333,8,10,0,2000,case,20260927
task,niah_multi,,full_cache_correct,streaming,snapkv,0.2,0.2,18,18,18,0,0,0.3333333333333333,0.1111111111111111,0.2222222222222222,0.1111111111111111,0.3333333333333333,8,10,0,2000,case,20260927
task,niah_multi,,all,streaming,svdd,0.2,0.2,18,18,18,0,0,0.3333333333333333,0.4166666666666667,-0.08333333333333333,-0.2777777777777778,0.1111111111111111,5,6,7,2000,case,20260927
task,niah_multi,,full_cache_correct,streaming,svdd,0.2,0.2,18,18,18,0,0,0.3333333333333333,0.4166666666666667,-0.08333333333333333,-0.3055555555555556,0.1111111111111111,5,6,7,2000,case,20260927
task,niah_multi,,all,streaming,svdd_prerope,0.2,0.2,18,18,18,0,0,0.3333333333333333,0.3611111111111111,-0.027777777777777776,-0.25,0.16666666666666666,6,6,6,2000,case,20260927
task,niah_multi,,full_cache_correct,streaming,svdd_prerope,0.2,0.2,18,18,18,0,0,0.3333333333333333,0.3611111111111111,-0.027777777777777776,-0.22291666666666662,0.19444444444444445,6,6,6,2000,case,20260927
task,niah_multi,,all,streaming,full,0.5,1.0,18,18,18,0,0,0.5,1.0,-0.5,-0.5,-0.5,0,0,18,2000,case,20260927
task,niah_multi,,full_cache_correct,streaming,full,0.5,1.0,18,18,18,0,0,0.5,1.0,-0.5,-0.5,-0.5,0,0,18,2000,case,20260927
task,niah_multi,,all,streaming,keydiff,0.5,0.5,18,18,18,0,0,0.5,1.0,-0.5,-0.5,-0.5,0,0,18,2000,case,20260927
task,niah_multi,,full_cache_correct,streaming,keydiff,0.5,0.5,18,18,18,0,0,0.5,1.0,-0.5,-0.5,-0.5,0,0,18,2000,case,20260927
task,niah_multi,,all,streaming,knorm,0.5,0.5,18,18,18,0,0,0.5,0.05555555555555555,0.4444444444444444,0.3611111111111111,0.5,16,2,0,2000,case,20260927
task,niah_multi,,full_cache_correct,streaming,knorm,0.5,0.5,18,18,18,0,0,0.5,0.05555555555555555,0.4444444444444444,0.3611111111111111,0.5,16,2,0,2000,case,20260927
task,niah_multi,,all,streaming,leverage,0.5,0.5,18,18,18,0,0,0.5,1.0,-0.5,-0.5,-0.5,0,0,18,2000,case,20260927
task,niah_multi,,full_cache_correct,streaming,leverage,0.5,0.5,18,18,18,0,0,0.5,1.0,-0.5,-0.5,-0.5,0,0,18,2000,case,20260927
task,niah_multi,,all,streaming,random,0.5,0.5,18,18,18,0,0,0.5,0.16666666666666666,0.3333333333333333,0.2222222222222222,0.4444444444444444,12,6,0,2000,case,20260927
task,niah_multi,,full_cache_correct,streaming,random,0.5,0.5,18,18,18,0,0,0.5,0.16666666666666666,0.3333333333333333,0.2222222222222222,0.4444444444444444,12,6,0,2000,case,20260927
task,niah_multi,,all,streaming,snapkv,0.5,0.5,18,18,18,0,0,0.5,0.2777777777777778,0.2222222222222222,0.05555555555555555,0.3611111111111111,10,6,2,2000,case,20260927
task,niah_multi,,full_cache_correct,streaming,snapkv,0.5,0.5,18,18,18,0,0,0.5,0.2777777777777778,0.2222222222222222,0.05555555555555555,0.3611111111111111,10,6,2,2000,case,20260927
task,niah_multi,,all,streaming,svdd,0.5,0.5,18,18,18,0,0,0.5,0.6666666666666666,-0.16666666666666666,-0.2777777777777778,-0.05555555555555555,0,12,6,2000,case,20260927
task,niah_multi,,full_cache_correct,streaming,svdd,0.5,0.5,18,18,18,0,0,0.5,0.6666666666666666,-0.16666666666666666,-0.2777777777777778,-0.08333333333333333,0,12,6,2000,case,20260927
task,niah_multi,,all,streaming,svdd_prerope,0.5,0.5,18,18,18,0,0,0.5,0.6111111111111112,-0.1111111111111111,-0.19444444444444445,-0.027777777777777776,0,14,4,2000,case,20260927
task,niah_multi,,full_cache_correct,streaming,svdd_prerope,0.5,0.5,18,18,18,0,0,0.5,0.6111111111111112,-0.1111111111111111,-0.2222222222222222,-0.027777777777777776,0,14,4,2000,case,20260927
task,niah_multi,,all,svdd,full,0.1,1.0,18,18,18,0,0,0.1388888888888889,1.0,-0.8611111111111112,-0.9722222222222222,-0.75,0,0,18,2000,case,20260927
task,niah_multi,,full_cache_correct,svdd,full,0.1,1.0,18,18,18,0,0,0.1388888888888889,1.0,-0.8611111111111112,-0.9444444444444444,-0.75,0,0,18,2000,case,20260927
task,niah_multi,,all,svdd,keydiff,0.1,0.1,18,18,18,0,0,0.1388888888888889,0.9722222222222222,-0.8333333333333334,-0.9444444444444444,-0.7222222222222222,0,0,18,2000,case,20260927
task,niah_multi,,full_cache_correct,svdd,keydiff,0.1,0.1,18,18,18,0,0,0.1388888888888889,0.9722222222222222,-0.8333333333333334,-0.9444444444444444,-0.7222222222222222,0,0,18,2000,case,20260927
task,niah_multi,,all,svdd,knorm,0.1,0.1,18,18,18,0,0,0.1388888888888889,0.0,0.1388888888888889,0.027777777777777776,0.25,5,13,0,2000,case,20260927
task,niah_multi,,full_cache_correct,svdd,knorm,0.1,0.1,18,18,18,0,0,0.1388888888888889,0.0,0.1388888888888889,0.05555555555555555,0.25,5,13,0,2000,case,20260927
task,niah_multi,,all,svdd,leverage,0.1,0.1,18,18,18,0,0,0.1388888888888889,0.9444444444444444,-0.8055555555555556,-0.9166666666666666,-0.6944444444444444,0,0,18,2000,case,20260927
task,niah_multi,,full_cache_correct,svdd,leverage,0.1,0.1,18,18,18,0,0,0.1388888888888889,0.9444444444444444,-0.8055555555555556,-0.9166666666666666,-0.6944444444444444,0,0,18,2000,case,20260927
task,niah_multi,,all,svdd,random,0.1,0.1,18,18,18,0,0,0.1388888888888889,0.0,0.1388888888888889,0.05555555555555555,0.25,5,13,0,2000,case,20260927
task,niah_multi,,full_cache_correct,svdd,random,0.1,0.1,18,18,18,0,0,0.1388888888888889,0.0,0.1388888888888889,0.027777777777777776,0.25,5,13,0,2000,case,20260927
task,niah_multi,,all,svdd,snapkv,0.1,0.1,18,18,18,0,0,0.1388888888888889,0.0,0.1388888888888889,0.05555555555555555,0.25,5,13,0,2000,case,20260927
task,niah_multi,,full_cache_correct,svdd,snapkv,0.1,0.1,18,18,18,0,0,0.1388888888888889,0.0,0.1388888888888889,0.05555555555555555,0.25,5,13,0,2000,case,20260927
task,niah_multi,,all,svdd,streaming,0.1,0.1,18,18,18,0,0,0.1388888888888889,0.0,0.1388888888888889,0.05555555555555555,0.25,5,13,0,2000,case,20260927
task,niah_multi,,full_cache_correct,svdd,streaming,0.1,0.1,18,18,18,0,0,0.1388888888888889,0.0,0.1388888888888889,0.027777777777777776,0.25,5,13,0,2000,case,20260927
task,niah_multi,,all,svdd,svdd_prerope,0.1,0.1,18,18,18,0,0,0.1388888888888889,0.1388888888888889,0.0,-0.08333333333333333,0.08333333333333333,1,16,1,2000,case,20260927
task,niah_multi,,full_cache_correct,svdd,svdd_prerope,0.1,0.1,18,18,18,0,0,0.1388888888888889,0.1388888888888889,0.0,-0.08333333333333333,0.08333333333333333,1,16,1,2000,case,20260927
task,niah_multi,,all,svdd,full,0.2,1.0,18,18,18,0,0,0.4166666666666667,1.0,-0.5833333333333334,-0.7222222222222222,-0.4444444444444444,0,2,16,2000,case,20260927
task,niah_multi,,full_cache_correct,svdd,full,0.2,1.0,18,18,18,0,0,0.4166666666666667,1.0,-0.5833333333333334,-0.7222222222222222,-0.4444444444444444,0,2,16,2000,case,20260927
task,niah_multi,,all,svdd,keydiff,0.2,0.2,18,18,18,0,0,0.4166666666666667,1.0,-0.5833333333333334,-0.7222222222222222,-0.4444444444444444,0,2,16,2000,case,20260927
task,niah_multi,,full_cache_correct,svdd,keydiff,0.2,0.2,18,18,18,0,0,0.4166666666666667,1.0,-0.5833333333333334,-0.7222222222222222,-0.4444444444444444,0,2,16,2000,case,20260927
task,niah_multi,,all,svdd,knorm,0.2,0.2,18,18,18,0,0,0.4166666666666667,0.0,0.4166666666666667,0.2777777777777778,0.5555555555555556,13,5,0,2000,case,20260927
task,niah_multi,,full_cache_correct,svdd,knorm,0.2,0.2,18,18,18,0,0,0.4166666666666667,0.0,0.4166666666666667,0.2777777777777778,0.5555555555555556,13,5,0,2000,case,20260927
task,niah_multi,,all,svdd,leverage,0.2,0.2,18,18,18,0,0,0.4166666666666667,1.0,-0.5833333333333334,-0.7222222222222222,-0.4444444444444444,0,2,16,2000,case,20260927
task,niah_multi,,full_cache_correct,svdd,leverage,0.2,0.2,18,18,18,0,0,0.4166666666666667,1.0,-0.5833333333333334,-0.7222222222222222,-0.4444444444444444,0,2,16,2000,case,20260927
task,niah_multi,,all,svdd,random,0.2,0.2,18,18,18,0,0,0.4166666666666667,0.0,0.4166666666666667,0.2777777777777778,0.5555555555555556,13,5,0,2000,case,20260927
task,niah_multi,,full_cache_correct,svdd,random,0.2,0.2,18,18,18,0,0,0.4166666666666667,0.0,0.4166666666666667,0.2777777777777778,0.5555555555555556,13,5,0,2000,case,20260927
task,niah_multi,,all,svdd,snapkv,0.2,0.2,18,18,18,0,0,0.4166666666666667,0.1111111111111111,0.3055555555555556,0.1388888888888889,0.4722222222222222,10,7,1,2000,case,20260927
task,niah_multi,,full_cache_correct,svdd,snapkv,0.2,0.2,18,18,18,0,0,0.4166666666666667,0.1111111111111111,0.3055555555555556,0.1111111111111111,0.4722222222222222,10,7,1,2000,case,20260927
task,niah_multi,,all,svdd,streaming,0.2,0.2,18,18,18,0,0,0.4166666666666667,0.3333333333333333,0.08333333333333333,-0.1111111111111111,0.3055555555555556,7,6,5,2000,case,20260927
task,niah_multi,,full_cache_correct,svdd,streaming,0.2,0.2,18,18,18,0,0,0.4166666666666667,0.3333333333333333,0.08333333333333333,-0.1111111111111111,0.3055555555555556,7,6,5,2000,case,20260927
task,niah_multi,,all,svdd,svdd_prerope,0.2,0.2,18,18,18,0,0,0.4166666666666667,0.3611111111111111,0.05555555555555555,-0.08333333333333333,0.19444444444444445,5,10,3,2000,case,20260927
task,niah_multi,,full_cache_correct,svdd,svdd_prerope,0.2,0.2,18,18,18,0,0,0.4166666666666667,0.3611111111111111,0.05555555555555555,-0.08333333333333333,0.19444444444444445,5,10,3,2000,case,20260927
task,niah_multi,,all,svdd,full,0.5,1.0,18,18,18,0,0,0.6666666666666666,1.0,-0.3333333333333333,-0.4166666666666667,-0.2222222222222222,0,6,12,2000,case,20260927
task,niah_multi,,full_cache_correct,svdd,full,0.5,1.0,18,18,18,0,0,0.6666666666666666,1.0,-0.3333333333333333,-0.4444444444444444,-0.2222222222222222,0,6,12,2000,case,20260927
task,niah_multi,,all,svdd,keydiff,0.5,0.5,18,18,18,0,0,0.6666666666666666,1.0,-0.3333333333333333,-0.4444444444444444,-0.2222222222222222,0,6,12,2000,case,20260927
task,niah_multi,,full_cache_correct,svdd,keydiff,0.5,0.5,18,18,18,0,0,0.6666666666666666,1.0,-0.3333333333333333,-0.4444444444444444,-0.2222222222222222,0,6,12,2000,case,20260927
task,niah_multi,,all,svdd,knorm,0.5,0.5,18,18,18,0,0,0.6666666666666666,0.05555555555555555,0.6111111111111112,0.5,0.7222222222222222,17,1,0,2000,case,20260927
task,niah_multi,,full_cache_correct,svdd,knorm,0.5,0.5,18,18,18,0,0,0.6666666666666666,0.05555555555555555,0.6111111111111112,0.5,0.7222222222222222,17,1,0,2000,case,20260927
task,niah_multi,,all,svdd,leverage,0.5,0.5,18,18,18,0,0,0.6666666666666666,1.0,-0.3333333333333333,-0.4444444444444444,-0.2222222222222222,0,6,12,2000,case,20260927
task,niah_multi,,full_cache_correct,svdd,leverage,0.5,0.5,18,18,18,0,0,0.6666666666666666,1.0,-0.3333333333333333,-0.4444444444444444,-0.2222222222222222,0,6,12,2000,case,20260927
task,niah_multi,,all,svdd,random,0.5,0.5,18,18,18,0,0,0.6666666666666666,0.16666666666666666,0.5,0.3333333333333333,0.6666666666666666,13,5,0,2000,case,20260927
task,niah_multi,,full_cache_correct,svdd,random,0.5,0.5,18,18,18,0,0,0.6666666666666666,0.16666666666666666,0.5,0.3333333333333333,0.6666666666666666,13,5,0,2000,case,20260927
task,niah_multi,,all,svdd,snapkv,0.5,0.5,18,18,18,0,0,0.6666666666666666,0.2777777777777778,0.3888888888888889,0.19444444444444445,0.5833333333333334,12,4,2,2000,case,20260927
task,niah_multi,,full_cache_correct,svdd,snapkv,0.5,0.5,18,18,18,0,0,0.6666666666666666,0.2777777777777778,0.3888888888888889,0.16666666666666666,0.5833333333333334,12,4,2,2000,case,20260927
task,niah_multi,,all,svdd,streaming,0.5,0.5,18,18,18,0,0,0.6666666666666666,0.5,0.16666666666666666,0.08333333333333333,0.2777777777777778,6,12,0,2000,case,20260927
task,niah_multi,,full_cache_correct,svdd,streaming,0.5,0.5,18,18,18,0,0,0.6666666666666666,0.5,0.16666666666666666,0.05555555555555555,0.2777777777777778,6,12,0,2000,case,20260927
task,niah_multi,,all,svdd,svdd_prerope,0.5,0.5,18,18,18,0,0,0.6666666666666666,0.6111111111111112,0.05555555555555555,-0.05555555555555555,0.16666666666666666,3,14,1,2000,case,20260927
task,niah_multi,,full_cache_correct,svdd,svdd_prerope,0.5,0.5,18,18,18,0,0,0.6666666666666666,0.6111111111111112,0.05555555555555555,-0.05555555555555555,0.16666666666666666,3,14,1,2000,case,20260927
task,niah_multi,,all,svdd_prerope,full,0.1,1.0,18,18,18,0,0,0.1388888888888889,1.0,-0.8611111111111112,-0.9444444444444444,-0.75,0,0,18,2000,case,20260927
task,niah_multi,,full_cache_correct,svdd_prerope,full,0.1,1.0,18,18,18,0,0,0.1388888888888889,1.0,-0.8611111111111112,-0.9444444444444444,-0.75,0,0,18,2000,case,20260927
task,niah_multi,,all,svdd_prerope,keydiff,0.1,0.1,18,18,18,0,0,0.1388888888888889,0.9722222222222222,-0.8333333333333334,-0.9444444444444444,-0.7222222222222222,0,0,18,2000,case,20260927
task,niah_multi,,full_cache_correct,svdd_prerope,keydiff,0.1,0.1,18,18,18,0,0,0.1388888888888889,0.9722222222222222,-0.8333333333333334,-0.9444444444444444,-0.7222222222222222,0,0,18,2000,case,20260927
task,niah_multi,,all,svdd_prerope,knorm,0.1,0.1,18,18,18,0,0,0.1388888888888889,0.0,0.1388888888888889,0.027777777777777776,0.25,5,13,0,2000,case,20260927
task,niah_multi,,full_cache_correct,svdd_prerope,knorm,0.1,0.1,18,18,18,0,0,0.1388888888888889,0.0,0.1388888888888889,0.05555555555555555,0.25,5,13,0,2000,case,20260927
task,niah_multi,,all,svdd_prerope,leverage,0.1,0.1,18,18,18,0,0,0.1388888888888889,0.9444444444444444,-0.8055555555555556,-0.9166666666666666,-0.6944444444444444,0,0,18,2000,case,20260927
task,niah_multi,,full_cache_correct,svdd_prerope,leverage,0.1,0.1,18,18,18,0,0,0.1388888888888889,0.9444444444444444,-0.8055555555555556,-0.9166666666666666,-0.6944444444444444,0,0,18,2000,case,20260927
task,niah_multi,,all,svdd_prerope,random,0.1,0.1,18,18,18,0,0,0.1388888888888889,0.0,0.1388888888888889,0.05555555555555555,0.25,5,13,0,2000,case,20260927
task,niah_multi,,full_cache_correct,svdd_prerope,random,0.1,0.1,18,18,18,0,0,0.1388888888888889,0.0,0.1388888888888889,0.027777777777777776,0.25,5,13,0,2000,case,20260927
task,niah_multi,,all,svdd_prerope,snapkv,0.1,0.1,18,18,18,0,0,0.1388888888888889,0.0,0.1388888888888889,0.05555555555555555,0.25,5,13,0,2000,case,20260927
task,niah_multi,,full_cache_correct,svdd_prerope,snapkv,0.1,0.1,18,18,18,0,0,0.1388888888888889,0.0,0.1388888888888889,0.027777777777777776,0.25,5,13,0,2000,case,20260927
task,niah_multi,,all,svdd_prerope,streaming,0.1,0.1,18,18,18,0,0,0.1388888888888889,0.0,0.1388888888888889,0.05555555555555555,0.25,5,13,0,2000,case,20260927
task,niah_multi,,full_cache_correct,svdd_prerope,streaming,0.1,0.1,18,18,18,0,0,0.1388888888888889,0.0,0.1388888888888889,0.05555555555555555,0.25,5,13,0,2000,case,20260927
task,niah_multi,,all,svdd_prerope,svdd,0.1,0.1,18,18,18,0,0,0.1388888888888889,0.1388888888888889,0.0,-0.08333333333333333,0.08333333333333333,1,16,1,2000,case,20260927
task,niah_multi,,full_cache_correct,svdd_prerope,svdd,0.1,0.1,18,18,18,0,0,0.1388888888888889,0.1388888888888889,0.0,-0.08333333333333333,0.08333333333333333,1,16,1,2000,case,20260927
task,niah_multi,,all,svdd_prerope,full,0.2,1.0,18,18,18,0,0,0.3611111111111111,1.0,-0.6388888888888888,-0.7777777777777778,-0.4722222222222222,0,2,16,2000,case,20260927
task,niah_multi,,full_cache_correct,svdd_prerope,full,0.2,1.0,18,18,18,0,0,0.3611111111111111,1.0,-0.6388888888888888,-0.8055555555555556,-0.5,0,2,16,2000,case,20260927
task,niah_multi,,all,svdd_prerope,keydiff,0.2,0.2,18,18,18,0,0,0.3611111111111111,1.0,-0.6388888888888888,-0.7777777777777778,-0.5,0,2,16,2000,case,20260927
task,niah_multi,,full_cache_correct,svdd_prerope,keydiff,0.2,0.2,18,18,18,0,0,0.3611111111111111,1.0,-0.6388888888888888,-0.7777777777777778,-0.4722222222222222,0,2,16,2000,case,20260927
task,niah_multi,,all,svdd_prerope,knorm,0.2,0.2,18,18,18,0,0,0.3611111111111111,0.0,0.3611111111111111,0.2222222222222222,0.5,11,7,0,2000,case,20260927
task,niah_multi,,full_cache_correct,svdd_prerope,knorm,0.2,0.2,18,18,18,0,0,0.3611111111111111,0.0,0.3611111111111111,0.2222222222222222,0.5,11,7,0,2000,case,20260927
task,niah_multi,,all,svdd_prerope,leverage,0.2,0.2,18,18,18,0,0,0.3611111111111111,1.0,-0.6388888888888888,-0.8055555555555556,-0.4722222222222222,0,2,16,2000,case,20260927
task,niah_multi,,full_cache_correct,svdd_prerope,leverage,0.2,0.2,18,18,18,0,0,0.3611111111111111,1.0,-0.6388888888888888,-0.8055555555555556,-0.4722222222222222,0,2,16,2000,case,20260927
task,niah_multi,,all,svdd_prerope,random,0.2,0.2,18,18,18,0,0,0.3611111111111111,0.0,0.3611111111111111,0.2222222222222222,0.5,11,7,0,2000,case,20260927
task,niah_multi,,full_cache_correct,svdd_prerope,random,0.2,0.2,18,18,18,0,0,0.3611111111111111,0.0,0.3611111111111111,0.2222222222222222,0.5,11,7,0,2000,case,20260927
task,niah_multi,,all,svdd_prerope,snapkv,0.2,0.2,18,18,18,0,0,0.3611111111111111,0.1111111111111111,0.25,0.05555555555555555,0.4444444444444444,9,7,2,2000,case,20260927
task,niah_multi,,full_cache_correct,svdd_prerope,snapkv,0.2,0.2,18,18,18,0,0,0.3611111111111111,0.1111111111111111,0.25,0.05555555555555555,0.4444444444444444,9,7,2,2000,case,20260927
task,niah_multi,,all,svdd_prerope,streaming,0.2,0.2,18,18,18,0,0,0.3611111111111111,0.3333333333333333,0.027777777777777776,-0.16736111111111107,0.25,6,6,6,2000,case,20260927
task,niah_multi,,full_cache_correct,svdd_prerope,streaming,0.2,0.2,18,18,18,0,0,0.3611111111111111,0.3333333333333333,0.027777777777777776,-0.16666666666666666,0.25,6,6,6,2000,case,20260927
task,niah_multi,,all,svdd_prerope,svdd,0.2,0.2,18,18,18,0,0,0.3611111111111111,0.4166666666666667,-0.05555555555555555,-0.19444444444444445,0.1111111111111111,3,10,5,2000,case,20260927
task,niah_multi,,full_cache_correct,svdd_prerope,svdd,0.2,0.2,18,18,18,0,0,0.3611111111111111,0.4166666666666667,-0.05555555555555555,-0.19513888888888886,0.08333333333333333,3,10,5,2000,case,20260927
task,niah_multi,,all,svdd_prerope,full,0.5,1.0,18,18,18,0,0,0.6111111111111112,1.0,-0.3888888888888889,-0.4722222222222222,-0.2777777777777778,0,4,14,2000,case,20260927
task,niah_multi,,full_cache_correct,svdd_prerope,full,0.5,1.0,18,18,18,0,0,0.6111111111111112,1.0,-0.3888888888888889,-0.4722222222222222,-0.3048611111111149,0,4,14,2000,case,20260927
task,niah_multi,,all,svdd_prerope,keydiff,0.5,0.5,18,18,18,0,0,0.6111111111111112,1.0,-0.3888888888888889,-0.4722222222222222,-0.3055555555555556,0,4,14,2000,case,20260927
task,niah_multi,,full_cache_correct,svdd_prerope,keydiff,0.5,0.5,18,18,18,0,0,0.6111111111111112,1.0,-0.3888888888888889,-0.4722222222222222,-0.2777777777777778,0,4,14,2000,case,20260927
task,niah_multi,,all,svdd_prerope,knorm,0.5,0.5,18,18,18,0,0,0.6111111111111112,0.05555555555555555,0.5555555555555556,0.4444444444444444,0.6666666666666666,17,1,0,2000,case,20260927
task,niah_multi,,full_cache_correct,svdd_prerope,knorm,0.5,0.5,18,18,18,0,0,0.6111111111111112,0.05555555555555555,0.5555555555555556,0.4444444444444444,0.6666666666666666,17,1,0,2000,case,20260927
task,niah_multi,,all,svdd_prerope,leverage,0.5,0.5,18,18,18,0,0,0.6111111111111112,1.0,-0.3888888888888889,-0.4722222222222222,-0.2777777777777778,0,4,14,2000,case,20260927
task,niah_multi,,full_cache_correct,svdd_prerope,leverage,0.5,0.5,18,18,18,0,0,0.6111111111111112,1.0,-0.3888888888888889,-0.4722222222222222,-0.2777777777777778,0,4,14,2000,case,20260927
task,niah_multi,,all,svdd_prerope,random,0.5,0.5,18,18,18,0,0,0.6111111111111112,0.16666666666666666,0.4444444444444444,0.3055555555555556,0.5833333333333334,13,5,0,2000,case,20260927
task,niah_multi,,full_cache_correct,svdd_prerope,random,0.5,0.5,18,18,18,0,0,0.6111111111111112,0.16666666666666666,0.4444444444444444,0.2777777777777778,0.6111111111111112,13,5,0,2000,case,20260927
task,niah_multi,,all,svdd_prerope,snapkv,0.5,0.5,18,18,18,0,0,0.6111111111111112,0.2777777777777778,0.3333333333333333,0.1388888888888889,0.5277777777777778,11,5,2,2000,case,20260927
task,niah_multi,,full_cache_correct,svdd_prerope,snapkv,0.5,0.5,18,18,18,0,0,0.6111111111111112,0.2777777777777778,0.3333333333333333,0.1111111111111111,0.5277777777777778,11,5,2,2000,case,20260927
task,niah_multi,,all,svdd_prerope,streaming,0.5,0.5,18,18,18,0,0,0.6111111111111112,0.5,0.1111111111111111,0.027777777777777776,0.2222222222222222,4,14,0,2000,case,20260927
task,niah_multi,,full_cache_correct,svdd_prerope,streaming,0.5,0.5,18,18,18,0,0,0.6111111111111112,0.5,0.1111111111111111,0.027777777777777776,0.2222222222222222,4,14,0,2000,case,20260927
task,niah_multi,,all,svdd_prerope,svdd,0.5,0.5,18,18,18,0,0,0.6111111111111112,0.6666666666666666,-0.05555555555555555,-0.16666666666666666,0.05555555555555555,1,14,3,2000,case,20260927
task,niah_multi,,full_cache_correct,svdd_prerope,svdd,0.5,0.5,18,18,18,0,0,0.6111111111111112,0.6666666666666666,-0.05555555555555555,-0.16666666666666666,0.05555555555555555,1,14,3,2000,case,20260927
task,niah_single,,all,keydiff,full,0.1,1.0,18,18,18,0,0,1.0,1.0,0.0,0.0,0.0,0,18,0,2000,case,20260927
task,niah_single,,full_cache_correct,keydiff,full,0.1,1.0,18,18,18,0,0,1.0,1.0,0.0,0.0,0.0,0,18,0,2000,case,20260927
task,niah_single,,all,keydiff,knorm,0.1,0.1,18,18,18,0,0,1.0,0.0,1.0,1.0,1.0,18,0,0,2000,case,20260927
task,niah_single,,full_cache_correct,keydiff,knorm,0.1,0.1,18,18,18,0,0,1.0,0.0,1.0,1.0,1.0,18,0,0,2000,case,20260927
task,niah_single,,all,keydiff,leverage,0.1,0.1,18,18,18,0,0,1.0,1.0,0.0,0.0,0.0,0,18,0,2000,case,20260927
task,niah_single,,full_cache_correct,keydiff,leverage,0.1,0.1,18,18,18,0,0,1.0,1.0,0.0,0.0,0.0,0,18,0,2000,case,20260927
task,niah_single,,all,keydiff,random,0.1,0.1,18,18,18,0,0,1.0,0.0,1.0,1.0,1.0,18,0,0,2000,case,20260927
task,niah_single,,full_cache_correct,keydiff,random,0.1,0.1,18,18,18,0,0,1.0,0.0,1.0,1.0,1.0,18,0,0,2000,case,20260927
task,niah_single,,all,keydiff,snapkv,0.1,0.1,18,18,18,0,0,1.0,0.0,1.0,1.0,1.0,18,0,0,2000,case,20260927
task,niah_single,,full_cache_correct,keydiff,snapkv,0.1,0.1,18,18,18,0,0,1.0,0.0,1.0,1.0,1.0,18,0,0,2000,case,20260927
task,niah_single,,all,keydiff,streaming,0.1,0.1,18,18,18,0,0,1.0,0.0,1.0,1.0,1.0,18,0,0,2000,case,20260927
task,niah_single,,full_cache_correct,keydiff,streaming,0.1,0.1,18,18,18,0,0,1.0,0.0,1.0,1.0,1.0,18,0,0,2000,case,20260927
task,niah_single,,all,keydiff,svdd,0.1,0.1,18,18,18,0,0,1.0,0.0,1.0,1.0,1.0,18,0,0,2000,case,20260927
task,niah_single,,full_cache_correct,keydiff,svdd,0.1,0.1,18,18,18,0,0,1.0,0.0,1.0,1.0,1.0,18,0,0,2000,case,20260927
task,niah_single,,all,keydiff,svdd_prerope,0.1,0.1,18,18,18,0,0,1.0,0.05555555555555555,0.9444444444444444,0.8333333333333334,1.0,17,1,0,2000,case,20260927
task,niah_single,,full_cache_correct,keydiff,svdd_prerope,0.1,0.1,18,18,18,0,0,1.0,0.05555555555555555,0.9444444444444444,0.8333333333333334,1.0,17,1,0,2000,case,20260927
task,niah_single,,all,keydiff,full,0.2,1.0,18,18,18,0,0,1.0,1.0,0.0,0.0,0.0,0,18,0,2000,case,20260927
task,niah_single,,full_cache_correct,keydiff,full,0.2,1.0,18,18,18,0,0,1.0,1.0,0.0,0.0,0.0,0,18,0,2000,case,20260927
task,niah_single,,all,keydiff,knorm,0.2,0.2,18,18,18,0,0,1.0,0.0,1.0,1.0,1.0,18,0,0,2000,case,20260927
task,niah_single,,full_cache_correct,keydiff,knorm,0.2,0.2,18,18,18,0,0,1.0,0.0,1.0,1.0,1.0,18,0,0,2000,case,20260927
task,niah_single,,all,keydiff,leverage,0.2,0.2,18,18,18,0,0,1.0,1.0,0.0,0.0,0.0,0,18,0,2000,case,20260927
task,niah_single,,full_cache_correct,keydiff,leverage,0.2,0.2,18,18,18,0,0,1.0,1.0,0.0,0.0,0.0,0,18,0,2000,case,20260927
task,niah_single,,all,keydiff,random,0.2,0.2,18,18,18,0,0,1.0,0.0,1.0,1.0,1.0,18,0,0,2000,case,20260927
task,niah_single,,full_cache_correct,keydiff,random,0.2,0.2,18,18,18,0,0,1.0,0.0,1.0,1.0,1.0,18,0,0,2000,case,20260927
task,niah_single,,all,keydiff,snapkv,0.2,0.2,18,18,18,0,0,1.0,0.05555555555555555,0.9444444444444444,0.8333333333333334,1.0,17,1,0,2000,case,20260927
task,niah_single,,full_cache_correct,keydiff,snapkv,0.2,0.2,18,18,18,0,0,1.0,0.05555555555555555,0.9444444444444444,0.8333333333333334,1.0,17,1,0,2000,case,20260927
task,niah_single,,all,keydiff,streaming,0.2,0.2,18,18,18,0,0,1.0,0.3333333333333333,0.6666666666666666,0.4444444444444444,0.8888888888888888,12,6,0,2000,case,20260927
task,niah_single,,full_cache_correct,keydiff,streaming,0.2,0.2,18,18,18,0,0,1.0,0.3333333333333333,0.6666666666666666,0.4444444444444444,0.8888888888888888,12,6,0,2000,case,20260927
task,niah_single,,all,keydiff,svdd,0.2,0.2,18,18,18,0,0,1.0,0.2222222222222222,0.7777777777777778,0.5555555555555556,0.9444444444444444,14,4,0,2000,case,20260927
task,niah_single,,full_cache_correct,keydiff,svdd,0.2,0.2,18,18,18,0,0,1.0,0.2222222222222222,0.7777777777777778,0.5555555555555556,0.9444444444444444,14,4,0,2000,case,20260927
task,niah_single,,all,keydiff,svdd_prerope,0.2,0.2,18,18,18,0,0,1.0,0.2222222222222222,0.7777777777777778,0.5555555555555556,0.9444444444444444,14,4,0,2000,case,20260927
task,niah_single,,full_cache_correct,keydiff,svdd_prerope,0.2,0.2,18,18,18,0,0,1.0,0.2222222222222222,0.7777777777777778,0.5555555555555556,0.9444444444444444,14,4,0,2000,case,20260927
task,niah_single,,all,keydiff,full,0.5,1.0,18,18,18,0,0,1.0,1.0,0.0,0.0,0.0,0,18,0,2000,case,20260927
task,niah_single,,full_cache_correct,keydiff,full,0.5,1.0,18,18,18,0,0,1.0,1.0,0.0,0.0,0.0,0,18,0,2000,case,20260927
task,niah_single,,all,keydiff,knorm,0.5,0.5,18,18,18,0,0,1.0,0.05555555555555555,0.9444444444444444,0.8333333333333334,1.0,17,1,0,2000,case,20260927
task,niah_single,,full_cache_correct,keydiff,knorm,0.5,0.5,18,18,18,0,0,1.0,0.05555555555555555,0.9444444444444444,0.8333333333333334,1.0,17,1,0,2000,case,20260927
task,niah_single,,all,keydiff,leverage,0.5,0.5,18,18,18,0,0,1.0,1.0,0.0,0.0,0.0,0,18,0,2000,case,20260927
task,niah_single,,full_cache_correct,keydiff,leverage,0.5,0.5,18,18,18,0,0,1.0,1.0,0.0,0.0,0.0,0,18,0,2000,case,20260927
task,niah_single,,all,keydiff,random,0.5,0.5,18,18,18,0,0,1.0,0.16666666666666666,0.8333333333333334,0.6111111111111112,1.0,15,3,0,2000,case,20260927
task,niah_single,,full_cache_correct,keydiff,random,0.5,0.5,18,18,18,0,0,1.0,0.16666666666666666,0.8333333333333334,0.6666666666666666,1.0,15,3,0,2000,case,20260927
task,niah_single,,all,keydiff,snapkv,0.5,0.5,18,18,18,0,0,1.0,0.4444444444444444,0.5555555555555556,0.3333333333333333,0.7777777777777778,10,8,0,2000,case,20260927
task,niah_single,,full_cache_correct,keydiff,snapkv,0.5,0.5,18,18,18,0,0,1.0,0.4444444444444444,0.5555555555555556,0.3333333333333333,0.7777777777777778,10,8,0,2000,case,20260927
task,niah_single,,all,keydiff,streaming,0.5,0.5,18,18,18,0,0,1.0,0.6666666666666666,0.3333333333333333,0.1111111111111111,0.5555555555555556,6,12,0,2000,case,20260927
task,niah_single,,full_cache_correct,keydiff,streaming,0.5,0.5,18,18,18,0,0,1.0,0.6666666666666666,0.3333333333333333,0.1111111111111111,0.5555555555555556,6,12,0,2000,case,20260927
task,niah_single,,all,keydiff,svdd,0.5,0.5,18,18,18,0,0,1.0,0.5,0.5,0.2777777777777778,0.7222222222222222,9,9,0,2000,case,20260927
task,niah_single,,full_cache_correct,keydiff,svdd,0.5,0.5,18,18,18,0,0,1.0,0.5,0.5,0.2777777777777778,0.7222222222222222,9,9,0,2000,case,20260927
task,niah_single,,all,keydiff,svdd_prerope,0.5,0.5,18,18,18,0,0,1.0,0.4444444444444444,0.5555555555555556,0.3333333333333333,0.7777777777777778,10,8,0,2000,case,20260927
task,niah_single,,full_cache_correct,keydiff,svdd_prerope,0.5,0.5,18,18,18,0,0,1.0,0.4444444444444444,0.5555555555555556,0.3333333333333333,0.7777777777777778,10,8,0,2000,case,20260927
task,niah_single,,all,knorm,full,0.1,1.0,18,18,18,0,0,0.0,1.0,-1.0,-1.0,-1.0,0,0,18,2000,case,20260927
task,niah_single,,full_cache_correct,knorm,full,0.1,1.0,18,18,18,0,0,0.0,1.0,-1.0,-1.0,-1.0,0,0,18,2000,case,20260927
task,niah_single,,all,knorm,keydiff,0.1,0.1,18,18,18,0,0,0.0,1.0,-1.0,-1.0,-1.0,0,0,18,2000,case,20260927
task,niah_single,,full_cache_correct,knorm,keydiff,0.1,0.1,18,18,18,0,0,0.0,1.0,-1.0,-1.0,-1.0,0,0,18,2000,case,20260927
task,niah_single,,all,knorm,leverage,0.1,0.1,18,18,18,0,0,0.0,1.0,-1.0,-1.0,-1.0,0,0,18,2000,case,20260927
task,niah_single,,full_cache_correct,knorm,leverage,0.1,0.1,18,18,18,0,0,0.0,1.0,-1.0,-1.0,-1.0,0,0,18,2000,case,20260927
task,niah_single,,all,knorm,random,0.1,0.1,18,18,18,0,0,0.0,0.0,0.0,0.0,0.0,0,18,0,2000,case,20260927
task,niah_single,,full_cache_correct,knorm,random,0.1,0.1,18,18,18,0,0,0.0,0.0,0.0,0.0,0.0,0,18,0,2000,case,20260927
task,niah_single,,all,knorm,snapkv,0.1,0.1,18,18,18,0,0,0.0,0.0,0.0,0.0,0.0,0,18,0,2000,case,20260927
task,niah_single,,full_cache_correct,knorm,snapkv,0.1,0.1,18,18,18,0,0,0.0,0.0,0.0,0.0,0.0,0,18,0,2000,case,20260927
task,niah_single,,all,knorm,streaming,0.1,0.1,18,18,18,0,0,0.0,0.0,0.0,0.0,0.0,0,18,0,2000,case,20260927
task,niah_single,,full_cache_correct,knorm,streaming,0.1,0.1,18,18,18,0,0,0.0,0.0,0.0,0.0,0.0,0,18,0,2000,case,20260927
task,niah_single,,all,knorm,svdd,0.1,0.1,18,18,18,0,0,0.0,0.0,0.0,0.0,0.0,0,18,0,2000,case,20260927
task,niah_single,,full_cache_correct,knorm,svdd,0.1,0.1,18,18,18,0,0,0.0,0.0,0.0,0.0,0.0,0,18,0,2000,case,20260927
task,niah_single,,all,knorm,svdd_prerope,0.1,0.1,18,18,18,0,0,0.0,0.05555555555555555,-0.05555555555555555,-0.16666666666666666,0.0,0,17,1,2000,case,20260927
task,niah_single,,full_cache_correct,knorm,svdd_prerope,0.1,0.1,18,18,18,0,0,0.0,0.05555555555555555,-0.05555555555555555,-0.16666666666666666,0.0,0,17,1,2000,case,20260927
task,niah_single,,all,knorm,full,0.2,1.0,18,18,18,0,0,0.0,1.0,-1.0,-1.0,-1.0,0,0,18,2000,case,20260927
task,niah_single,,full_cache_correct,knorm,full,0.2,1.0,18,18,18,0,0,0.0,1.0,-1.0,-1.0,-1.0,0,0,18,2000,case,20260927
task,niah_single,,all,knorm,keydiff,0.2,0.2,18,18,18,0,0,0.0,1.0,-1.0,-1.0,-1.0,0,0,18,2000,case,20260927
task,niah_single,,full_cache_correct,knorm,keydiff,0.2,0.2,18,18,18,0,0,0.0,1.0,-1.0,-1.0,-1.0,0,0,18,2000,case,20260927
task,niah_single,,all,knorm,leverage,0.2,0.2,18,18,18,0,0,0.0,1.0,-1.0,-1.0,-1.0,0,0,18,2000,case,20260927
task,niah_single,,full_cache_correct,knorm,leverage,0.2,0.2,18,18,18,0,0,0.0,1.0,-1.0,-1.0,-1.0,0,0,18,2000,case,20260927
task,niah_single,,all,knorm,random,0.2,0.2,18,18,18,0,0,0.0,0.0,0.0,0.0,0.0,0,18,0,2000,case,20260927
task,niah_single,,full_cache_correct,knorm,random,0.2,0.2,18,18,18,0,0,0.0,0.0,0.0,0.0,0.0,0,18,0,2000,case,20260927
task,niah_single,,all,knorm,snapkv,0.2,0.2,18,18,18,0,0,0.0,0.05555555555555555,-0.05555555555555555,-0.16666666666666666,0.0,0,17,1,2000,case,20260927
task,niah_single,,full_cache_correct,knorm,snapkv,0.2,0.2,18,18,18,0,0,0.0,0.05555555555555555,-0.05555555555555555,-0.16666666666666666,0.0,0,17,1,2000,case,20260927
task,niah_single,,all,knorm,streaming,0.2,0.2,18,18,18,0,0,0.0,0.3333333333333333,-0.3333333333333333,-0.5555555555555556,-0.1111111111111111,0,12,6,2000,case,20260927
task,niah_single,,full_cache_correct,knorm,streaming,0.2,0.2,18,18,18,0,0,0.0,0.3333333333333333,-0.3333333333333333,-0.5555555555555556,-0.1111111111111111,0,12,6,2000,case,20260927
task,niah_single,,all,knorm,svdd,0.2,0.2,18,18,18,0,0,0.0,0.2222222222222222,-0.2222222222222222,-0.4444444444444444,-0.05555555555555555,0,14,4,2000,case,20260927
task,niah_single,,full_cache_correct,knorm,svdd,0.2,0.2,18,18,18,0,0,0.0,0.2222222222222222,-0.2222222222222222,-0.4444444444444444,-0.05555555555555555,0,14,4,2000,case,20260927
task,niah_single,,all,knorm,svdd_prerope,0.2,0.2,18,18,18,0,0,0.0,0.2222222222222222,-0.2222222222222222,-0.4444444444444444,-0.05555555555555555,0,14,4,2000,case,20260927
task,niah_single,,full_cache_correct,knorm,svdd_prerope,0.2,0.2,18,18,18,0,0,0.0,0.2222222222222222,-0.2222222222222222,-0.4444444444444444,-0.05555555555555555,0,14,4,2000,case,20260927
task,niah_single,,all,knorm,full,0.5,1.0,18,18,18,0,0,0.05555555555555555,1.0,-0.9444444444444444,-1.0,-0.8333333333333334,0,1,17,2000,case,20260927
task,niah_single,,full_cache_correct,knorm,full,0.5,1.0,18,18,18,0,0,0.05555555555555555,1.0,-0.9444444444444444,-1.0,-0.8333333333333334,0,1,17,2000,case,20260927
task,niah_single,,all,knorm,keydiff,0.5,0.5,18,18,18,0,0,0.05555555555555555,1.0,-0.9444444444444444,-1.0,-0.8333333333333334,0,1,17,2000,case,20260927
task,niah_single,,full_cache_correct,knorm,keydiff,0.5,0.5,18,18,18,0,0,0.05555555555555555,1.0,-0.9444444444444444,-1.0,-0.8333333333333334,0,1,17,2000,case,20260927
task,niah_single,,all,knorm,leverage,0.5,0.5,18,18,18,0,0,0.05555555555555555,1.0,-0.9444444444444444,-1.0,-0.8333333333333334,0,1,17,2000,case,20260927
task,niah_single,,full_cache_correct,knorm,leverage,0.5,0.5,18,18,18,0,0,0.05555555555555555,1.0,-0.9444444444444444,-1.0,-0.8333333333333334,0,1,17,2000,case,20260927
task,niah_single,,all,knorm,random,0.5,0.5,18,18,18,0,0,0.05555555555555555,0.16666666666666666,-0.1111111111111111,-0.3333333333333333,0.1111111111111111,1,14,3,2000,case,20260927
task,niah_single,,full_cache_correct,knorm,random,0.5,0.5,18,18,18,0,0,0.05555555555555555,0.16666666666666666,-0.1111111111111111,-0.3333333333333333,0.05555555555555555,1,14,3,2000,case,20260927
task,niah_single,,all,knorm,snapkv,0.5,0.5,18,18,18,0,0,0.05555555555555555,0.4444444444444444,-0.3888888888888889,-0.6111111111111112,-0.16666666666666666,0,11,7,2000,case,20260927
task,niah_single,,full_cache_correct,knorm,snapkv,0.5,0.5,18,18,18,0,0,0.05555555555555555,0.4444444444444444,-0.3888888888888889,-0.6111111111111112,-0.16666666666666666,0,11,7,2000,case,20260927
task,niah_single,,all,knorm,streaming,0.5,0.5,18,18,18,0,0,0.05555555555555555,0.6666666666666666,-0.6111111111111112,-0.8333333333333334,-0.3888888888888889,0,7,11,2000,case,20260927
task,niah_single,,full_cache_correct,knorm,streaming,0.5,0.5,18,18,18,0,0,0.05555555555555555,0.6666666666666666,-0.6111111111111112,-0.8333333333333334,-0.3888888888888889,0,7,11,2000,case,20260927
task,niah_single,,all,knorm,svdd,0.5,0.5,18,18,18,0,0,0.05555555555555555,0.5,-0.4444444444444444,-0.6666666666666666,-0.2222222222222222,0,10,8,2000,case,20260927
task,niah_single,,full_cache_correct,knorm,svdd,0.5,0.5,18,18,18,0,0,0.05555555555555555,0.5,-0.4444444444444444,-0.6666666666666666,-0.2222222222222222,0,10,8,2000,case,20260927
task,niah_single,,all,knorm,svdd_prerope,0.5,0.5,18,18,18,0,0,0.05555555555555555,0.4444444444444444,-0.3888888888888889,-0.6666666666666666,-0.1111111111111111,1,9,8,2000,case,20260927
task,niah_single,,full_cache_correct,knorm,svdd_prerope,0.5,0.5,18,18,18,0,0,0.05555555555555555,0.4444444444444444,-0.3888888888888889,-0.6666666666666666,-0.1111111111111111,1,9,8,2000,case,20260927
task,niah_single,,all,leverage,full,0.1,1.0,18,18,18,0,0,1.0,1.0,0.0,0.0,0.0,0,18,0,2000,case,20260927
task,niah_single,,full_cache_correct,leverage,full,0.1,1.0,18,18,18,0,0,1.0,1.0,0.0,0.0,0.0,0,18,0,2000,case,20260927
task,niah_single,,all,leverage,keydiff,0.1,0.1,18,18,18,0,0,1.0,1.0,0.0,0.0,0.0,0,18,0,2000,case,20260927
task,niah_single,,full_cache_correct,leverage,keydiff,0.1,0.1,18,18,18,0,0,1.0,1.0,0.0,0.0,0.0,0,18,0,2000,case,20260927
task,niah_single,,all,leverage,knorm,0.1,0.1,18,18,18,0,0,1.0,0.0,1.0,1.0,1.0,18,0,0,2000,case,20260927
task,niah_single,,full_cache_correct,leverage,knorm,0.1,0.1,18,18,18,0,0,1.0,0.0,1.0,1.0,1.0,18,0,0,2000,case,20260927
task,niah_single,,all,leverage,random,0.1,0.1,18,18,18,0,0,1.0,0.0,1.0,1.0,1.0,18,0,0,2000,case,20260927
task,niah_single,,full_cache_correct,leverage,random,0.1,0.1,18,18,18,0,0,1.0,0.0,1.0,1.0,1.0,18,0,0,2000,case,20260927
task,niah_single,,all,leverage,snapkv,0.1,0.1,18,18,18,0,0,1.0,0.0,1.0,1.0,1.0,18,0,0,2000,case,20260927
task,niah_single,,full_cache_correct,leverage,snapkv,0.1,0.1,18,18,18,0,0,1.0,0.0,1.0,1.0,1.0,18,0,0,2000,case,20260927
task,niah_single,,all,leverage,streaming,0.1,0.1,18,18,18,0,0,1.0,0.0,1.0,1.0,1.0,18,0,0,2000,case,20260927
task,niah_single,,full_cache_correct,leverage,streaming,0.1,0.1,18,18,18,0,0,1.0,0.0,1.0,1.0,1.0,18,0,0,2000,case,20260927
task,niah_single,,all,leverage,svdd,0.1,0.1,18,18,18,0,0,1.0,0.0,1.0,1.0,1.0,18,0,0,2000,case,20260927
task,niah_single,,full_cache_correct,leverage,svdd,0.1,0.1,18,18,18,0,0,1.0,0.0,1.0,1.0,1.0,18,0,0,2000,case,20260927
task,niah_single,,all,leverage,svdd_prerope,0.1,0.1,18,18,18,0,0,1.0,0.05555555555555555,0.9444444444444444,0.8333333333333334,1.0,17,1,0,2000,case,20260927
task,niah_single,,full_cache_correct,leverage,svdd_prerope,0.1,0.1,18,18,18,0,0,1.0,0.05555555555555555,0.9444444444444444,0.8333333333333334,1.0,17,1,0,2000,case,20260927
task,niah_single,,all,leverage,full,0.2,1.0,18,18,18,0,0,1.0,1.0,0.0,0.0,0.0,0,18,0,2000,case,20260927
task,niah_single,,full_cache_correct,leverage,full,0.2,1.0,18,18,18,0,0,1.0,1.0,0.0,0.0,0.0,0,18,0,2000,case,20260927
task,niah_single,,all,leverage,keydiff,0.2,0.2,18,18,18,0,0,1.0,1.0,0.0,0.0,0.0,0,18,0,2000,case,20260927
task,niah_single,,full_cache_correct,leverage,keydiff,0.2,0.2,18,18,18,0,0,1.0,1.0,0.0,0.0,0.0,0,18,0,2000,case,20260927
task,niah_single,,all,leverage,knorm,0.2,0.2,18,18,18,0,0,1.0,0.0,1.0,1.0,1.0,18,0,0,2000,case,20260927
task,niah_single,,full_cache_correct,leverage,knorm,0.2,0.2,18,18,18,0,0,1.0,0.0,1.0,1.0,1.0,18,0,0,2000,case,20260927
task,niah_single,,all,leverage,random,0.2,0.2,18,18,18,0,0,1.0,0.0,1.0,1.0,1.0,18,0,0,2000,case,20260927
task,niah_single,,full_cache_correct,leverage,random,0.2,0.2,18,18,18,0,0,1.0,0.0,1.0,1.0,1.0,18,0,0,2000,case,20260927
task,niah_single,,all,leverage,snapkv,0.2,0.2,18,18,18,0,0,1.0,0.05555555555555555,0.9444444444444444,0.8333333333333334,1.0,17,1,0,2000,case,20260927
task,niah_single,,full_cache_correct,leverage,snapkv,0.2,0.2,18,18,18,0,0,1.0,0.05555555555555555,0.9444444444444444,0.8333333333333334,1.0,17,1,0,2000,case,20260927
task,niah_single,,all,leverage,streaming,0.2,0.2,18,18,18,0,0,1.0,0.3333333333333333,0.6666666666666666,0.4444444444444444,0.8888888888888888,12,6,0,2000,case,20260927
task,niah_single,,full_cache_correct,leverage,streaming,0.2,0.2,18,18,18,0,0,1.0,0.3333333333333333,0.6666666666666666,0.4444444444444444,0.8888888888888888,12,6,0,2000,case,20260927
task,niah_single,,all,leverage,svdd,0.2,0.2,18,18,18,0,0,1.0,0.2222222222222222,0.7777777777777778,0.5555555555555556,0.9444444444444444,14,4,0,2000,case,20260927
task,niah_single,,full_cache_correct,leverage,svdd,0.2,0.2,18,18,18,0,0,1.0,0.2222222222222222,0.7777777777777778,0.5555555555555556,0.9444444444444444,14,4,0,2000,case,20260927
task,niah_single,,all,leverage,svdd_prerope,0.2,0.2,18,18,18,0,0,1.0,0.2222222222222222,0.7777777777777778,0.6097222222222224,0.9444444444444444,14,4,0,2000,case,20260927
task,niah_single,,full_cache_correct,leverage,svdd_prerope,0.2,0.2,18,18,18,0,0,1.0,0.2222222222222222,0.7777777777777778,0.6097222222222224,0.9444444444444444,14,4,0,2000,case,20260927
task,niah_single,,all,leverage,full,0.5,1.0,18,18,18,0,0,1.0,1.0,0.0,0.0,0.0,0,18,0,2000,case,20260927
task,niah_single,,full_cache_correct,leverage,full,0.5,1.0,18,18,18,0,0,1.0,1.0,0.0,0.0,0.0,0,18,0,2000,case,20260927
task,niah_single,,all,leverage,keydiff,0.5,0.5,18,18,18,0,0,1.0,1.0,0.0,0.0,0.0,0,18,0,2000,case,20260927
task,niah_single,,full_cache_correct,leverage,keydiff,0.5,0.5,18,18,18,0,0,1.0,1.0,0.0,0.0,0.0,0,18,0,2000,case,20260927
task,niah_single,,all,leverage,knorm,0.5,0.5,18,18,18,0,0,1.0,0.05555555555555555,0.9444444444444444,0.8333333333333334,1.0,17,1,0,2000,case,20260927
task,niah_single,,full_cache_correct,leverage,knorm,0.5,0.5,18,18,18,0,0,1.0,0.05555555555555555,0.9444444444444444,0.8333333333333334,1.0,17,1,0,2000,case,20260927
task,niah_single,,all,leverage,random,0.5,0.5,18,18,18,0,0,1.0,0.16666666666666666,0.8333333333333334,0.6666666666666666,1.0,15,3,0,2000,case,20260927
task,niah_single,,full_cache_correct,leverage,random,0.5,0.5,18,18,18,0,0,1.0,0.16666666666666666,0.8333333333333334,0.6666666666666666,1.0,15,3,0,2000,case,20260927
task,niah_single,,all,leverage,snapkv,0.5,0.5,18,18,18,0,0,1.0,0.4444444444444444,0.5555555555555556,0.3333333333333333,0.7777777777777778,10,8,0,2000,case,20260927
task,niah_single,,full_cache_correct,leverage,snapkv,0.5,0.5,18,18,18,0,0,1.0,0.4444444444444444,0.5555555555555556,0.3333333333333333,0.7777777777777778,10,8,0,2000,case,20260927
task,niah_single,,all,leverage,streaming,0.5,0.5,18,18,18,0,0,1.0,0.6666666666666666,0.3333333333333333,0.1111111111111111,0.5555555555555556,6,12,0,2000,case,20260927
task,niah_single,,full_cache_correct,leverage,streaming,0.5,0.5,18,18,18,0,0,1.0,0.6666666666666666,0.3333333333333333,0.1111111111111111,0.5555555555555556,6,12,0,2000,case,20260927
task,niah_single,,all,leverage,svdd,0.5,0.5,18,18,18,0,0,1.0,0.5,0.5,0.2777777777777778,0.7222222222222222,9,9,0,2000,case,20260927
task,niah_single,,full_cache_correct,leverage,svdd,0.5,0.5,18,18,18,0,0,1.0,0.5,0.5,0.2777777777777778,0.7222222222222222,9,9,0,2000,case,20260927
task,niah_single,,all,leverage,svdd_prerope,0.5,0.5,18,18,18,0,0,1.0,0.4444444444444444,0.5555555555555556,0.3333333333333333,0.7777777777777778,10,8,0,2000,case,20260927
task,niah_single,,full_cache_correct,leverage,svdd_prerope,0.5,0.5,18,18,18,0,0,1.0,0.4444444444444444,0.5555555555555556,0.3333333333333333,0.7777777777777778,10,8,0,2000,case,20260927
task,niah_single,,all,random,full,0.1,1.0,18,18,18,0,0,0.0,1.0,-1.0,-1.0,-1.0,0,0,18,2000,case,20260927
task,niah_single,,full_cache_correct,random,full,0.1,1.0,18,18,18,0,0,0.0,1.0,-1.0,-1.0,-1.0,0,0,18,2000,case,20260927
task,niah_single,,all,random,keydiff,0.1,0.1,18,18,18,0,0,0.0,1.0,-1.0,-1.0,-1.0,0,0,18,2000,case,20260927
task,niah_single,,full_cache_correct,random,keydiff,0.1,0.1,18,18,18,0,0,0.0,1.0,-1.0,-1.0,-1.0,0,0,18,2000,case,20260927
task,niah_single,,all,random,knorm,0.1,0.1,18,18,18,0,0,0.0,0.0,0.0,0.0,0.0,0,18,0,2000,case,20260927
task,niah_single,,full_cache_correct,random,knorm,0.1,0.1,18,18,18,0,0,0.0,0.0,0.0,0.0,0.0,0,18,0,2000,case,20260927
task,niah_single,,all,random,leverage,0.1,0.1,18,18,18,0,0,0.0,1.0,-1.0,-1.0,-1.0,0,0,18,2000,case,20260927
task,niah_single,,full_cache_correct,random,leverage,0.1,0.1,18,18,18,0,0,0.0,1.0,-1.0,-1.0,-1.0,0,0,18,2000,case,20260927
task,niah_single,,all,random,snapkv,0.1,0.1,18,18,18,0,0,0.0,0.0,0.0,0.0,0.0,0,18,0,2000,case,20260927
task,niah_single,,full_cache_correct,random,snapkv,0.1,0.1,18,18,18,0,0,0.0,0.0,0.0,0.0,0.0,0,18,0,2000,case,20260927
task,niah_single,,all,random,streaming,0.1,0.1,18,18,18,0,0,0.0,0.0,0.0,0.0,0.0,0,18,0,2000,case,20260927
task,niah_single,,full_cache_correct,random,streaming,0.1,0.1,18,18,18,0,0,0.0,0.0,0.0,0.0,0.0,0,18,0,2000,case,20260927
task,niah_single,,all,random,svdd,0.1,0.1,18,18,18,0,0,0.0,0.0,0.0,0.0,0.0,0,18,0,2000,case,20260927
task,niah_single,,full_cache_correct,random,svdd,0.1,0.1,18,18,18,0,0,0.0,0.0,0.0,0.0,0.0,0,18,0,2000,case,20260927
task,niah_single,,all,random,svdd_prerope,0.1,0.1,18,18,18,0,0,0.0,0.05555555555555555,-0.05555555555555555,-0.16666666666666666,0.0,0,17,1,2000,case,20260927
task,niah_single,,full_cache_correct,random,svdd_prerope,0.1,0.1,18,18,18,0,0,0.0,0.05555555555555555,-0.05555555555555555,-0.16666666666666666,0.0,0,17,1,2000,case,20260927
task,niah_single,,all,random,full,0.2,1.0,18,18,18,0,0,0.0,1.0,-1.0,-1.0,-1.0,0,0,18,2000,case,20260927
task,niah_single,,full_cache_correct,random,full,0.2,1.0,18,18,18,0,0,0.0,1.0,-1.0,-1.0,-1.0,0,0,18,2000,case,20260927
task,niah_single,,all,random,keydiff,0.2,0.2,18,18,18,0,0,0.0,1.0,-1.0,-1.0,-1.0,0,0,18,2000,case,20260927
task,niah_single,,full_cache_correct,random,keydiff,0.2,0.2,18,18,18,0,0,0.0,1.0,-1.0,-1.0,-1.0,0,0,18,2000,case,20260927
task,niah_single,,all,random,knorm,0.2,0.2,18,18,18,0,0,0.0,0.0,0.0,0.0,0.0,0,18,0,2000,case,20260927
task,niah_single,,full_cache_correct,random,knorm,0.2,0.2,18,18,18,0,0,0.0,0.0,0.0,0.0,0.0,0,18,0,2000,case,20260927
task,niah_single,,all,random,leverage,0.2,0.2,18,18,18,0,0,0.0,1.0,-1.0,-1.0,-1.0,0,0,18,2000,case,20260927
task,niah_single,,full_cache_correct,random,leverage,0.2,0.2,18,18,18,0,0,0.0,1.0,-1.0,-1.0,-1.0,0,0,18,2000,case,20260927
task,niah_single,,all,random,snapkv,0.2,0.2,18,18,18,0,0,0.0,0.05555555555555555,-0.05555555555555555,-0.16666666666666666,0.0,0,17,1,2000,case,20260927
task,niah_single,,full_cache_correct,random,snapkv,0.2,0.2,18,18,18,0,0,0.0,0.05555555555555555,-0.05555555555555555,-0.16666666666666666,0.0,0,17,1,2000,case,20260927
task,niah_single,,all,random,streaming,0.2,0.2,18,18,18,0,0,0.0,0.3333333333333333,-0.3333333333333333,-0.5555555555555556,-0.1111111111111111,0,12,6,2000,case,20260927
task,niah_single,,full_cache_correct,random,streaming,0.2,0.2,18,18,18,0,0,0.0,0.3333333333333333,-0.3333333333333333,-0.5555555555555556,-0.1111111111111111,0,12,6,2000,case,20260927
task,niah_single,,all,random,svdd,0.2,0.2,18,18,18,0,0,0.0,0.2222222222222222,-0.2222222222222222,-0.4444444444444444,-0.05555555555555555,0,14,4,2000,case,20260927
task,niah_single,,full_cache_correct,random,svdd,0.2,0.2,18,18,18,0,0,0.0,0.2222222222222222,-0.2222222222222222,-0.4444444444444444,-0.05555555555555555,0,14,4,2000,case,20260927
task,niah_single,,all,random,svdd_prerope,0.2,0.2,18,18,18,0,0,0.0,0.2222222222222222,-0.2222222222222222,-0.4444444444444444,-0.05555555555555555,0,14,4,2000,case,20260927
task,niah_single,,full_cache_correct,random,svdd_prerope,0.2,0.2,18,18,18,0,0,0.0,0.2222222222222222,-0.2222222222222222,-0.4444444444444444,-0.05555555555555555,0,14,4,2000,case,20260927
task,niah_single,,all,random,full,0.5,1.0,18,18,18,0,0,0.16666666666666666,1.0,-0.8333333333333334,-1.0,-0.6666666666666666,0,3,15,2000,case,20260927
task,niah_single,,full_cache_correct,random,full,0.5,1.0,18,18,18,0,0,0.16666666666666666,1.0,-0.8333333333333334,-1.0,-0.6666666666666666,0,3,15,2000,case,20260927
task,niah_single,,all,random,keydiff,0.5,0.5,18,18,18,0,0,0.16666666666666666,1.0,-0.8333333333333334,-1.0,-0.6666666666666666,0,3,15,2000,case,20260927
task,niah_single,,full_cache_correct,random,keydiff,0.5,0.5,18,18,18,0,0,0.16666666666666666,1.0,-0.8333333333333334,-1.0,-0.6666666666666666,0,3,15,2000,case,20260927
task,niah_single,,all,random,knorm,0.5,0.5,18,18,18,0,0,0.16666666666666666,0.05555555555555555,0.1111111111111111,-0.1111111111111111,0.3333333333333333,3,14,1,2000,case,20260927
task,niah_single,,full_cache_correct,random,knorm,0.5,0.5,18,18,18,0,0,0.16666666666666666,0.05555555555555555,0.1111111111111111,-0.1111111111111111,0.3333333333333333,3,14,1,2000,case,20260927
task,niah_single,,all,random,leverage,0.5,0.5,18,18,18,0,0,0.16666666666666666,1.0,-0.8333333333333334,-1.0,-0.6666666666666666,0,3,15,2000,case,20260927
task,niah_single,,full_cache_correct,random,leverage,0.5,0.5,18,18,18,0,0,0.16666666666666666,1.0,-0.8333333333333334,-1.0,-0.6666666666666666,0,3,15,2000,case,20260927
task,niah_single,,all,random,snapkv,0.5,0.5,18,18,18,0,0,0.16666666666666666,0.4444444444444444,-0.2777777777777778,-0.5555555555555556,0.0,2,9,7,2000,case,20260927
task,niah_single,,full_cache_correct,random,snapkv,0.5,0.5,18,18,18,0,0,0.16666666666666666,0.4444444444444444,-0.2777777777777778,-0.5555555555555556,0.0,2,9,7,2000,case,20260927
task,niah_single,,all,random,streaming,0.5,0.5,18,18,18,0,0,0.16666666666666666,0.6666666666666666,-0.5,-0.7777777777777778,-0.2222222222222222,1,7,10,2000,case,20260927
task,niah_single,,full_cache_correct,random,streaming,0.5,0.5,18,18,18,0,0,0.16666666666666666,0.6666666666666666,-0.5,-0.7777777777777778,-0.2222222222222222,1,7,10,2000,case,20260927
task,niah_single,,all,random,svdd,0.5,0.5,18,18,18,0,0,0.16666666666666666,0.5,-0.3333333333333333,-0.6111111111111112,0.0,2,8,8,2000,case,20260927
task,niah_single,,full_cache_correct,random,svdd,0.5,0.5,18,18,18,0,0,0.16666666666666666,0.5,-0.3333333333333333,-0.6111111111111112,0.0,2,8,8,2000,case,20260927
task,niah_single,,all,random,svdd_prerope,0.5,0.5,18,18,18,0,0,0.16666666666666666,0.4444444444444444,-0.2777777777777778,-0.5555555555555556,0.05555555555555555,2,9,7,2000,case,20260927
task,niah_single,,full_cache_correct,random,svdd_prerope,0.5,0.5,18,18,18,0,0,0.16666666666666666,0.4444444444444444,-0.2777777777777778,-0.5555555555555556,0.0,2,9,7,2000,case,20260927
task,niah_single,,all,snapkv,full,0.1,1.0,18,18,18,0,0,0.0,1.0,-1.0,-1.0,-1.0,0,0,18,2000,case,20260927
task,niah_single,,full_cache_correct,snapkv,full,0.1,1.0,18,18,18,0,0,0.0,1.0,-1.0,-1.0,-1.0,0,0,18,2000,case,20260927
task,niah_single,,all,snapkv,keydiff,0.1,0.1,18,18,18,0,0,0.0,1.0,-1.0,-1.0,-1.0,0,0,18,2000,case,20260927
task,niah_single,,full_cache_correct,snapkv,keydiff,0.1,0.1,18,18,18,0,0,0.0,1.0,-1.0,-1.0,-1.0,0,0,18,2000,case,20260927
task,niah_single,,all,snapkv,knorm,0.1,0.1,18,18,18,0,0,0.0,0.0,0.0,0.0,0.0,0,18,0,2000,case,20260927
task,niah_single,,full_cache_correct,snapkv,knorm,0.1,0.1,18,18,18,0,0,0.0,0.0,0.0,0.0,0.0,0,18,0,2000,case,20260927
task,niah_single,,all,snapkv,leverage,0.1,0.1,18,18,18,0,0,0.0,1.0,-1.0,-1.0,-1.0,0,0,18,2000,case,20260927
task,niah_single,,full_cache_correct,snapkv,leverage,0.1,0.1,18,18,18,0,0,0.0,1.0,-1.0,-1.0,-1.0,0,0,18,2000,case,20260927
task,niah_single,,all,snapkv,random,0.1,0.1,18,18,18,0,0,0.0,0.0,0.0,0.0,0.0,0,18,0,2000,case,20260927
task,niah_single,,full_cache_correct,snapkv,random,0.1,0.1,18,18,18,0,0,0.0,0.0,0.0,0.0,0.0,0,18,0,2000,case,20260927
task,niah_single,,all,snapkv,streaming,0.1,0.1,18,18,18,0,0,0.0,0.0,0.0,0.0,0.0,0,18,0,2000,case,20260927
task,niah_single,,full_cache_correct,snapkv,streaming,0.1,0.1,18,18,18,0,0,0.0,0.0,0.0,0.0,0.0,0,18,0,2000,case,20260927
task,niah_single,,all,snapkv,svdd,0.1,0.1,18,18,18,0,0,0.0,0.0,0.0,0.0,0.0,0,18,0,2000,case,20260927
task,niah_single,,full_cache_correct,snapkv,svdd,0.1,0.1,18,18,18,0,0,0.0,0.0,0.0,0.0,0.0,0,18,0,2000,case,20260927
task,niah_single,,all,snapkv,svdd_prerope,0.1,0.1,18,18,18,0,0,0.0,0.05555555555555555,-0.05555555555555555,-0.16666666666666666,0.0,0,17,1,2000,case,20260927
task,niah_single,,full_cache_correct,snapkv,svdd_prerope,0.1,0.1,18,18,18,0,0,0.0,0.05555555555555555,-0.05555555555555555,-0.16666666666666666,0.0,0,17,1,2000,case,20260927
task,niah_single,,all,snapkv,full,0.2,1.0,18,18,18,0,0,0.05555555555555555,1.0,-0.9444444444444444,-1.0,-0.8333333333333334,0,1,17,2000,case,20260927
task,niah_single,,full_cache_correct,snapkv,full,0.2,1.0,18,18,18,0,0,0.05555555555555555,1.0,-0.9444444444444444,-1.0,-0.8333333333333334,0,1,17,2000,case,20260927
task,niah_single,,all,snapkv,keydiff,0.2,0.2,18,18,18,0,0,0.05555555555555555,1.0,-0.9444444444444444,-1.0,-0.8333333333333334,0,1,17,2000,case,20260927
task,niah_single,,full_cache_correct,snapkv,keydiff,0.2,0.2,18,18,18,0,0,0.05555555555555555,1.0,-0.9444444444444444,-1.0,-0.8333333333333334,0,1,17,2000,case,20260927
task,niah_single,,all,snapkv,knorm,0.2,0.2,18,18,18,0,0,0.05555555555555555,0.0,0.05555555555555555,0.0,0.16666666666666666,1,17,0,2000,case,20260927
task,niah_single,,full_cache_correct,snapkv,knorm,0.2,0.2,18,18,18,0,0,0.05555555555555555,0.0,0.05555555555555555,0.0,0.16666666666666666,1,17,0,2000,case,20260927
task,niah_single,,all,snapkv,leverage,0.2,0.2,18,18,18,0,0,0.05555555555555555,1.0,-0.9444444444444444,-1.0,-0.8333333333333334,0,1,17,2000,case,20260927
task,niah_single,,full_cache_correct,snapkv,leverage,0.2,0.2,18,18,18,0,0,0.05555555555555555,1.0,-0.9444444444444444,-1.0,-0.8333333333333334,0,1,17,2000,case,20260927
task,niah_single,,all,snapkv,random,0.2,0.2,18,18,18,0,0,0.05555555555555555,0.0,0.05555555555555555,0.0,0.16666666666666666,1,17,0,2000,case,20260927
task,niah_single,,full_cache_correct,snapkv,random,0.2,0.2,18,18,18,0,0,0.05555555555555555,0.0,0.05555555555555555,0.0,0.16666666666666666,1,17,0,2000,case,20260927
task,niah_single,,all,snapkv,streaming,0.2,0.2,18,18,18,0,0,0.05555555555555555,0.3333333333333333,-0.2777777777777778,-0.5555555555555556,0.0,1,11,6,2000,case,20260927
task,niah_single,,full_cache_correct,snapkv,streaming,0.2,0.2,18,18,18,0,0,0.05555555555555555,0.3333333333333333,-0.2777777777777778,-0.5555555555555556,0.0,1,11,6,2000,case,20260927
task,niah_single,,all,snapkv,svdd,0.2,0.2,18,18,18,0,0,0.05555555555555555,0.2222222222222222,-0.16666666666666666,-0.3333333333333333,0.0,0,15,3,2000,case,20260927
task,niah_single,,full_cache_correct,snapkv,svdd,0.2,0.2,18,18,18,0,0,0.05555555555555555,0.2222222222222222,-0.16666666666666666,-0.3333333333333333,0.0,0,15,3,2000,case,20260927
task,niah_single,,all,snapkv,svdd_prerope,0.2,0.2,18,18,18,0,0,0.05555555555555555,0.2222222222222222,-0.16666666666666666,-0.3888888888888889,0.05555555555555555,1,13,4,2000,case,20260927
task,niah_single,,full_cache_correct,snapkv,svdd_prerope,0.2,0.2,18,18,18,0,0,0.05555555555555555,0.2222222222222222,-0.16666666666666666,-0.3888888888888889,0.05555555555555555,1,13,4,2000,case,20260927
task,niah_single,,all,snapkv,full,0.5,1.0,18,18,18,0,0,0.4444444444444444,1.0,-0.5555555555555556,-0.7777777777777778,-0.3333333333333333,0,8,10,2000,case,20260927
task,niah_single,,full_cache_correct,snapkv,full,0.5,1.0,18,18,18,0,0,0.4444444444444444,1.0,-0.5555555555555556,-0.7777777777777778,-0.3333333333333333,0,8,10,2000,case,20260927
task,niah_single,,all,snapkv,keydiff,0.5,0.5,18,18,18,0,0,0.4444444444444444,1.0,-0.5555555555555556,-0.7777777777777778,-0.3333333333333333,0,8,10,2000,case,20260927
task,niah_single,,full_cache_correct,snapkv,keydiff,0.5,0.5,18,18,18,0,0,0.4444444444444444,1.0,-0.5555555555555556,-0.7777777777777778,-0.3333333333333333,0,8,10,2000,case,20260927
task,niah_single,,all,snapkv,knorm,0.5,0.5,18,18,18,0,0,0.4444444444444444,0.05555555555555555,0.3888888888888889,0.16666666666666666,0.6111111111111112,7,11,0,2000,case,20260927
task,niah_single,,full_cache_correct,snapkv,knorm,0.5,0.5,18,18,18,0,0,0.4444444444444444,0.05555555555555555,0.3888888888888889,0.16666666666666666,0.6111111111111112,7,11,0,2000,case,20260927
task,niah_single,,all,snapkv,leverage,0.5,0.5,18,18,18,0,0,0.4444444444444444,1.0,-0.5555555555555556,-0.7777777777777778,-0.3333333333333333,0,8,10,2000,case,20260927
task,niah_single,,full_cache_correct,snapkv,leverage,0.5,0.5,18,18,18,0,0,0.4444444444444444,1.0,-0.5555555555555556,-0.7777777777777778,-0.3333333333333333,0,8,10,2000,case,20260927
task,niah_single,,all,snapkv,random,0.5,0.5,18,18,18,0,0,0.4444444444444444,0.16666666666666666,0.2777777777777778,-0.05555555555555555,0.5555555555555556,7,9,2,2000,case,20260927
task,niah_single,,full_cache_correct,snapkv,random,0.5,0.5,18,18,18,0,0,0.4444444444444444,0.16666666666666666,0.2777777777777778,-0.05555555555555555,0.5555555555555556,7,9,2,2000,case,20260927
task,niah_single,,all,snapkv,streaming,0.5,0.5,18,18,18,0,0,0.4444444444444444,0.6666666666666666,-0.2222222222222222,-0.4444444444444444,0.05555555555555555,1,12,5,2000,case,20260927
task,niah_single,,full_cache_correct,snapkv,streaming,0.5,0.5,18,18,18,0,0,0.4444444444444444,0.6666666666666666,-0.2222222222222222,-0.4444444444444444,0.0,1,12,5,2000,case,20260927
task,niah_single,,all,snapkv,svdd,0.5,0.5,18,18,18,0,0,0.4444444444444444,0.5,-0.05555555555555555,-0.4444444444444444,0.2777777777777778,5,7,6,2000,case,20260927
task,niah_single,,full_cache_correct,snapkv,svdd,0.5,0.5,18,18,18,0,0,0.4444444444444444,0.5,-0.05555555555555555,-0.3888888888888889,0.3333333333333333,5,7,6,2000,case,20260927
task,niah_single,,all,snapkv,svdd_prerope,0.5,0.5,18,18,18,0,0,0.4444444444444444,0.4444444444444444,0.0,-0.3888888888888889,0.3888888888888889,7,4,7,2000,case,20260927
task,niah_single,,full_cache_correct,snapkv,svdd_prerope,0.5,0.5,18,18,18,0,0,0.4444444444444444,0.4444444444444444,0.0,-0.3888888888888889,0.3888888888888889,7,4,7,2000,case,20260927
task,niah_single,,all,streaming,full,0.1,1.0,18,18,18,0,0,0.0,1.0,-1.0,-1.0,-1.0,0,0,18,2000,case,20260927
task,niah_single,,full_cache_correct,streaming,full,0.1,1.0,18,18,18,0,0,0.0,1.0,-1.0,-1.0,-1.0,0,0,18,2000,case,20260927
task,niah_single,,all,streaming,keydiff,0.1,0.1,18,18,18,0,0,0.0,1.0,-1.0,-1.0,-1.0,0,0,18,2000,case,20260927
task,niah_single,,full_cache_correct,streaming,keydiff,0.1,0.1,18,18,18,0,0,0.0,1.0,-1.0,-1.0,-1.0,0,0,18,2000,case,20260927
task,niah_single,,all,streaming,knorm,0.1,0.1,18,18,18,0,0,0.0,0.0,0.0,0.0,0.0,0,18,0,2000,case,20260927
task,niah_single,,full_cache_correct,streaming,knorm,0.1,0.1,18,18,18,0,0,0.0,0.0,0.0,0.0,0.0,0,18,0,2000,case,20260927
task,niah_single,,all,streaming,leverage,0.1,0.1,18,18,18,0,0,0.0,1.0,-1.0,-1.0,-1.0,0,0,18,2000,case,20260927
task,niah_single,,full_cache_correct,streaming,leverage,0.1,0.1,18,18,18,0,0,0.0,1.0,-1.0,-1.0,-1.0,0,0,18,2000,case,20260927
task,niah_single,,all,streaming,random,0.1,0.1,18,18,18,0,0,0.0,0.0,0.0,0.0,0.0,0,18,0,2000,case,20260927
task,niah_single,,full_cache_correct,streaming,random,0.1,0.1,18,18,18,0,0,0.0,0.0,0.0,0.0,0.0,0,18,0,2000,case,20260927
task,niah_single,,all,streaming,snapkv,0.1,0.1,18,18,18,0,0,0.0,0.0,0.0,0.0,0.0,0,18,0,2000,case,20260927
task,niah_single,,full_cache_correct,streaming,snapkv,0.1,0.1,18,18,18,0,0,0.0,0.0,0.0,0.0,0.0,0,18,0,2000,case,20260927
task,niah_single,,all,streaming,svdd,0.1,0.1,18,18,18,0,0,0.0,0.0,0.0,0.0,0.0,0,18,0,2000,case,20260927
task,niah_single,,full_cache_correct,streaming,svdd,0.1,0.1,18,18,18,0,0,0.0,0.0,0.0,0.0,0.0,0,18,0,2000,case,20260927
task,niah_single,,all,streaming,svdd_prerope,0.1,0.1,18,18,18,0,0,0.0,0.05555555555555555,-0.05555555555555555,-0.16666666666666666,0.0,0,17,1,2000,case,20260927
task,niah_single,,full_cache_correct,streaming,svdd_prerope,0.1,0.1,18,18,18,0,0,0.0,0.05555555555555555,-0.05555555555555555,-0.16666666666666666,0.0,0,17,1,2000,case,20260927
task,niah_single,,all,streaming,full,0.2,1.0,18,18,18,0,0,0.3333333333333333,1.0,-0.6666666666666666,-0.8888888888888888,-0.4444444444444444,0,6,12,2000,case,20260927
task,niah_single,,full_cache_correct,streaming,full,0.2,1.0,18,18,18,0,0,0.3333333333333333,1.0,-0.6666666666666666,-0.8888888888888888,-0.4444444444444444,0,6,12,2000,case,20260927
task,niah_single,,all,streaming,keydiff,0.2,0.2,18,18,18,0,0,0.3333333333333333,1.0,-0.6666666666666666,-0.8888888888888888,-0.4444444444444444,0,6,12,2000,case,20260927
task,niah_single,,full_cache_correct,streaming,keydiff,0.2,0.2,18,18,18,0,0,0.3333333333333333,1.0,-0.6666666666666666,-0.8888888888888888,-0.4444444444444444,0,6,12,2000,case,20260927
task,niah_single,,all,streaming,knorm,0.2,0.2,18,18,18,0,0,0.3333333333333333,0.0,0.3333333333333333,0.1111111111111111,0.5555555555555556,6,12,0,2000,case,20260927
task,niah_single,,full_cache_correct,streaming,knorm,0.2,0.2,18,18,18,0,0,0.3333333333333333,0.0,0.3333333333333333,0.1111111111111111,0.5555555555555556,6,12,0,2000,case,20260927
task,niah_single,,all,streaming,leverage,0.2,0.2,18,18,18,0,0,0.3333333333333333,1.0,-0.6666666666666666,-0.8888888888888888,-0.4444444444444444,0,6,12,2000,case,20260927
task,niah_single,,full_cache_correct,streaming,leverage,0.2,0.2,18,18,18,0,0,0.3333333333333333,1.0,-0.6666666666666666,-0.8888888888888888,-0.4444444444444444,0,6,12,2000,case,20260927
task,niah_single,,all,streaming,random,0.2,0.2,18,18,18,0,0,0.3333333333333333,0.0,0.3333333333333333,0.1111111111111111,0.5555555555555556,6,12,0,2000,case,20260927
task,niah_single,,full_cache_correct,streaming,random,0.2,0.2,18,18,18,0,0,0.3333333333333333,0.0,0.3333333333333333,0.1111111111111111,0.5555555555555556,6,12,0,2000,case,20260927
task,niah_single,,all,streaming,snapkv,0.2,0.2,18,18,18,0,0,0.3333333333333333,0.05555555555555555,0.2777777777777778,0.0,0.5555555555555556,6,11,1,2000,case,20260927
task,niah_single,,full_cache_correct,streaming,snapkv,0.2,0.2,18,18,18,0,0,0.3333333333333333,0.05555555555555555,0.2777777777777778,0.0,0.5555555555555556,6,11,1,2000,case,20260927
task,niah_single,,all,streaming,svdd,0.2,0.2,18,18,18,0,0,0.3333333333333333,0.2222222222222222,0.1111111111111111,-0.16666666666666666,0.3888888888888889,4,12,2,2000,case,20260927
task,niah_single,,full_cache_correct,streaming,svdd,0.2,0.2,18,18,18,0,0,0.3333333333333333,0.2222222222222222,0.1111111111111111,-0.16666666666666666,0.3888888888888889,4,12,2,2000,case,20260927
task,niah_single,,all,streaming,svdd_prerope,0.2,0.2,18,18,18,0,0,0.3333333333333333,0.2222222222222222,0.1111111111111111,-0.16666666666666666,0.3888888888888889,4,12,2,2000,case,20260927
task,niah_single,,full_cache_correct,streaming,svdd_prerope,0.2,0.2,18,18,18,0,0,0.3333333333333333,0.2222222222222222,0.1111111111111111,-0.1111111111111111,0.3888888888888889,4,12,2,2000,case,20260927
task,niah_single,,all,streaming,full,0.5,1.0,18,18,18,0,0,0.6666666666666666,1.0,-0.3333333333333333,-0.5555555555555556,-0.1111111111111111,0,12,6,2000,case,20260927
task,niah_single,,full_cache_correct,streaming,full,0.5,1.0,18,18,18,0,0,0.6666666666666666,1.0,-0.3333333333333333,-0.5555555555555556,-0.1111111111111111,0,12,6,2000,case,20260927
task,niah_single,,all,streaming,keydiff,0.5,0.5,18,18,18,0,0,0.6666666666666666,1.0,-0.3333333333333333,-0.5555555555555556,-0.1111111111111111,0,12,6,2000,case,20260927
task,niah_single,,full_cache_correct,streaming,keydiff,0.5,0.5,18,18,18,0,0,0.6666666666666666,1.0,-0.3333333333333333,-0.5555555555555556,-0.1111111111111111,0,12,6,2000,case,20260927
task,niah_single,,all,streaming,knorm,0.5,0.5,18,18,18,0,0,0.6666666666666666,0.05555555555555555,0.6111111111111112,0.3888888888888889,0.8333333333333334,11,7,0,2000,case,20260927
task,niah_single,,full_cache_correct,streaming,knorm,0.5,0.5,18,18,18,0,0,0.6666666666666666,0.05555555555555555,0.6111111111111112,0.3888888888888889,0.8333333333333334,11,7,0,2000,case,20260927
task,niah_single,,all,streaming,leverage,0.5,0.5,18,18,18,0,0,0.6666666666666666,1.0,-0.3333333333333333,-0.5555555555555556,-0.1111111111111111,0,12,6,2000,case,20260927
task,niah_single,,full_cache_correct,streaming,leverage,0.5,0.5,18,18,18,0,0,0.6666666666666666,1.0,-0.3333333333333333,-0.5555555555555556,-0.1111111111111111,0,12,6,2000,case,20260927
task,niah_single,,all,streaming,random,0.5,0.5,18,18,18,0,0,0.6666666666666666,0.16666666666666666,0.5,0.2222222222222222,0.7777777777777778,10,7,1,2000,case,20260927
task,niah_single,,full_cache_correct,streaming,random,0.5,0.5,18,18,18,0,0,0.6666666666666666,0.16666666666666666,0.5,0.2222222222222222,0.7777777777777778,10,7,1,2000,case,20260927
task,niah_single,,all,streaming,snapkv,0.5,0.5,18,18,18,0,0,0.6666666666666666,0.4444444444444444,0.2222222222222222,-0.05555555555555555,0.4444444444444444,5,12,1,2000,case,20260927
task,niah_single,,full_cache_correct,streaming,snapkv,0.5,0.5,18,18,18,0,0,0.6666666666666666,0.4444444444444444,0.2222222222222222,0.0,0.4444444444444444,5,12,1,2000,case,20260927
task,niah_single,,all,streaming,svdd,0.5,0.5,18,18,18,0,0,0.6666666666666666,0.5,0.16666666666666666,-0.2777777777777778,0.5555555555555556,9,3,6,2000,case,20260927
task,niah_single,,full_cache_correct,streaming,svdd,0.5,0.5,18,18,18,0,0,0.6666666666666666,0.5,0.16666666666666666,-0.223611111111111,0.5555555555555556,9,3,6,2000,case,20260927
task,niah_single,,all,streaming,svdd_prerope,0.5,0.5,18,18,18,0,0,0.6666666666666666,0.4444444444444444,0.2222222222222222,-0.2222222222222222,0.6111111111111112,10,2,6,2000,case,20260927
task,niah_single,,full_cache_correct,streaming,svdd_prerope,0.5,0.5,18,18,18,0,0,0.6666666666666666,0.4444444444444444,0.2222222222222222,-0.2222222222222222,0.6111111111111112,10,2,6,2000,case,20260927
task,niah_single,,all,svdd,full,0.1,1.0,18,18,18,0,0,0.0,1.0,-1.0,-1.0,-1.0,0,0,18,2000,case,20260927
task,niah_single,,full_cache_correct,svdd,full,0.1,1.0,18,18,18,0,0,0.0,1.0,-1.0,-1.0,-1.0,0,0,18,2000,case,20260927
task,niah_single,,all,svdd,keydiff,0.1,0.1,18,18,18,0,0,0.0,1.0,-1.0,-1.0,-1.0,0,0,18,2000,case,20260927
task,niah_single,,full_cache_correct,svdd,keydiff,0.1,0.1,18,18,18,0,0,0.0,1.0,-1.0,-1.0,-1.0,0,0,18,2000,case,20260927
task,niah_single,,all,svdd,knorm,0.1,0.1,18,18,18,0,0,0.0,0.0,0.0,0.0,0.0,0,18,0,2000,case,20260927
task,niah_single,,full_cache_correct,svdd,knorm,0.1,0.1,18,18,18,0,0,0.0,0.0,0.0,0.0,0.0,0,18,0,2000,case,20260927
task,niah_single,,all,svdd,leverage,0.1,0.1,18,18,18,0,0,0.0,1.0,-1.0,-1.0,-1.0,0,0,18,2000,case,20260927
task,niah_single,,full_cache_correct,svdd,leverage,0.1,0.1,18,18,18,0,0,0.0,1.0,-1.0,-1.0,-1.0,0,0,18,2000,case,20260927
task,niah_single,,all,svdd,random,0.1,0.1,18,18,18,0,0,0.0,0.0,0.0,0.0,0.0,0,18,0,2000,case,20260927
task,niah_single,,full_cache_correct,svdd,random,0.1,0.1,18,18,18,0,0,0.0,0.0,0.0,0.0,0.0,0,18,0,2000,case,20260927
task,niah_single,,all,svdd,snapkv,0.1,0.1,18,18,18,0,0,0.0,0.0,0.0,0.0,0.0,0,18,0,2000,case,20260927
task,niah_single,,full_cache_correct,svdd,snapkv,0.1,0.1,18,18,18,0,0,0.0,0.0,0.0,0.0,0.0,0,18,0,2000,case,20260927
task,niah_single,,all,svdd,streaming,0.1,0.1,18,18,18,0,0,0.0,0.0,0.0,0.0,0.0,0,18,0,2000,case,20260927
task,niah_single,,full_cache_correct,svdd,streaming,0.1,0.1,18,18,18,0,0,0.0,0.0,0.0,0.0,0.0,0,18,0,2000,case,20260927
task,niah_single,,all,svdd,svdd_prerope,0.1,0.1,18,18,18,0,0,0.0,0.05555555555555555,-0.05555555555555555,-0.16666666666666666,0.0,0,17,1,2000,case,20260927
task,niah_single,,full_cache_correct,svdd,svdd_prerope,0.1,0.1,18,18,18,0,0,0.0,0.05555555555555555,-0.05555555555555555,-0.16666666666666666,0.0,0,17,1,2000,case,20260927
task,niah_single,,all,svdd,full,0.2,1.0,18,18,18,0,0,0.2222222222222222,1.0,-0.7777777777777778,-0.9444444444444444,-0.5555555555555556,0,4,14,2000,case,20260927
task,niah_single,,full_cache_correct,svdd,full,0.2,1.0,18,18,18,0,0,0.2222222222222222,1.0,-0.7777777777777778,-0.9444444444444444,-0.5555555555555556,0,4,14,2000,case,20260927
task,niah_single,,all,svdd,keydiff,0.2,0.2,18,18,18,0,0,0.2222222222222222,1.0,-0.7777777777777778,-0.9444444444444444,-0.5555555555555556,0,4,14,2000,case,20260927
task,niah_single,,full_cache_correct,svdd,keydiff,0.2,0.2,18,18,18,0,0,0.2222222222222222,1.0,-0.7777777777777778,-0.9444444444444444,-0.5555555555555556,0,4,14,2000,case,20260927
task,niah_single,,all,svdd,knorm,0.2,0.2,18,18,18,0,0,0.2222222222222222,0.0,0.2222222222222222,0.05555555555555555,0.4444444444444444,4,14,0,2000,case,20260927
task,niah_single,,full_cache_correct,svdd,knorm,0.2,0.2,18,18,18,0,0,0.2222222222222222,0.0,0.2222222222222222,0.05555555555555555,0.4444444444444444,4,14,0,2000,case,20260927
task,niah_single,,all,svdd,leverage,0.2,0.2,18,18,18,0,0,0.2222222222222222,1.0,-0.7777777777777778,-0.9444444444444444,-0.5555555555555556,0,4,14,2000,case,20260927
task,niah_single,,full_cache_correct,svdd,leverage,0.2,0.2,18,18,18,0,0,0.2222222222222222,1.0,-0.7777777777777778,-0.9444444444444444,-0.5555555555555556,0,4,14,2000,case,20260927
task,niah_single,,all,svdd,random,0.2,0.2,18,18,18,0,0,0.2222222222222222,0.0,0.2222222222222222,0.05555555555555555,0.4444444444444444,4,14,0,2000,case,20260927
task,niah_single,,full_cache_correct,svdd,random,0.2,0.2,18,18,18,0,0,0.2222222222222222,0.0,0.2222222222222222,0.05555555555555555,0.4444444444444444,4,14,0,2000,case,20260927
task,niah_single,,all,svdd,snapkv,0.2,0.2,18,18,18,0,0,0.2222222222222222,0.05555555555555555,0.16666666666666666,0.0,0.3333333333333333,3,15,0,2000,case,20260927
task,niah_single,,full_cache_correct,svdd,snapkv,0.2,0.2,18,18,18,0,0,0.2222222222222222,0.05555555555555555,0.16666666666666666,0.0,0.3333333333333333,3,15,0,2000,case,20260927
task,niah_single,,all,svdd,streaming,0.2,0.2,18,18,18,0,0,0.2222222222222222,0.3333333333333333,-0.1111111111111111,-0.3333333333333333,0.16666666666666666,2,12,4,2000,case,20260927
task,niah_single,,full_cache_correct,svdd,streaming,0.2,0.2,18,18,18,0,0,0.2222222222222222,0.3333333333333333,-0.1111111111111111,-0.3888888888888889,0.16666666666666666,2,12,4,2000,case,20260927
task,niah_single,,all,svdd,svdd_prerope,0.2,0.2,18,18,18,0,0,0.2222222222222222,0.2222222222222222,0.0,-0.2777777777777778,0.2777777777777778,3,12,3,2000,case,20260927
task,niah_single,,full_cache_correct,svdd,svdd_prerope,0.2,0.2,18,18,18,0,0,0.2222222222222222,0.2222222222222222,0.0,-0.2777777777777778,0.2777777777777778,3,12,3,2000,case,20260927
task,niah_single,,all,svdd,full,0.5,1.0,18,18,18,0,0,0.5,1.0,-0.5,-0.7222222222222222,-0.2777777777777778,0,9,9,2000,case,20260927
task,niah_single,,full_cache_correct,svdd,full,0.5,1.0,18,18,18,0,0,0.5,1.0,-0.5,-0.7222222222222222,-0.2777777777777778,0,9,9,2000,case,20260927
task,niah_single,,all,svdd,keydiff,0.5,0.5,18,18,18,0,0,0.5,1.0,-0.5,-0.7222222222222222,-0.2777777777777778,0,9,9,2000,case,20260927
task,niah_single,,full_cache_correct,svdd,keydiff,0.5,0.5,18,18,18,0,0,0.5,1.0,-0.5,-0.7222222222222222,-0.2777777777777778,0,9,9,2000,case,20260927
task,niah_single,,all,svdd,knorm,0.5,0.5,18,18,18,0,0,0.5,0.05555555555555555,0.4444444444444444,0.2222222222222222,0.6666666666666666,8,10,0,2000,case,20260927
task,niah_single,,full_cache_correct,svdd,knorm,0.5,0.5,18,18,18,0,0,0.5,0.05555555555555555,0.4444444444444444,0.2222222222222222,0.6666666666666666,8,10,0,2000,case,20260927
task,niah_single,,all,svdd,leverage,0.5,0.5,18,18,18,0,0,0.5,1.0,-0.5,-0.7222222222222222,-0.2777777777777778,0,9,9,2000,case,20260927
task,niah_single,,full_cache_correct,svdd,leverage,0.5,0.5,18,18,18,0,0,0.5,1.0,-0.5,-0.7222222222222222,-0.2777777777777778,0,9,9,2000,case,20260927
task,niah_single,,all,svdd,random,0.5,0.5,18,18,18,0,0,0.5,0.16666666666666666,0.3333333333333333,0.0,0.6111111111111112,8,8,2,2000,case,20260927
task,niah_single,,full_cache_correct,svdd,random,0.5,0.5,18,18,18,0,0,0.5,0.16666666666666666,0.3333333333333333,0.05555555555555555,0.6124999999999925,8,8,2,2000,case,20260927
task,niah_single,,all,svdd,snapkv,0.5,0.5,18,18,18,0,0,0.5,0.4444444444444444,0.05555555555555555,-0.2777777777777778,0.4444444444444444,6,7,5,2000,case,20260927
task,niah_single,,full_cache_correct,svdd,snapkv,0.5,0.5,18,18,18,0,0,0.5,0.4444444444444444,0.05555555555555555,-0.3333333333333333,0.4444444444444444,6,7,5,2000,case,20260927
task,niah_single,,all,svdd,streaming,0.5,0.5,18,18,18,0,0,0.5,0.6666666666666666,-0.16666666666666666,-0.5555555555555556,0.2777777777777778,6,3,9,2000,case,20260927
task,niah_single,,full_cache_correct,svdd,streaming,0.5,0.5,18,18,18,0,0,0.5,0.6666666666666666,-0.16666666666666666,-0.6111111111111112,0.2777777777777778,6,3,9,2000,case,20260927
task,niah_single,,all,svdd,svdd_prerope,0.5,0.5,18,18,18,0,0,0.5,0.4444444444444444,0.05555555555555555,-0.1111111111111111,0.2222222222222222,2,15,1,2000,case,20260927
task,niah_single,,full_cache_correct,svdd,svdd_prerope,0.5,0.5,18,18,18,0,0,0.5,0.4444444444444444,0.05555555555555555,-0.1111111111111111,0.2777777777777778,2,15,1,2000,case,20260927
task,niah_single,,all,svdd_prerope,full,0.1,1.0,18,18,18,0,0,0.05555555555555555,1.0,-0.9444444444444444,-1.0,-0.8333333333333334,0,1,17,2000,case,20260927
task,niah_single,,full_cache_correct,svdd_prerope,full,0.1,1.0,18,18,18,0,0,0.05555555555555555,1.0,-0.9444444444444444,-1.0,-0.8333333333333334,0,1,17,2000,case,20260927
task,niah_single,,all,svdd_prerope,keydiff,0.1,0.1,18,18,18,0,0,0.05555555555555555,1.0,-0.9444444444444444,-1.0,-0.8333333333333334,0,1,17,2000,case,20260927
task,niah_single,,full_cache_correct,svdd_prerope,keydiff,0.1,0.1,18,18,18,0,0,0.05555555555555555,1.0,-0.9444444444444444,-1.0,-0.8333333333333334,0,1,17,2000,case,20260927
task,niah_single,,all,svdd_prerope,knorm,0.1,0.1,18,18,18,0,0,0.05555555555555555,0.0,0.05555555555555555,0.0,0.16666666666666666,1,17,0,2000,case,20260927
task,niah_single,,full_cache_correct,svdd_prerope,knorm,0.1,0.1,18,18,18,0,0,0.05555555555555555,0.0,0.05555555555555555,0.0,0.16666666666666666,1,17,0,2000,case,20260927
task,niah_single,,all,svdd_prerope,leverage,0.1,0.1,18,18,18,0,0,0.05555555555555555,1.0,-0.9444444444444444,-1.0,-0.8333333333333334,0,1,17,2000,case,20260927
task,niah_single,,full_cache_correct,svdd_prerope,leverage,0.1,0.1,18,18,18,0,0,0.05555555555555555,1.0,-0.9444444444444444,-1.0,-0.8333333333333334,0,1,17,2000,case,20260927
task,niah_single,,all,svdd_prerope,random,0.1,0.1,18,18,18,0,0,0.05555555555555555,0.0,0.05555555555555555,0.0,0.16666666666666666,1,17,0,2000,case,20260927
task,niah_single,,full_cache_correct,svdd_prerope,random,0.1,0.1,18,18,18,0,0,0.05555555555555555,0.0,0.05555555555555555,0.0,0.16666666666666666,1,17,0,2000,case,20260927
task,niah_single,,all,svdd_prerope,snapkv,0.1,0.1,18,18,18,0,0,0.05555555555555555,0.0,0.05555555555555555,0.0,0.16666666666666666,1,17,0,2000,case,20260927
task,niah_single,,full_cache_correct,svdd_prerope,snapkv,0.1,0.1,18,18,18,0,0,0.05555555555555555,0.0,0.05555555555555555,0.0,0.16666666666666666,1,17,0,2000,case,20260927
task,niah_single,,all,svdd_prerope,streaming,0.1,0.1,18,18,18,0,0,0.05555555555555555,0.0,0.05555555555555555,0.0,0.16666666666666666,1,17,0,2000,case,20260927
task,niah_single,,full_cache_correct,svdd_prerope,streaming,0.1,0.1,18,18,18,0,0,0.05555555555555555,0.0,0.05555555555555555,0.0,0.16666666666666666,1,17,0,2000,case,20260927
task,niah_single,,all,svdd_prerope,svdd,0.1,0.1,18,18,18,0,0,0.05555555555555555,0.0,0.05555555555555555,0.0,0.16666666666666666,1,17,0,2000,case,20260927
task,niah_single,,full_cache_correct,svdd_prerope,svdd,0.1,0.1,18,18,18,0,0,0.05555555555555555,0.0,0.05555555555555555,0.0,0.16666666666666666,1,17,0,2000,case,20260927
task,niah_single,,all,svdd_prerope,full,0.2,1.0,18,18,18,0,0,0.2222222222222222,1.0,-0.7777777777777778,-0.9444444444444444,-0.6111111111111112,0,4,14,2000,case,20260927
task,niah_single,,full_cache_correct,svdd_prerope,full,0.2,1.0,18,18,18,0,0,0.2222222222222222,1.0,-0.7777777777777778,-0.9444444444444444,-0.6111111111111112,0,4,14,2000,case,20260927
task,niah_single,,all,svdd_prerope,keydiff,0.2,0.2,18,18,18,0,0,0.2222222222222222,1.0,-0.7777777777777778,-0.9444444444444444,-0.5555555555555556,0,4,14,2000,case,20260927
task,niah_single,,full_cache_correct,svdd_prerope,keydiff,0.2,0.2,18,18,18,0,0,0.2222222222222222,1.0,-0.7777777777777778,-0.9444444444444444,-0.5555555555555556,0,4,14,2000,case,20260927
task,niah_single,,all,svdd_prerope,knorm,0.2,0.2,18,18,18,0,0,0.2222222222222222,0.0,0.2222222222222222,0.05555555555555555,0.4444444444444444,4,14,0,2000,case,20260927
task,niah_single,,full_cache_correct,svdd_prerope,knorm,0.2,0.2,18,18,18,0,0,0.2222222222222222,0.0,0.2222222222222222,0.05555555555555555,0.4444444444444444,4,14,0,2000,case,20260927
task,niah_single,,all,svdd_prerope,leverage,0.2,0.2,18,18,18,0,0,0.2222222222222222,1.0,-0.7777777777777778,-0.9444444444444444,-0.5555555555555556,0,4,14,2000,case,20260927
task,niah_single,,full_cache_correct,svdd_prerope,leverage,0.2,0.2,18,18,18,0,0,0.2222222222222222,1.0,-0.7777777777777778,-0.9444444444444444,-0.5555555555555556,0,4,14,2000,case,20260927
task,niah_single,,all,svdd_prerope,random,0.2,0.2,18,18,18,0,0,0.2222222222222222,0.0,0.2222222222222222,0.05555555555555555,0.4444444444444444,4,14,0,2000,case,20260927
task,niah_single,,full_cache_correct,svdd_prerope,random,0.2,0.2,18,18,18,0,0,0.2222222222222222,0.0,0.2222222222222222,0.05555555555555555,0.4444444444444444,4,14,0,2000,case,20260927
task,niah_single,,all,svdd_prerope,snapkv,0.2,0.2,18,18,18,0,0,0.2222222222222222,0.05555555555555555,0.16666666666666666,-0.05555555555555555,0.3888888888888889,4,13,1,2000,case,20260927
task,niah_single,,full_cache_correct,svdd_prerope,snapkv,0.2,0.2,18,18,18,0,0,0.2222222222222222,0.05555555555555555,0.16666666666666666,-0.05555555555555555,0.3888888888888889,4,13,1,2000,case,20260927
task,niah_single,,all,svdd_prerope,streaming,0.2,0.2,18,18,18,0,0,0.2222222222222222,0.3333333333333333,-0.1111111111111111,-0.3888888888888889,0.16666666666666666,2,12,4,2000,case,20260927
task,niah_single,,full_cache_correct,svdd_prerope,streaming,0.2,0.2,18,18,18,0,0,0.2222222222222222,0.3333333333333333,-0.1111111111111111,-0.3888888888888889,0.16666666666666666,2,12,4,2000,case,20260927
task,niah_single,,all,svdd_prerope,svdd,0.2,0.2,18,18,18,0,0,0.2222222222222222,0.2222222222222222,0.0,-0.2777777777777778,0.2777777777777778,3,12,3,2000,case,20260927
task,niah_single,,full_cache_correct,svdd_prerope,svdd,0.2,0.2,18,18,18,0,0,0.2222222222222222,0.2222222222222222,0.0,-0.2777777777777778,0.2777777777777778,3,12,3,2000,case,20260927
task,niah_single,,all,svdd_prerope,full,0.5,1.0,18,18,18,0,0,0.4444444444444444,1.0,-0.5555555555555556,-0.7777777777777778,-0.3333333333333333,0,8,10,2000,case,20260927
task,niah_single,,full_cache_correct,svdd_prerope,full,0.5,1.0,18,18,18,0,0,0.4444444444444444,1.0,-0.5555555555555556,-0.7777777777777778,-0.3333333333333333,0,8,10,2000,case,20260927
task,niah_single,,all,svdd_prerope,keydiff,0.5,0.5,18,18,18,0,0,0.4444444444444444,1.0,-0.5555555555555556,-0.7777777777777778,-0.3333333333333333,0,8,10,2000,case,20260927
task,niah_single,,full_cache_correct,svdd_prerope,keydiff,0.5,0.5,18,18,18,0,0,0.4444444444444444,1.0,-0.5555555555555556,-0.7777777777777778,-0.3333333333333333,0,8,10,2000,case,20260927
task,niah_single,,all,svdd_prerope,knorm,0.5,0.5,18,18,18,0,0,0.4444444444444444,0.05555555555555555,0.3888888888888889,0.1111111111111111,0.6666666666666666,8,9,1,2000,case,20260927
task,niah_single,,full_cache_correct,svdd_prerope,knorm,0.5,0.5,18,18,18,0,0,0.4444444444444444,0.05555555555555555,0.3888888888888889,0.1111111111111111,0.6666666666666666,8,9,1,2000,case,20260927
task,niah_single,,all,svdd_prerope,leverage,0.5,0.5,18,18,18,0,0,0.4444444444444444,1.0,-0.5555555555555556,-0.7777777777777778,-0.3333333333333333,0,8,10,2000,case,20260927
task,niah_single,,full_cache_correct,svdd_prerope,leverage,0.5,0.5,18,18,18,0,0,0.4444444444444444,1.0,-0.5555555555555556,-0.7777777777777778,-0.3333333333333333,0,8,10,2000,case,20260927
task,niah_single,,all,svdd_prerope,random,0.5,0.5,18,18,18,0,0,0.4444444444444444,0.16666666666666666,0.2777777777777778,0.0,0.6111111111111112,7,9,2,2000,case,20260927
task,niah_single,,full_cache_correct,svdd_prerope,random,0.5,0.5,18,18,18,0,0,0.4444444444444444,0.16666666666666666,0.2777777777777778,-0.05555555555555555,0.5555555555555556,7,9,2,2000,case,20260927
task,niah_single,,all,svdd_prerope,snapkv,0.5,0.5,18,18,18,0,0,0.4444444444444444,0.4444444444444444,0.0,-0.3888888888888889,0.3888888888888889,7,4,7,2000,case,20260927
task,niah_single,,full_cache_correct,svdd_prerope,snapkv,0.5,0.5,18,18,18,0,0,0.4444444444444444,0.4444444444444444,0.0,-0.3888888888888889,0.3888888888888889,7,4,7,2000,case,20260927
task,niah_single,,all,svdd_prerope,streaming,0.5,0.5,18,18,18,0,0,0.4444444444444444,0.6666666666666666,-0.2222222222222222,-0.6111111111111112,0.2222222222222222,6,2,10,2000,case,20260927
task,niah_single,,full_cache_correct,svdd_prerope,streaming,0.5,0.5,18,18,18,0,0,0.4444444444444444,0.6666666666666666,-0.2222222222222222,-0.6111111111111112,0.2222222222222222,6,2,10,2000,case,20260927
task,niah_single,,all,svdd_prerope,svdd,0.5,0.5,18,18,18,0,0,0.4444444444444444,0.5,-0.05555555555555555,-0.2222222222222222,0.1111111111111111,1,15,2,2000,case,20260927
task,niah_single,,full_cache_correct,svdd_prerope,svdd,0.5,0.5,18,18,18,0,0,0.4444444444444444,0.5,-0.05555555555555555,-0.2777777777777778,0.1111111111111111,1,15,2,2000,case,20260927
task,passage_retrieval_en,,all,keydiff,full,0.1,1.0,6,6,6,0,0,0.16666666666666666,1.0,-0.8333333333333334,-1.0,-0.5,0,1,5,2000,case,20260927
task,passage_retrieval_en,,full_cache_correct,keydiff,full,0.1,1.0,6,6,6,0,0,0.16666666666666666,1.0,-0.8333333333333334,-1.0,-0.5,0,1,5,2000,case,20260927
task,passage_retrieval_en,,all,keydiff,knorm,0.1,0.1,6,6,6,0,0,0.16666666666666666,0.16666666666666666,0.0,0.0,0.0,0,6,0,2000,case,20260927
task,passage_retrieval_en,,full_cache_correct,keydiff,knorm,0.1,0.1,6,6,6,0,0,0.16666666666666666,0.16666666666666666,0.0,0.0,0.0,0,6,0,2000,case,20260927
task,passage_retrieval_en,,all,keydiff,leverage,0.1,0.1,6,6,6,0,0,0.16666666666666666,0.6666666666666666,-0.5,-1.0,0.16666666666666666,1,1,4,2000,case,20260927
task,passage_retrieval_en,,full_cache_correct,keydiff,leverage,0.1,0.1,6,6,6,0,0,0.16666666666666666,0.6666666666666666,-0.5,-1.0,0.16666666666666666,1,1,4,2000,case,20260927
task,passage_retrieval_en,,all,keydiff,random,0.1,0.1,6,6,6,0,0,0.16666666666666666,0.16666666666666666,0.0,0.0,0.0,0,6,0,2000,case,20260927
task,passage_retrieval_en,,full_cache_correct,keydiff,random,0.1,0.1,6,6,6,0,0,0.16666666666666666,0.16666666666666666,0.0,0.0,0.0,0,6,0,2000,case,20260927
task,passage_retrieval_en,,all,keydiff,snapkv,0.1,0.1,6,6,6,0,0,0.16666666666666666,0.5,-0.3333333333333333,-0.6666666666666666,0.0,0,4,2,2000,case,20260927
task,passage_retrieval_en,,full_cache_correct,keydiff,snapkv,0.1,0.1,6,6,6,0,0,0.16666666666666666,0.5,-0.3333333333333333,-0.6666666666666666,0.0,0,4,2,2000,case,20260927
task,passage_retrieval_en,,all,keydiff,streaming,0.1,0.1,6,6,6,0,0,0.16666666666666666,0.0,0.16666666666666666,0.0,0.5,1,5,0,2000,case,20260927
task,passage_retrieval_en,,full_cache_correct,keydiff,streaming,0.1,0.1,6,6,6,0,0,0.16666666666666666,0.0,0.16666666666666666,0.0,0.5,1,5,0,2000,case,20260927
task,passage_retrieval_en,,all,keydiff,svdd,0.1,0.1,6,6,6,0,0,0.16666666666666666,0.16666666666666666,0.0,-0.5,0.5,1,4,1,2000,case,20260927
task,passage_retrieval_en,,full_cache_correct,keydiff,svdd,0.1,0.1,6,6,6,0,0,0.16666666666666666,0.16666666666666666,0.0,-0.5,0.5,1,4,1,2000,case,20260927
task,passage_retrieval_en,,all,keydiff,svdd_prerope,0.1,0.1,6,6,6,0,0,0.16666666666666666,0.5,-0.3333333333333333,-0.6666666666666666,0.0,0,4,2,2000,case,20260927
task,passage_retrieval_en,,full_cache_correct,keydiff,svdd_prerope,0.1,0.1,6,6,6,0,0,0.16666666666666666,0.5,-0.3333333333333333,-0.6666666666666666,0.0,0,4,2,2000,case,20260927
task,passage_retrieval_en,,all,keydiff,full,0.2,1.0,6,6,6,0,0,0.8333333333333334,1.0,-0.16666666666666666,-0.5,0.0,0,5,1,2000,case,20260927
task,passage_retrieval_en,,full_cache_correct,keydiff,full,0.2,1.0,6,6,6,0,0,0.8333333333333334,1.0,-0.16666666666666666,-0.5,0.0,0,5,1,2000,case,20260927
task,passage_retrieval_en,,all,keydiff,knorm,0.2,0.2,6,6,6,0,0,0.8333333333333334,0.0,0.8333333333333334,0.5,1.0,5,1,0,2000,case,20260927
task,passage_retrieval_en,,full_cache_correct,keydiff,knorm,0.2,0.2,6,6,6,0,0,0.8333333333333334,0.0,0.8333333333333334,0.5,1.0,5,1,0,2000,case,20260927
task,passage_retrieval_en,,all,keydiff,leverage,0.2,0.2,6,6,6,0,0,0.8333333333333334,0.8333333333333334,0.0,0.0,0.0,0,6,0,2000,case,20260927
task,passage_retrieval_en,,full_cache_correct,keydiff,leverage,0.2,0.2,6,6,6,0,0,0.8333333333333334,0.8333333333333334,0.0,0.0,0.0,0,6,0,2000,case,20260927
task,passage_retrieval_en,,all,keydiff,random,0.2,0.2,6,6,6,0,0,0.8333333333333334,0.16666666666666666,0.6666666666666666,0.3333333333333333,1.0,4,2,0,2000,case,20260927
task,passage_retrieval_en,,full_cache_correct,keydiff,random,0.2,0.2,6,6,6,0,0,0.8333333333333334,0.16666666666666666,0.6666666666666666,0.3333333333333333,1.0,4,2,0,2000,case,20260927
task,passage_retrieval_en,,all,keydiff,snapkv,0.2,0.2,6,6,6,0,0,0.8333333333333334,0.8333333333333334,0.0,-0.5,0.5,1,4,1,2000,case,20260927
task,passage_retrieval_en,,full_cache_correct,keydiff,snapkv,0.2,0.2,6,6,6,0,0,0.8333333333333334,0.8333333333333334,0.0,-0.5,0.5,1,4,1,2000,case,20260927
task,passage_retrieval_en,,all,keydiff,streaming,0.2,0.2,6,6,6,0,0,0.8333333333333334,0.0,0.8333333333333334,0.5,1.0,5,1,0,2000,case,20260927
task,passage_retrieval_en,,full_cache_correct,keydiff,streaming,0.2,0.2,6,6,6,0,0,0.8333333333333334,0.0,0.8333333333333334,0.5,1.0,5,1,0,2000,case,20260927
task,passage_retrieval_en,,all,keydiff,svdd,0.2,0.2,6,6,6,0,0,0.8333333333333334,0.6666666666666666,0.16666666666666666,0.0,0.5,1,5,0,2000,case,20260927
task,passage_retrieval_en,,full_cache_correct,keydiff,svdd,0.2,0.2,6,6,6,0,0,0.8333333333333334,0.6666666666666666,0.16666666666666666,0.0,0.5,1,5,0,2000,case,20260927
task,passage_retrieval_en,,all,keydiff,svdd_prerope,0.2,0.2,6,6,6,0,0,0.8333333333333334,0.8333333333333334,0.0,-0.5,0.5,1,4,1,2000,case,20260927
task,passage_retrieval_en,,full_cache_correct,keydiff,svdd_prerope,0.2,0.2,6,6,6,0,0,0.8333333333333334,0.8333333333333334,0.0,-0.5,0.5,1,4,1,2000,case,20260927
task,passage_retrieval_en,,all,keydiff,full,0.5,1.0,6,6,6,0,0,1.0,1.0,0.0,0.0,0.0,0,6,0,2000,case,20260927
task,passage_retrieval_en,,full_cache_correct,keydiff,full,0.5,1.0,6,6,6,0,0,1.0,1.0,0.0,0.0,0.0,0,6,0,2000,case,20260927
task,passage_retrieval_en,,all,keydiff,knorm,0.5,0.5,6,6,6,0,0,1.0,0.5,0.5,0.16666666666666666,0.8333333333333334,3,3,0,2000,case,20260927
task,passage_retrieval_en,,full_cache_correct,keydiff,knorm,0.5,0.5,6,6,6,0,0,1.0,0.5,0.5,0.16666666666666666,0.8333333333333334,3,3,0,2000,case,20260927
task,passage_retrieval_en,,all,keydiff,leverage,0.5,0.5,6,6,6,0,0,1.0,1.0,0.0,0.0,0.0,0,6,0,2000,case,20260927
task,passage_retrieval_en,,full_cache_correct,keydiff,leverage,0.5,0.5,6,6,6,0,0,1.0,1.0,0.0,0.0,0.0,0,6,0,2000,case,20260927
task,passage_retrieval_en,,all,keydiff,random,0.5,0.5,6,6,6,0,0,1.0,0.8333333333333334,0.16666666666666666,0.0,0.5,1,5,0,2000,case,20260927
task,passage_retrieval_en,,full_cache_correct,keydiff,random,0.5,0.5,6,6,6,0,0,1.0,0.8333333333333334,0.16666666666666666,0.0,0.5,1,5,0,2000,case,20260927
task,passage_retrieval_en,,all,keydiff,snapkv,0.5,0.5,6,6,6,0,0,1.0,1.0,0.0,0.0,0.0,0,6,0,2000,case,20260927
task,passage_retrieval_en,,full_cache_correct,keydiff,snapkv,0.5,0.5,6,6,6,0,0,1.0,1.0,0.0,0.0,0.0,0,6,0,2000,case,20260927
task,passage_retrieval_en,,all,keydiff,streaming,0.5,0.5,6,6,6,0,0,1.0,0.0,1.0,1.0,1.0,6,0,0,2000,case,20260927
task,passage_retrieval_en,,full_cache_correct,keydiff,streaming,0.5,0.5,6,6,6,0,0,1.0,0.0,1.0,1.0,1.0,6,0,0,2000,case,20260927
task,passage_retrieval_en,,all,keydiff,svdd,0.5,0.5,6,6,6,0,0,1.0,1.0,0.0,0.0,0.0,0,6,0,2000,case,20260927
task,passage_retrieval_en,,full_cache_correct,keydiff,svdd,0.5,0.5,6,6,6,0,0,1.0,1.0,0.0,0.0,0.0,0,6,0,2000,case,20260927
task,passage_retrieval_en,,all,keydiff,svdd_prerope,0.5,0.5,6,6,6,0,0,1.0,1.0,0.0,0.0,0.0,0,6,0,2000,case,20260927
task,passage_retrieval_en,,full_cache_correct,keydiff,svdd_prerope,0.5,0.5,6,6,6,0,0,1.0,1.0,0.0,0.0,0.0,0,6,0,2000,case,20260927
task,passage_retrieval_en,,all,knorm,full,0.1,1.0,6,6,6,0,0,0.16666666666666666,1.0,-0.8333333333333334,-1.0,-0.5,0,1,5,2000,case,20260927
task,passage_retrieval_en,,full_cache_correct,knorm,full,0.1,1.0,6,6,6,0,0,0.16666666666666666,1.0,-0.8333333333333334,-1.0,-0.5,0,1,5,2000,case,20260927
task,passage_retrieval_en,,all,knorm,keydiff,0.1,0.1,6,6,6,0,0,0.16666666666666666,0.16666666666666666,0.0,0.0,0.0,0,6,0,2000,case,20260927
task,passage_retrieval_en,,full_cache_correct,knorm,keydiff,0.1,0.1,6,6,6,0,0,0.16666666666666666,0.16666666666666666,0.0,0.0,0.0,0,6,0,2000,case,20260927
task,passage_retrieval_en,,all,knorm,leverage,0.1,0.1,6,6,6,0,0,0.16666666666666666,0.6666666666666666,-0.5,-1.0,0.16666666666666666,1,1,4,2000,case,20260927
task,passage_retrieval_en,,full_cache_correct,knorm,leverage,0.1,0.1,6,6,6,0,0,0.16666666666666666,0.6666666666666666,-0.5,-1.0,0.16666666666666666,1,1,4,2000,case,20260927
task,passage_retrieval_en,,all,knorm,random,0.1,0.1,6,6,6,0,0,0.16666666666666666,0.16666666666666666,0.0,0.0,0.0,0,6,0,2000,case,20260927
task,passage_retrieval_en,,full_cache_correct,knorm,random,0.1,0.1,6,6,6,0,0,0.16666666666666666,0.16666666666666666,0.0,0.0,0.0,0,6,0,2000,case,20260927
task,passage_retrieval_en,,all,knorm,snapkv,0.1,0.1,6,6,6,0,0,0.16666666666666666,0.5,-0.3333333333333333,-0.6666666666666666,0.0,0,4,2,2000,case,20260927
task,passage_retrieval_en,,full_cache_correct,knorm,snapkv,0.1,0.1,6,6,6,0,0,0.16666666666666666,0.5,-0.3333333333333333,-0.6666666666666666,0.0,0,4,2,2000,case,20260927
task,passage_retrieval_en,,all,knorm,streaming,0.1,0.1,6,6,6,0,0,0.16666666666666666,0.0,0.16666666666666666,0.0,0.5,1,5,0,2000,case,20260927
task,passage_retrieval_en,,full_cache_correct,knorm,streaming,0.1,0.1,6,6,6,0,0,0.16666666666666666,0.0,0.16666666666666666,0.0,0.5,1,5,0,2000,case,20260927
task,passage_retrieval_en,,all,knorm,svdd,0.1,0.1,6,6,6,0,0,0.16666666666666666,0.16666666666666666,0.0,-0.5,0.5,1,4,1,2000,case,20260927
task,passage_retrieval_en,,full_cache_correct,knorm,svdd,0.1,0.1,6,6,6,0,0,0.16666666666666666,0.16666666666666666,0.0,-0.5,0.5,1,4,1,2000,case,20260927
task,passage_retrieval_en,,all,knorm,svdd_prerope,0.1,0.1,6,6,6,0,0,0.16666666666666666,0.5,-0.3333333333333333,-0.6666666666666666,0.0,0,4,2,2000,case,20260927
task,passage_retrieval_en,,full_cache_correct,knorm,svdd_prerope,0.1,0.1,6,6,6,0,0,0.16666666666666666,0.5,-0.3333333333333333,-0.6666666666666666,0.0,0,4,2,2000,case,20260927
task,passage_retrieval_en,,all,knorm,full,0.2,1.0,6,6,6,0,0,0.0,1.0,-1.0,-1.0,-1.0,0,0,6,2000,case,20260927
task,passage_retrieval_en,,full_cache_correct,knorm,full,0.2,1.0,6,6,6,0,0,0.0,1.0,-1.0,-1.0,-1.0,0,0,6,2000,case,20260927
task,passage_retrieval_en,,all,knorm,keydiff,0.2,0.2,6,6,6,0,0,0.0,0.8333333333333334,-0.8333333333333334,-1.0,-0.5,0,1,5,2000,case,20260927
task,passage_retrieval_en,,full_cache_correct,knorm,keydiff,0.2,0.2,6,6,6,0,0,0.0,0.8333333333333334,-0.8333333333333334,-1.0,-0.5,0,1,5,2000,case,20260927
task,passage_retrieval_en,,all,knorm,leverage,0.2,0.2,6,6,6,0,0,0.0,0.8333333333333334,-0.8333333333333334,-1.0,-0.5,0,1,5,2000,case,20260927
task,passage_retrieval_en,,full_cache_correct,knorm,leverage,0.2,0.2,6,6,6,0,0,0.0,0.8333333333333334,-0.8333333333333334,-1.0,-0.5,0,1,5,2000,case,20260927
task,passage_retrieval_en,,all,knorm,random,0.2,0.2,6,6,6,0,0,0.0,0.16666666666666666,-0.16666666666666666,-0.5,0.0,0,5,1,2000,case,20260927
task,passage_retrieval_en,,full_cache_correct,knorm,random,0.2,0.2,6,6,6,0,0,0.0,0.16666666666666666,-0.16666666666666666,-0.5,0.0,0,5,1,2000,case,20260927
task,passage_retrieval_en,,all,knorm,snapkv,0.2,0.2,6,6,6,0,0,0.0,0.8333333333333334,-0.8333333333333334,-1.0,-0.5,0,1,5,2000,case,20260927
task,passage_retrieval_en,,full_cache_correct,knorm,snapkv,0.2,0.2,6,6,6,0,0,0.0,0.8333333333333334,-0.8333333333333334,-1.0,-0.5,0,1,5,2000,case,20260927
task,passage_retrieval_en,,all,knorm,streaming,0.2,0.2,6,6,6,0,0,0.0,0.0,0.0,0.0,0.0,0,6,0,2000,case,20260927
task,passage_retrieval_en,,full_cache_correct,knorm,streaming,0.2,0.2,6,6,6,0,0,0.0,0.0,0.0,0.0,0.0,0,6,0,2000,case,20260927
task,passage_retrieval_en,,all,knorm,svdd,0.2,0.2,6,6,6,0,0,0.0,0.6666666666666666,-0.6666666666666666,-1.0,-0.3333333333333333,0,2,4,2000,case,20260927
task,passage_retrieval_en,,full_cache_correct,knorm,svdd,0.2,0.2,6,6,6,0,0,0.0,0.6666666666666666,-0.6666666666666666,-1.0,-0.3333333333333333,0,2,4,2000,case,20260927
task,passage_retrieval_en,,all,knorm,svdd_prerope,0.2,0.2,6,6,6,0,0,0.0,0.8333333333333334,-0.8333333333333334,-1.0,-0.5,0,1,5,2000,case,20260927
task,passage_retrieval_en,,full_cache_correct,knorm,svdd_prerope,0.2,0.2,6,6,6,0,0,0.0,0.8333333333333334,-0.8333333333333334,-1.0,-0.5,0,1,5,2000,case,20260927
task,passage_retrieval_en,,all,knorm,full,0.5,1.0,6,6,6,0,0,0.5,1.0,-0.5,-0.8333333333333334,-0.16666666666666666,0,3,3,2000,case,20260927
task,passage_retrieval_en,,full_cache_correct,knorm,full,0.5,1.0,6,6,6,0,0,0.5,1.0,-0.5,-0.8333333333333334,-0.16666666666666666,0,3,3,2000,case,20260927
task,passage_retrieval_en,,all,knorm,keydiff,0.5,0.5,6,6,6,0,0,0.5,1.0,-0.5,-0.8333333333333334,-0.16666666666666666,0,3,3,2000,case,20260927
task,passage_retrieval_en,,full_cache_correct,knorm,keydiff,0.5,0.5,6,6,6,0,0,0.5,1.0,-0.5,-0.8333333333333334,-0.16666666666666666,0,3,3,2000,case,20260927
task,passage_retrieval_en,,all,knorm,leverage,0.5,0.5,6,6,6,0,0,0.5,1.0,-0.5,-0.8333333333333334,-0.16666666666666666,0,3,3,2000,case,20260927
task,passage_retrieval_en,,full_cache_correct,knorm,leverage,0.5,0.5,6,6,6,0,0,0.5,1.0,-0.5,-0.8333333333333334,-0.16666666666666666,0,3,3,2000,case,20260927
task,passage_retrieval_en,,all,knorm,random,0.5,0.5,6,6,6,0,0,0.5,0.8333333333333334,-0.3333333333333333,-0.8333333333333334,0.3333333333333333,1,2,3,2000,case,20260927
task,passage_retrieval_en,,full_cache_correct,knorm,random,0.5,0.5,6,6,6,0,0,0.5,0.8333333333333334,-0.3333333333333333,-0.8333333333333334,0.3333333333333333,1,2,3,2000,case,20260927
task,passage_retrieval_en,,all,knorm,snapkv,0.5,0.5,6,6,6,0,0,0.5,1.0,-0.5,-0.8333333333333334,-0.16666666666666666,0,3,3,2000,case,20260927
task,passage_retrieval_en,,full_cache_correct,knorm,snapkv,0.5,0.5,6,6,6,0,0,0.5,1.0,-0.5,-0.8333333333333334,-0.16666666666666666,0,3,3,2000,case,20260927
task,passage_retrieval_en,,all,knorm,streaming,0.5,0.5,6,6,6,0,0,0.5,0.0,0.5,0.16666666666666666,0.8333333333333334,3,3,0,2000,case,20260927
task,passage_retrieval_en,,full_cache_correct,knorm,streaming,0.5,0.5,6,6,6,0,0,0.5,0.0,0.5,0.16666666666666666,0.8333333333333334,3,3,0,2000,case,20260927
task,passage_retrieval_en,,all,knorm,svdd,0.5,0.5,6,6,6,0,0,0.5,1.0,-0.5,-0.8333333333333334,-0.16666666666666666,0,3,3,2000,case,20260927
task,passage_retrieval_en,,full_cache_correct,knorm,svdd,0.5,0.5,6,6,6,0,0,0.5,1.0,-0.5,-0.8333333333333334,-0.16666666666666666,0,3,3,2000,case,20260927
task,passage_retrieval_en,,all,knorm,svdd_prerope,0.5,0.5,6,6,6,0,0,0.5,1.0,-0.5,-0.8333333333333334,-0.16666666666666666,0,3,3,2000,case,20260927
task,passage_retrieval_en,,full_cache_correct,knorm,svdd_prerope,0.5,0.5,6,6,6,0,0,0.5,1.0,-0.5,-0.8333333333333334,-0.16666666666666666,0,3,3,2000,case,20260927
task,passage_retrieval_en,,all,leverage,full,0.1,1.0,6,6,6,0,0,0.6666666666666666,1.0,-0.3333333333333333,-0.6666666666666666,0.0,0,4,2,2000,case,20260927
task,passage_retrieval_en,,full_cache_correct,leverage,full,0.1,1.0,6,6,6,0,0,0.6666666666666666,1.0,-0.3333333333333333,-0.6666666666666666,0.0,0,4,2,2000,case,20260927
task,passage_retrieval_en,,all,leverage,keydiff,0.1,0.1,6,6,6,0,0,0.6666666666666666,0.16666666666666666,0.5,-0.16666666666666666,1.0,4,1,1,2000,case,20260927
task,passage_retrieval_en,,full_cache_correct,leverage,keydiff,0.1,0.1,6,6,6,0,0,0.6666666666666666,0.16666666666666666,0.5,-0.16666666666666666,1.0,4,1,1,2000,case,20260927
task,passage_retrieval_en,,all,leverage,knorm,0.1,0.1,6,6,6,0,0,0.6666666666666666,0.16666666666666666,0.5,-0.16666666666666666,1.0,4,1,1,2000,case,20260927
task,passage_retrieval_en,,full_cache_correct,leverage,knorm,0.1,0.1,6,6,6,0,0,0.6666666666666666,0.16666666666666666,0.5,-0.16666666666666666,1.0,4,1,1,2000,case,20260927
task,passage_retrieval_en,,all,leverage,random,0.1,0.1,6,6,6,0,0,0.6666666666666666,0.16666666666666666,0.5,-0.16666666666666666,1.0,4,1,1,2000,case,20260927
task,passage_retrieval_en,,full_cache_correct,leverage,random,0.1,0.1,6,6,6,0,0,0.6666666666666666,0.16666666666666666,0.5,-0.16666666666666666,1.0,4,1,1,2000,case,20260927
task,passage_retrieval_en,,all,leverage,snapkv,0.1,0.1,6,6,6,0,0,0.6666666666666666,0.5,0.16666666666666666,-0.5,0.8333333333333334,3,1,2,2000,case,20260927
task,passage_retrieval_en,,full_cache_correct,leverage,snapkv,0.1,0.1,6,6,6,0,0,0.6666666666666666,0.5,0.16666666666666666,-0.5,0.8333333333333334,3,1,2,2000,case,20260927
task,passage_retrieval_en,,all,leverage,streaming,0.1,0.1,6,6,6,0,0,0.6666666666666666,0.0,0.6666666666666666,0.3333333333333333,1.0,4,2,0,2000,case,20260927
task,passage_retrieval_en,,full_cache_correct,leverage,streaming,0.1,0.1,6,6,6,0,0,0.6666666666666666,0.0,0.6666666666666666,0.3333333333333333,1.0,4,2,0,2000,case,20260927
task,passage_retrieval_en,,all,leverage,svdd,0.1,0.1,6,6,6,0,0,0.6666666666666666,0.16666666666666666,0.5,0.16666666666666666,0.8333333333333334,3,3,0,2000,case,20260927
task,passage_retrieval_en,,full_cache_correct,leverage,svdd,0.1,0.1,6,6,6,0,0,0.6666666666666666,0.16666666666666666,0.5,0.16666666666666666,0.8333333333333334,3,3,0,2000,case,20260927
task,passage_retrieval_en,,all,leverage,svdd_prerope,0.1,0.1,6,6,6,0,0,0.6666666666666666,0.5,0.16666666666666666,-0.5,0.6666666666666666,2,3,1,2000,case,20260927
task,passage_retrieval_en,,full_cache_correct,leverage,svdd_prerope,0.1,0.1,6,6,6,0,0,0.6666666666666666,0.5,0.16666666666666666,-0.3333333333333333,0.6666666666666666,2,3,1,2000,case,20260927
task,passage_retrieval_en,,all,leverage,full,0.2,1.0,6,6,6,0,0,0.8333333333333334,1.0,-0.16666666666666666,-0.5,0.0,0,5,1,2000,case,20260927
task,passage_retrieval_en,,full_cache_correct,leverage,full,0.2,1.0,6,6,6,0,0,0.8333333333333334,1.0,-0.16666666666666666,-0.5,0.0,0,5,1,2000,case,20260927
task,passage_retrieval_en,,all,leverage,keydiff,0.2,0.2,6,6,6,0,0,0.8333333333333334,0.8333333333333334,0.0,0.0,0.0,0,6,0,2000,case,20260927
task,passage_retrieval_en,,full_cache_correct,leverage,keydiff,0.2,0.2,6,6,6,0,0,0.8333333333333334,0.8333333333333334,0.0,0.0,0.0,0,6,0,2000,case,20260927
task,passage_retrieval_en,,all,leverage,knorm,0.2,0.2,6,6,6,0,0,0.8333333333333334,0.0,0.8333333333333334,0.5,1.0,5,1,0,2000,case,20260927
task,passage_retrieval_en,,full_cache_correct,leverage,knorm,0.2,0.2,6,6,6,0,0,0.8333333333333334,0.0,0.8333333333333334,0.5,1.0,5,1,0,2000,case,20260927
task,passage_retrieval_en,,all,leverage,random,0.2,0.2,6,6,6,0,0,0.8333333333333334,0.16666666666666666,0.6666666666666666,0.3333333333333333,1.0,4,2,0,2000,case,20260927
task,passage_retrieval_en,,full_cache_correct,leverage,random,0.2,0.2,6,6,6,0,0,0.8333333333333334,0.16666666666666666,0.6666666666666666,0.3333333333333333,1.0,4,2,0,2000,case,20260927
task,passage_retrieval_en,,all,leverage,snapkv,0.2,0.2,6,6,6,0,0,0.8333333333333334,0.8333333333333334,0.0,-0.5,0.5,1,4,1,2000,case,20260927
task,passage_retrieval_en,,full_cache_correct,leverage,snapkv,0.2,0.2,6,6,6,0,0,0.8333333333333334,0.8333333333333334,0.0,-0.5,0.5,1,4,1,2000,case,20260927
task,passage_retrieval_en,,all,leverage,streaming,0.2,0.2,6,6,6,0,0,0.8333333333333334,0.0,0.8333333333333334,0.5,1.0,5,1,0,2000,case,20260927
task,passage_retrieval_en,,full_cache_correct,leverage,streaming,0.2,0.2,6,6,6,0,0,0.8333333333333334,0.0,0.8333333333333334,0.5,1.0,5,1,0,2000,case,20260927
task,passage_retrieval_en,,all,leverage,svdd,0.2,0.2,6,6,6,0,0,0.8333333333333334,0.6666666666666666,0.16666666666666666,0.0,0.5,1,5,0,2000,case,20260927
task,passage_retrieval_en,,full_cache_correct,leverage,svdd,0.2,0.2,6,6,6,0,0,0.8333333333333334,0.6666666666666666,0.16666666666666666,0.0,0.5,1,5,0,2000,case,20260927
task,passage_retrieval_en,,all,leverage,svdd_prerope,0.2,0.2,6,6,6,0,0,0.8333333333333334,0.8333333333333334,0.0,-0.5,0.5,1,4,1,2000,case,20260927
task,passage_retrieval_en,,full_cache_correct,leverage,svdd_prerope,0.2,0.2,6,6,6,0,0,0.8333333333333334,0.8333333333333334,0.0,-0.5,0.5,1,4,1,2000,case,20260927
task,passage_retrieval_en,,all,leverage,full,0.5,1.0,6,6,6,0,0,1.0,1.0,0.0,0.0,0.0,0,6,0,2000,case,20260927
task,passage_retrieval_en,,full_cache_correct,leverage,full,0.5,1.0,6,6,6,0,0,1.0,1.0,0.0,0.0,0.0,0,6,0,2000,case,20260927
task,passage_retrieval_en,,all,leverage,keydiff,0.5,0.5,6,6,6,0,0,1.0,1.0,0.0,0.0,0.0,0,6,0,2000,case,20260927
task,passage_retrieval_en,,full_cache_correct,leverage,keydiff,0.5,0.5,6,6,6,0,0,1.0,1.0,0.0,0.0,0.0,0,6,0,2000,case,20260927
task,passage_retrieval_en,,all,leverage,knorm,0.5,0.5,6,6,6,0,0,1.0,0.5,0.5,0.16666666666666666,0.8333333333333334,3,3,0,2000,case,20260927
task,passage_retrieval_en,,full_cache_correct,leverage,knorm,0.5,0.5,6,6,6,0,0,1.0,0.5,0.5,0.16666666666666666,0.8333333333333334,3,3,0,2000,case,20260927
task,passage_retrieval_en,,all,leverage,random,0.5,0.5,6,6,6,0,0,1.0,0.8333333333333334,0.16666666666666666,0.0,0.5,1,5,0,2000,case,20260927
task,passage_retrieval_en,,full_cache_correct,leverage,random,0.5,0.5,6,6,6,0,0,1.0,0.8333333333333334,0.16666666666666666,0.0,0.5,1,5,0,2000,case,20260927
task,passage_retrieval_en,,all,leverage,snapkv,0.5,0.5,6,6,6,0,0,1.0,1.0,0.0,0.0,0.0,0,6,0,2000,case,20260927
task,passage_retrieval_en,,full_cache_correct,leverage,snapkv,0.5,0.5,6,6,6,0,0,1.0,1.0,0.0,0.0,0.0,0,6,0,2000,case,20260927
task,passage_retrieval_en,,all,leverage,streaming,0.5,0.5,6,6,6,0,0,1.0,0.0,1.0,1.0,1.0,6,0,0,2000,case,20260927
task,passage_retrieval_en,,full_cache_correct,leverage,streaming,0.5,0.5,6,6,6,0,0,1.0,0.0,1.0,1.0,1.0,6,0,0,2000,case,20260927
task,passage_retrieval_en,,all,leverage,svdd,0.5,0.5,6,6,6,0,0,1.0,1.0,0.0,0.0,0.0,0,6,0,2000,case,20260927
task,passage_retrieval_en,,full_cache_correct,leverage,svdd,0.5,0.5,6,6,6,0,0,1.0,1.0,0.0,0.0,0.0,0,6,0,2000,case,20260927
task,passage_retrieval_en,,all,leverage,svdd_prerope,0.5,0.5,6,6,6,0,0,1.0,1.0,0.0,0.0,0.0,0,6,0,2000,case,20260927
task,passage_retrieval_en,,full_cache_correct,leverage,svdd_prerope,0.5,0.5,6,6,6,0,0,1.0,1.0,0.0,0.0,0.0,0,6,0,2000,case,20260927
task,passage_retrieval_en,,all,random,full,0.1,1.0,6,6,6,0,0,0.16666666666666666,1.0,-0.8333333333333334,-1.0,-0.5,0,1,5,2000,case,20260927
task,passage_retrieval_en,,full_cache_correct,random,full,0.1,1.0,6,6,6,0,0,0.16666666666666666,1.0,-0.8333333333333334,-1.0,-0.5,0,1,5,2000,case,20260927
task,passage_retrieval_en,,all,random,keydiff,0.1,0.1,6,6,6,0,0,0.16666666666666666,0.16666666666666666,0.0,0.0,0.0,0,6,0,2000,case,20260927
task,passage_retrieval_en,,full_cache_correct,random,keydiff,0.1,0.1,6,6,6,0,0,0.16666666666666666,0.16666666666666666,0.0,0.0,0.0,0,6,0,2000,case,20260927
task,passage_retrieval_en,,all,random,knorm,0.1,0.1,6,6,6,0,0,0.16666666666666666,0.16666666666666666,0.0,0.0,0.0,0,6,0,2000,case,20260927
task,passage_retrieval_en,,full_cache_correct,random,knorm,0.1,0.1,6,6,6,0,0,0.16666666666666666,0.16666666666666666,0.0,0.0,0.0,0,6,0,2000,case,20260927
task,passage_retrieval_en,,all,random,leverage,0.1,0.1,6,6,6,0,0,0.16666666666666666,0.6666666666666666,-0.5,-1.0,0.16666666666666666,1,1,4,2000,case,20260927
task,passage_retrieval_en,,full_cache_correct,random,leverage,0.1,0.1,6,6,6,0,0,0.16666666666666666,0.6666666666666666,-0.5,-1.0,0.16666666666666666,1,1,4,2000,case,20260927
task,passage_retrieval_en,,all,random,snapkv,0.1,0.1,6,6,6,0,0,0.16666666666666666,0.5,-0.3333333333333333,-0.6666666666666666,0.0,0,4,2,2000,case,20260927
task,passage_retrieval_en,,full_cache_correct,random,snapkv,0.1,0.1,6,6,6,0,0,0.16666666666666666,0.5,-0.3333333333333333,-0.6666666666666666,0.0,0,4,2,2000,case,20260927
task,passage_retrieval_en,,all,random,streaming,0.1,0.1,6,6,6,0,0,0.16666666666666666,0.0,0.16666666666666666,0.0,0.5,1,5,0,2000,case,20260927
task,passage_retrieval_en,,full_cache_correct,random,streaming,0.1,0.1,6,6,6,0,0,0.16666666666666666,0.0,0.16666666666666666,0.0,0.5,1,5,0,2000,case,20260927
task,passage_retrieval_en,,all,random,svdd,0.1,0.1,6,6,6,0,0,0.16666666666666666,0.16666666666666666,0.0,-0.5,0.5,1,4,1,2000,case,20260927
task,passage_retrieval_en,,full_cache_correct,random,svdd,0.1,0.1,6,6,6,0,0,0.16666666666666666,0.16666666666666666,0.0,-0.5,0.5,1,4,1,2000,case,20260927
task,passage_retrieval_en,,all,random,svdd_prerope,0.1,0.1,6,6,6,0,0,0.16666666666666666,0.5,-0.3333333333333333,-0.6666666666666666,0.0,0,4,2,2000,case,20260927
task,passage_retrieval_en,,full_cache_correct,random,svdd_prerope,0.1,0.1,6,6,6,0,0,0.16666666666666666,0.5,-0.3333333333333333,-0.6666666666666666,0.0,0,4,2,2000,case,20260927
task,passage_retrieval_en,,all,random,full,0.2,1.0,6,6,6,0,0,0.16666666666666666,1.0,-0.8333333333333334,-1.0,-0.5,0,1,5,2000,case,20260927
task,passage_retrieval_en,,full_cache_correct,random,full,0.2,1.0,6,6,6,0,0,0.16666666666666666,1.0,-0.8333333333333334,-1.0,-0.5,0,1,5,2000,case,20260927
task,passage_retrieval_en,,all,random,keydiff,0.2,0.2,6,6,6,0,0,0.16666666666666666,0.8333333333333334,-0.6666666666666666,-1.0,-0.3333333333333333,0,2,4,2000,case,20260927
task,passage_retrieval_en,,full_cache_correct,random,keydiff,0.2,0.2,6,6,6,0,0,0.16666666666666666,0.8333333333333334,-0.6666666666666666,-1.0,-0.3333333333333333,0,2,4,2000,case,20260927
task,passage_retrieval_en,,all,random,knorm,0.2,0.2,6,6,6,0,0,0.16666666666666666,0.0,0.16666666666666666,0.0,0.5,1,5,0,2000,case,20260927
task,passage_retrieval_en,,full_cache_correct,random,knorm,0.2,0.2,6,6,6,0,0,0.16666666666666666,0.0,0.16666666666666666,0.0,0.5,1,5,0,2000,case,20260927
task,passage_retrieval_en,,all,random,leverage,0.2,0.2,6,6,6,0,0,0.16666666666666666,0.8333333333333334,-0.6666666666666666,-1.0,-0.3333333333333333,0,2,4,2000,case,20260927
task,passage_retrieval_en,,full_cache_correct,random,leverage,0.2,0.2,6,6,6,0,0,0.16666666666666666,0.8333333333333334,-0.6666666666666666,-1.0,-0.3333333333333333,0,2,4,2000,case,20260927
task,passage_retrieval_en,,all,random,snapkv,0.2,0.2,6,6,6,0,0,0.16666666666666666,0.8333333333333334,-0.6666666666666666,-1.0,-0.3333333333333333,0,2,4,2000,case,20260927
task,passage_retrieval_en,,full_cache_correct,random,snapkv,0.2,0.2,6,6,6,0,0,0.16666666666666666,0.8333333333333334,-0.6666666666666666,-1.0,-0.3333333333333333,0,2,4,2000,case,20260927
task,passage_retrieval_en,,all,random,streaming,0.2,0.2,6,6,6,0,0,0.16666666666666666,0.0,0.16666666666666666,0.0,0.5,1,5,0,2000,case,20260927
task,passage_retrieval_en,,full_cache_correct,random,streaming,0.2,0.2,6,6,6,0,0,0.16666666666666666,0.0,0.16666666666666666,0.0,0.5,1,5,0,2000,case,20260927
task,passage_retrieval_en,,all,random,svdd,0.2,0.2,6,6,6,0,0,0.16666666666666666,0.6666666666666666,-0.5,-0.8333333333333334,-0.16666666666666666,0,3,3,2000,case,20260927
task,passage_retrieval_en,,full_cache_correct,random,svdd,0.2,0.2,6,6,6,0,0,0.16666666666666666,0.6666666666666666,-0.5,-0.8333333333333334,-0.16666666666666666,0,3,3,2000,case,20260927
task,passage_retrieval_en,,all,random,svdd_prerope,0.2,0.2,6,6,6,0,0,0.16666666666666666,0.8333333333333334,-0.6666666666666666,-1.0,-0.3333333333333333,0,2,4,2000,case,20260927
task,passage_retrieval_en,,full_cache_correct,random,svdd_prerope,0.2,0.2,6,6,6,0,0,0.16666666666666666,0.8333333333333334,-0.6666666666666666,-1.0,-0.3333333333333333,0,2,4,2000,case,20260927
task,passage_retrieval_en,,all,random,full,0.5,1.0,6,6,6,0,0,0.8333333333333334,1.0,-0.16666666666666666,-0.5,0.0,0,5,1,2000,case,20260927
task,passage_retrieval_en,,full_cache_correct,random,full,0.5,1.0,6,6,6,0,0,0.8333333333333334,1.0,-0.16666666666666666,-0.5,0.0,0,5,1,2000,case,20260927
task,passage_retrieval_en,,all,random,keydiff,0.5,0.5,6,6,6,0,0,0.8333333333333334,1.0,-0.16666666666666666,-0.5,0.0,0,5,1,2000,case,20260927
task,passage_retrieval_en,,full_cache_correct,random,keydiff,0.5,0.5,6,6,6,0,0,0.8333333333333334,1.0,-0.16666666666666666,-0.5,0.0,0,5,1,2000,case,20260927
task,passage_retrieval_en,,all,random,knorm,0.5,0.5,6,6,6,0,0,0.8333333333333334,0.5,0.3333333333333333,-0.3333333333333333,0.8333333333333334,3,2,1,2000,case,20260927
task,passage_retrieval_en,,full_cache_correct,random,knorm,0.5,0.5,6,6,6,0,0,0.8333333333333334,0.5,0.3333333333333333,-0.3333333333333333,0.8333333333333334,3,2,1,2000,case,20260927
task,passage_retrieval_en,,all,random,leverage,0.5,0.5,6,6,6,0,0,0.8333333333333334,1.0,-0.16666666666666666,-0.5,0.0,0,5,1,2000,case,20260927
task,passage_retrieval_en,,full_cache_correct,random,leverage,0.5,0.5,6,6,6,0,0,0.8333333333333334,1.0,-0.16666666666666666,-0.5,0.0,0,5,1,2000,case,20260927
task,passage_retrieval_en,,all,random,snapkv,0.5,0.5,6,6,6,0,0,0.8333333333333334,1.0,-0.16666666666666666,-0.5,0.0,0,5,1,2000,case,20260927
task,passage_retrieval_en,,full_cache_correct,random,snapkv,0.5,0.5,6,6,6,0,0,0.8333333333333334,1.0,-0.16666666666666666,-0.5,0.0,0,5,1,2000,case,20260927
task,passage_retrieval_en,,all,random,streaming,0.5,0.5,6,6,6,0,0,0.8333333333333334,0.0,0.8333333333333334,0.5,1.0,5,1,0,2000,case,20260927
task,passage_retrieval_en,,full_cache_correct,random,streaming,0.5,0.5,6,6,6,0,0,0.8333333333333334,0.0,0.8333333333333334,0.5,1.0,5,1,0,2000,case,20260927
task,passage_retrieval_en,,all,random,svdd,0.5,0.5,6,6,6,0,0,0.8333333333333334,1.0,-0.16666666666666666,-0.5,0.0,0,5,1,2000,case,20260927
task,passage_retrieval_en,,full_cache_correct,random,svdd,0.5,0.5,6,6,6,0,0,0.8333333333333334,1.0,-0.16666666666666666,-0.5,0.0,0,5,1,2000,case,20260927
task,passage_retrieval_en,,all,random,svdd_prerope,0.5,0.5,6,6,6,0,0,0.8333333333333334,1.0,-0.16666666666666666,-0.5,0.0,0,5,1,2000,case,20260927
task,passage_retrieval_en,,full_cache_correct,random,svdd_prerope,0.5,0.5,6,6,6,0,0,0.8333333333333334,1.0,-0.16666666666666666,-0.5,0.0,0,5,1,2000,case,20260927
task,passage_retrieval_en,,all,snapkv,full,0.1,1.0,6,6,6,0,0,0.5,1.0,-0.5,-0.8333333333333334,-0.16666666666666666,0,3,3,2000,case,20260927
task,passage_retrieval_en,,full_cache_correct,snapkv,full,0.1,1.0,6,6,6,0,0,0.5,1.0,-0.5,-0.8333333333333334,-0.16666666666666666,0,3,3,2000,case,20260927
task,passage_retrieval_en,,all,snapkv,keydiff,0.1,0.1,6,6,6,0,0,0.5,0.16666666666666666,0.3333333333333333,0.0,0.6666666666666666,2,4,0,2000,case,20260927
task,passage_retrieval_en,,full_cache_correct,snapkv,keydiff,0.1,0.1,6,6,6,0,0,0.5,0.16666666666666666,0.3333333333333333,0.0,0.6666666666666666,2,4,0,2000,case,20260927
task,passage_retrieval_en,,all,snapkv,knorm,0.1,0.1,6,6,6,0,0,0.5,0.16666666666666666,0.3333333333333333,0.0,0.6666666666666666,2,4,0,2000,case,20260927
task,passage_retrieval_en,,full_cache_correct,snapkv,knorm,0.1,0.1,6,6,6,0,0,0.5,0.16666666666666666,0.3333333333333333,0.0,0.6666666666666666,2,4,0,2000,case,20260927
task,passage_retrieval_en,,all,snapkv,leverage,0.1,0.1,6,6,6,0,0,0.5,0.6666666666666666,-0.16666666666666666,-0.8333333333333334,0.5,2,1,3,2000,case,20260927
task,passage_retrieval_en,,full_cache_correct,snapkv,leverage,0.1,0.1,6,6,6,0,0,0.5,0.6666666666666666,-0.16666666666666666,-0.8333333333333334,0.5,2,1,3,2000,case,20260927
task,passage_retrieval_en,,all,snapkv,random,0.1,0.1,6,6,6,0,0,0.5,0.16666666666666666,0.3333333333333333,0.0,0.6666666666666666,2,4,0,2000,case,20260927
task,passage_retrieval_en,,full_cache_correct,snapkv,random,0.1,0.1,6,6,6,0,0,0.5,0.16666666666666666,0.3333333333333333,0.0,0.6666666666666666,2,4,0,2000,case,20260927
task,passage_retrieval_en,,all,snapkv,streaming,0.1,0.1,6,6,6,0,0,0.5,0.0,0.5,0.16666666666666666,0.8333333333333334,3,3,0,2000,case,20260927
task,passage_retrieval_en,,full_cache_correct,snapkv,streaming,0.1,0.1,6,6,6,0,0,0.5,0.0,0.5,0.16666666666666666,0.8333333333333334,3,3,0,2000,case,20260927
task,passage_retrieval_en,,all,snapkv,svdd,0.1,0.1,6,6,6,0,0,0.5,0.16666666666666666,0.3333333333333333,0.0,0.6666666666666666,2,4,0,2000,case,20260927
task,passage_retrieval_en,,full_cache_correct,snapkv,svdd,0.1,0.1,6,6,6,0,0,0.5,0.16666666666666666,0.3333333333333333,0.0,0.6666666666666666,2,4,0,2000,case,20260927
task,passage_retrieval_en,,all,snapkv,svdd_prerope,0.1,0.1,6,6,6,0,0,0.5,0.5,0.0,-0.5,0.5,1,4,1,2000,case,20260927
task,passage_retrieval_en,,full_cache_correct,snapkv,svdd_prerope,0.1,0.1,6,6,6,0,0,0.5,0.5,0.0,-0.33749999999999974,0.5,1,4,1,2000,case,20260927
task,passage_retrieval_en,,all,snapkv,full,0.2,1.0,6,6,6,0,0,0.8333333333333334,1.0,-0.16666666666666666,-0.5,0.0,0,5,1,2000,case,20260927
task,passage_retrieval_en,,full_cache_correct,snapkv,full,0.2,1.0,6,6,6,0,0,0.8333333333333334,1.0,-0.16666666666666666,-0.5,0.0,0,5,1,2000,case,20260927
task,passage_retrieval_en,,all,snapkv,keydiff,0.2,0.2,6,6,6,0,0,0.8333333333333334,0.8333333333333334,0.0,-0.5,0.5,1,4,1,2000,case,20260927
task,passage_retrieval_en,,full_cache_correct,snapkv,keydiff,0.2,0.2,6,6,6,0,0,0.8333333333333334,0.8333333333333334,0.0,-0.5,0.5,1,4,1,2000,case,20260927
task,passage_retrieval_en,,all,snapkv,knorm,0.2,0.2,6,6,6,0,0,0.8333333333333334,0.0,0.8333333333333334,0.5,1.0,5,1,0,2000,case,20260927
task,passage_retrieval_en,,full_cache_correct,snapkv,knorm,0.2,0.2,6,6,6,0,0,0.8333333333333334,0.0,0.8333333333333334,0.5,1.0,5,1,0,2000,case,20260927
task,passage_retrieval_en,,all,snapkv,leverage,0.2,0.2,6,6,6,0,0,0.8333333333333334,0.8333333333333334,0.0,-0.5,0.5,1,4,1,2000,case,20260927
task,passage_retrieval_en,,full_cache_correct,snapkv,leverage,0.2,0.2,6,6,6,0,0,0.8333333333333334,0.8333333333333334,0.0,-0.5,0.5,1,4,1,2000,case,20260927
task,passage_retrieval_en,,all,snapkv,random,0.2,0.2,6,6,6,0,0,0.8333333333333334,0.16666666666666666,0.6666666666666666,0.3333333333333333,1.0,4,2,0,2000,case,20260927
task,passage_retrieval_en,,full_cache_correct,snapkv,random,0.2,0.2,6,6,6,0,0,0.8333333333333334,0.16666666666666666,0.6666666666666666,0.3333333333333333,1.0,4,2,0,2000,case,20260927
task,passage_retrieval_en,,all,snapkv,streaming,0.2,0.2,6,6,6,0,0,0.8333333333333334,0.0,0.8333333333333334,0.5,1.0,5,1,0,2000,case,20260927
task,passage_retrieval_en,,full_cache_correct,snapkv,streaming,0.2,0.2,6,6,6,0,0,0.8333333333333334,0.0,0.8333333333333334,0.5,1.0,5,1,0,2000,case,20260927
task,passage_retrieval_en,,all,snapkv,svdd,0.2,0.2,6,6,6,0,0,0.8333333333333334,0.6666666666666666,0.16666666666666666,0.0,0.5,1,5,0,2000,case,20260927
task,passage_retrieval_en,,full_cache_correct,snapkv,svdd,0.2,0.2,6,6,6,0,0,0.8333333333333334,0.6666666666666666,0.16666666666666666,0.0,0.5,1,5,0,2000,case,20260927
task,passage_retrieval_en,,all,snapkv,svdd_prerope,0.2,0.2,6,6,6,0,0,0.8333333333333334,0.8333333333333334,0.0,0.0,0.0,0,6,0,2000,case,20260927
task,passage_retrieval_en,,full_cache_correct,snapkv,svdd_prerope,0.2,0.2,6,6,6,0,0,0.8333333333333334,0.8333333333333334,0.0,0.0,0.0,0,6,0,2000,case,20260927
task,passage_retrieval_en,,all,snapkv,full,0.5,1.0,6,6,6,0,0,1.0,1.0,0.0,0.0,0.0,0,6,0,2000,case,20260927
task,passage_retrieval_en,,full_cache_correct,snapkv,full,0.5,1.0,6,6,6,0,0,1.0,1.0,0.0,0.0,0.0,0,6,0,2000,case,20260927
task,passage_retrieval_en,,all,snapkv,keydiff,0.5,0.5,6,6,6,0,0,1.0,1.0,0.0,0.0,0.0,0,6,0,2000,case,20260927
task,passage_retrieval_en,,full_cache_correct,snapkv,keydiff,0.5,0.5,6,6,6,0,0,1.0,1.0,0.0,0.0,0.0,0,6,0,2000,case,20260927
task,passage_retrieval_en,,all,snapkv,knorm,0.5,0.5,6,6,6,0,0,1.0,0.5,0.5,0.16666666666666666,0.8333333333333334,3,3,0,2000,case,20260927
task,passage_retrieval_en,,full_cache_correct,snapkv,knorm,0.5,0.5,6,6,6,0,0,1.0,0.5,0.5,0.16666666666666666,0.8333333333333334,3,3,0,2000,case,20260927
task,passage_retrieval_en,,all,snapkv,leverage,0.5,0.5,6,6,6,0,0,1.0,1.0,0.0,0.0,0.0,0,6,0,2000,case,20260927
task,passage_retrieval_en,,full_cache_correct,snapkv,leverage,0.5,0.5,6,6,6,0,0,1.0,1.0,0.0,0.0,0.0,0,6,0,2000,case,20260927
task,passage_retrieval_en,,all,snapkv,random,0.5,0.5,6,6,6,0,0,1.0,0.8333333333333334,0.16666666666666666,0.0,0.5,1,5,0,2000,case,20260927
task,passage_retrieval_en,,full_cache_correct,snapkv,random,0.5,0.5,6,6,6,0,0,1.0,0.8333333333333334,0.16666666666666666,0.0,0.5,1,5,0,2000,case,20260927
task,passage_retrieval_en,,all,snapkv,streaming,0.5,0.5,6,6,6,0,0,1.0,0.0,1.0,1.0,1.0,6,0,0,2000,case,20260927
task,passage_retrieval_en,,full_cache_correct,snapkv,streaming,0.5,0.5,6,6,6,0,0,1.0,0.0,1.0,1.0,1.0,6,0,0,2000,case,20260927
task,passage_retrieval_en,,all,snapkv,svdd,0.5,0.5,6,6,6,0,0,1.0,1.0,0.0,0.0,0.0,0,6,0,2000,case,20260927
task,passage_retrieval_en,,full_cache_correct,snapkv,svdd,0.5,0.5,6,6,6,0,0,1.0,1.0,0.0,0.0,0.0,0,6,0,2000,case,20260927
task,passage_retrieval_en,,all,snapkv,svdd_prerope,0.5,0.5,6,6,6,0,0,1.0,1.0,0.0,0.0,0.0,0,6,0,2000,case,20260927
task,passage_retrieval_en,,full_cache_correct,snapkv,svdd_prerope,0.5,0.5,6,6,6,0,0,1.0,1.0,0.0,0.0,0.0,0,6,0,2000,case,20260927
task,passage_retrieval_en,,all,streaming,full,0.1,1.0,6,6,6,0,0,0.0,1.0,-1.0,-1.0,-1.0,0,0,6,2000,case,20260927
task,passage_retrieval_en,,full_cache_correct,streaming,full,0.1,1.0,6,6,6,0,0,0.0,1.0,-1.0,-1.0,-1.0,0,0,6,2000,case,20260927
task,passage_retrieval_en,,all,streaming,keydiff,0.1,0.1,6,6,6,0,0,0.0,0.16666666666666666,-0.16666666666666666,-0.5,0.0,0,5,1,2000,case,20260927
task,passage_retrieval_en,,full_cache_correct,streaming,keydiff,0.1,0.1,6,6,6,0,0,0.0,0.16666666666666666,-0.16666666666666666,-0.5,0.0,0,5,1,2000,case,20260927
task,passage_retrieval_en,,all,streaming,knorm,0.1,0.1,6,6,6,0,0,0.0,0.16666666666666666,-0.16666666666666666,-0.5,0.0,0,5,1,2000,case,20260927
task,passage_retrieval_en,,full_cache_correct,streaming,knorm,0.1,0.1,6,6,6,0,0,0.0,0.16666666666666666,-0.16666666666666666,-0.5,0.0,0,5,1,2000,case,20260927
task,passage_retrieval_en,,all,streaming,leverage,0.1,0.1,6,6,6,0,0,0.0,0.6666666666666666,-0.6666666666666666,-1.0,-0.3333333333333333,0,2,4,2000,case,20260927
task,passage_retrieval_en,,full_cache_correct,streaming,leverage,0.1,0.1,6,6,6,0,0,0.0,0.6666666666666666,-0.6666666666666666,-1.0,-0.3333333333333333,0,2,4,2000,case,20260927
task,passage_retrieval_en,,all,streaming,random,0.1,0.1,6,6,6,0,0,0.0,0.16666666666666666,-0.16666666666666666,-0.5,0.0,0,5,1,2000,case,20260927
task,passage_retrieval_en,,full_cache_correct,streaming,random,0.1,0.1,6,6,6,0,0,0.0,0.16666666666666666,-0.16666666666666666,-0.5,0.0,0,5,1,2000,case,20260927
task,passage_retrieval_en,,all,streaming,snapkv,0.1,0.1,6,6,6,0,0,0.0,0.5,-0.5,-0.8333333333333334,-0.16666666666666666,0,3,3,2000,case,20260927
task,passage_retrieval_en,,full_cache_correct,streaming,snapkv,0.1,0.1,6,6,6,0,0,0.0,0.5,-0.5,-0.8333333333333334,-0.16666666666666666,0,3,3,2000,case,20260927
task,passage_retrieval_en,,all,streaming,svdd,0.1,0.1,6,6,6,0,0,0.0,0.16666666666666666,-0.16666666666666666,-0.5,0.0,0,5,1,2000,case,20260927
task,passage_retrieval_en,,full_cache_correct,streaming,svdd,0.1,0.1,6,6,6,0,0,0.0,0.16666666666666666,-0.16666666666666666,-0.5,0.0,0,5,1,2000,case,20260927
task,passage_retrieval_en,,all,streaming,svdd_prerope,0.1,0.1,6,6,6,0,0,0.0,0.5,-0.5,-0.8333333333333334,-0.16666666666666666,0,3,3,2000,case,20260927
task,passage_retrieval_en,,full_cache_correct,streaming,svdd_prerope,0.1,0.1,6,6,6,0,0,0.0,0.5,-0.5,-0.8333333333333334,-0.16666666666666666,0,3,3,2000,case,20260927
task,passage_retrieval_en,,all,streaming,full,0.2,1.0,6,6,6,0,0,0.0,1.0,-1.0,-1.0,-1.0,0,0,6,2000,case,20260927
task,passage_retrieval_en,,full_cache_correct,streaming,full,0.2,1.0,6,6,6,0,0,0.0,1.0,-1.0,-1.0,-1.0,0,0,6,2000,case,20260927
task,passage_retrieval_en,,all,streaming,keydiff,0.2,0.2,6,6,6,0,0,0.0,0.8333333333333334,-0.8333333333333334,-1.0,-0.5,0,1,5,2000,case,20260927
task,passage_retrieval_en,,full_cache_correct,streaming,keydiff,0.2,0.2,6,6,6,0,0,0.0,0.8333333333333334,-0.8333333333333334,-1.0,-0.5,0,1,5,2000,case,20260927
task,passage_retrieval_en,,all,streaming,knorm,0.2,0.2,6,6,6,0,0,0.0,0.0,0.0,0.0,0.0,0,6,0,2000,case,20260927
task,passage_retrieval_en,,full_cache_correct,streaming,knorm,0.2,0.2,6,6,6,0,0,0.0,0.0,0.0,0.0,0.0,0,6,0,2000,case,20260927
task,passage_retrieval_en,,all,streaming,leverage,0.2,0.2,6,6,6,0,0,0.0,0.8333333333333334,-0.8333333333333334,-1.0,-0.5,0,1,5,2000,case,20260927
task,passage_retrieval_en,,full_cache_correct,streaming,leverage,0.2,0.2,6,6,6,0,0,0.0,0.8333333333333334,-0.8333333333333334,-1.0,-0.5,0,1,5,2000,case,20260927
task,passage_retrieval_en,,all,streaming,random,0.2,0.2,6,6,6,0,0,0.0,0.16666666666666666,-0.16666666666666666,-0.5,0.0,0,5,1,2000,case,20260927
task,passage_retrieval_en,,full_cache_correct,streaming,random,0.2,0.2,6,6,6,0,0,0.0,0.16666666666666666,-0.16666666666666666,-0.5,0.0,0,5,1,2000,case,20260927
task,passage_retrieval_en,,all,streaming,snapkv,0.2,0.2,6,6,6,0,0,0.0,0.8333333333333334,-0.8333333333333334,-1.0,-0.5,0,1,5,2000,case,20260927
task,passage_retrieval_en,,full_cache_correct,streaming,snapkv,0.2,0.2,6,6,6,0,0,0.0,0.8333333333333334,-0.8333333333333334,-1.0,-0.5,0,1,5,2000,case,20260927
task,passage_retrieval_en,,all,streaming,svdd,0.2,0.2,6,6,6,0,0,0.0,0.6666666666666666,-0.6666666666666666,-1.0,-0.3333333333333333,0,2,4,2000,case,20260927
task,passage_retrieval_en,,full_cache_correct,streaming,svdd,0.2,0.2,6,6,6,0,0,0.0,0.6666666666666666,-0.6666666666666666,-1.0,-0.3333333333333333,0,2,4,2000,case,20260927
task,passage_retrieval_en,,all,streaming,svdd_prerope,0.2,0.2,6,6,6,0,0,0.0,0.8333333333333334,-0.8333333333333334,-1.0,-0.5,0,1,5,2000,case,20260927
task,passage_retrieval_en,,full_cache_correct,streaming,svdd_prerope,0.2,0.2,6,6,6,0,0,0.0,0.8333333333333334,-0.8333333333333334,-1.0,-0.5,0,1,5,2000,case,20260927
task,passage_retrieval_en,,all,streaming,full,0.5,1.0,6,6,6,0,0,0.0,1.0,-1.0,-1.0,-1.0,0,0,6,2000,case,20260927
task,passage_retrieval_en,,full_cache_correct,streaming,full,0.5,1.0,6,6,6,0,0,0.0,1.0,-1.0,-1.0,-1.0,0,0,6,2000,case,20260927
task,passage_retrieval_en,,all,streaming,keydiff,0.5,0.5,6,6,6,0,0,0.0,1.0,-1.0,-1.0,-1.0,0,0,6,2000,case,20260927
task,passage_retrieval_en,,full_cache_correct,streaming,keydiff,0.5,0.5,6,6,6,0,0,0.0,1.0,-1.0,-1.0,-1.0,0,0,6,2000,case,20260927
task,passage_retrieval_en,,all,streaming,knorm,0.5,0.5,6,6,6,0,0,0.0,0.5,-0.5,-0.8333333333333334,-0.16666666666666666,0,3,3,2000,case,20260927
task,passage_retrieval_en,,full_cache_correct,streaming,knorm,0.5,0.5,6,6,6,0,0,0.0,0.5,-0.5,-0.8333333333333334,-0.16666666666666666,0,3,3,2000,case,20260927
task,passage_retrieval_en,,all,streaming,leverage,0.5,0.5,6,6,6,0,0,0.0,1.0,-1.0,-1.0,-1.0,0,0,6,2000,case,20260927
task,passage_retrieval_en,,full_cache_correct,streaming,leverage,0.5,0.5,6,6,6,0,0,0.0,1.0,-1.0,-1.0,-1.0,0,0,6,2000,case,20260927
task,passage_retrieval_en,,all,streaming,random,0.5,0.5,6,6,6,0,0,0.0,0.8333333333333334,-0.8333333333333334,-1.0,-0.5,0,1,5,2000,case,20260927
task,passage_retrieval_en,,full_cache_correct,streaming,random,0.5,0.5,6,6,6,0,0,0.0,0.8333333333333334,-0.8333333333333334,-1.0,-0.5,0,1,5,2000,case,20260927
task,passage_retrieval_en,,all,streaming,snapkv,0.5,0.5,6,6,6,0,0,0.0,1.0,-1.0,-1.0,-1.0,0,0,6,2000,case,20260927
task,passage_retrieval_en,,full_cache_correct,streaming,snapkv,0.5,0.5,6,6,6,0,0,0.0,1.0,-1.0,-1.0,-1.0,0,0,6,2000,case,20260927
task,passage_retrieval_en,,all,streaming,svdd,0.5,0.5,6,6,6,0,0,0.0,1.0,-1.0,-1.0,-1.0,0,0,6,2000,case,20260927
task,passage_retrieval_en,,full_cache_correct,streaming,svdd,0.5,0.5,6,6,6,0,0,0.0,1.0,-1.0,-1.0,-1.0,0,0,6,2000,case,20260927
task,passage_retrieval_en,,all,streaming,svdd_prerope,0.5,0.5,6,6,6,0,0,0.0,1.0,-1.0,-1.0,-1.0,0,0,6,2000,case,20260927
task,passage_retrieval_en,,full_cache_correct,streaming,svdd_prerope,0.5,0.5,6,6,6,0,0,0.0,1.0,-1.0,-1.0,-1.0,0,0,6,2000,case,20260927
task,passage_retrieval_en,,all,svdd,full,0.1,1.0,6,6,6,0,0,0.16666666666666666,1.0,-0.8333333333333334,-1.0,-0.5,0,1,5,2000,case,20260927
task,passage_retrieval_en,,full_cache_correct,svdd,full,0.1,1.0,6,6,6,0,0,0.16666666666666666,1.0,-0.8333333333333334,-1.0,-0.5,0,1,5,2000,case,20260927
task,passage_retrieval_en,,all,svdd,keydiff,0.1,0.1,6,6,6,0,0,0.16666666666666666,0.16666666666666666,0.0,-0.5,0.5,1,4,1,2000,case,20260927
task,passage_retrieval_en,,full_cache_correct,svdd,keydiff,0.1,0.1,6,6,6,0,0,0.16666666666666666,0.16666666666666666,0.0,-0.5,0.5,1,4,1,2000,case,20260927
task,passage_retrieval_en,,all,svdd,knorm,0.1,0.1,6,6,6,0,0,0.16666666666666666,0.16666666666666666,0.0,-0.5,0.5,1,4,1,2000,case,20260927
task,passage_retrieval_en,,full_cache_correct,svdd,knorm,0.1,0.1,6,6,6,0,0,0.16666666666666666,0.16666666666666666,0.0,-0.5,0.5,1,4,1,2000,case,20260927
task,passage_retrieval_en,,all,svdd,leverage,0.1,0.1,6,6,6,0,0,0.16666666666666666,0.6666666666666666,-0.5,-0.8333333333333334,-0.16666666666666666,0,3,3,2000,case,20260927
task,passage_retrieval_en,,full_cache_correct,svdd,leverage,0.1,0.1,6,6,6,0,0,0.16666666666666666,0.6666666666666666,-0.5,-0.8333333333333334,-0.16666666666666666,0,3,3,2000,case,20260927
task,passage_retrieval_en,,all,svdd,random,0.1,0.1,6,6,6,0,0,0.16666666666666666,0.16666666666666666,0.0,-0.5,0.5,1,4,1,2000,case,20260927
task,passage_retrieval_en,,full_cache_correct,svdd,random,0.1,0.1,6,6,6,0,0,0.16666666666666666,0.16666666666666666,0.0,-0.5,0.5,1,4,1,2000,case,20260927
task,passage_retrieval_en,,all,svdd,snapkv,0.1,0.1,6,6,6,0,0,0.16666666666666666,0.5,-0.3333333333333333,-0.6666666666666666,0.0,0,4,2,2000,case,20260927
task,passage_retrieval_en,,full_cache_correct,svdd,snapkv,0.1,0.1,6,6,6,0,0,0.16666666666666666,0.5,-0.3333333333333333,-0.6666666666666666,0.0,0,4,2,2000,case,20260927
task,passage_retrieval_en,,all,svdd,streaming,0.1,0.1,6,6,6,0,0,0.16666666666666666,0.0,0.16666666666666666,0.0,0.5,1,5,0,2000,case,20260927
task,passage_retrieval_en,,full_cache_correct,svdd,streaming,0.1,0.1,6,6,6,0,0,0.16666666666666666,0.0,0.16666666666666666,0.0,0.5,1,5,0,2000,case,20260927
task,passage_retrieval_en,,all,svdd,svdd_prerope,0.1,0.1,6,6,6,0,0,0.16666666666666666,0.5,-0.3333333333333333,-0.6666666666666666,0.0,0,4,2,2000,case,20260927
task,passage_retrieval_en,,full_cache_correct,svdd,svdd_prerope,0.1,0.1,6,6,6,0,0,0.16666666666666666,0.5,-0.3333333333333333,-0.6666666666666666,0.0,0,4,2,2000,case,20260927
task,passage_retrieval_en,,all,svdd,full,0.2,1.0,6,6,6,0,0,0.6666666666666666,1.0,-0.3333333333333333,-0.6666666666666666,0.0,0,4,2,2000,case,20260927
task,passage_retrieval_en,,full_cache_correct,svdd,full,0.2,1.0,6,6,6,0,0,0.6666666666666666,1.0,-0.3333333333333333,-0.6666666666666666,0.0,0,4,2,2000,case,20260927
task,passage_retrieval_en,,all,svdd,keydiff,0.2,0.2,6,6,6,0,0,0.6666666666666666,0.8333333333333334,-0.16666666666666666,-0.5,0.0,0,5,1,2000,case,20260927
task,passage_retrieval_en,,full_cache_correct,svdd,keydiff,0.2,0.2,6,6,6,0,0,0.6666666666666666,0.8333333333333334,-0.16666666666666666,-0.5,0.0,0,5,1,2000,case,20260927
task,passage_retrieval_en,,all,svdd,knorm,0.2,0.2,6,6,6,0,0,0.6666666666666666,0.0,0.6666666666666666,0.3333333333333333,1.0,4,2,0,2000,case,20260927
task,passage_retrieval_en,,full_cache_correct,svdd,knorm,0.2,0.2,6,6,6,0,0,0.6666666666666666,0.0,0.6666666666666666,0.3333333333333333,1.0,4,2,0,2000,case,20260927
task,passage_retrieval_en,,all,svdd,leverage,0.2,0.2,6,6,6,0,0,0.6666666666666666,0.8333333333333334,-0.16666666666666666,-0.5,0.0,0,5,1,2000,case,20260927
task,passage_retrieval_en,,full_cache_correct,svdd,leverage,0.2,0.2,6,6,6,0,0,0.6666666666666666,0.8333333333333334,-0.16666666666666666,-0.5,0.0,0,5,1,2000,case,20260927
task,passage_retrieval_en,,all,svdd,random,0.2,0.2,6,6,6,0,0,0.6666666666666666,0.16666666666666666,0.5,0.16666666666666666,0.8333333333333334,3,3,0,2000,case,20260927
task,passage_retrieval_en,,full_cache_correct,svdd,random,0.2,0.2,6,6,6,0,0,0.6666666666666666,0.16666666666666666,0.5,0.16666666666666666,1.0,3,3,0,2000,case,20260927
task,passage_retrieval_en,,all,svdd,snapkv,0.2,0.2,6,6,6,0,0,0.6666666666666666,0.8333333333333334,-0.16666666666666666,-0.5,0.0,0,5,1,2000,case,20260927
task,passage_retrieval_en,,full_cache_correct,svdd,snapkv,0.2,0.2,6,6,6,0,0,0.6666666666666666,0.8333333333333334,-0.16666666666666666,-0.5,0.0,0,5,1,2000,case,20260927
task,passage_retrieval_en,,all,svdd,streaming,0.2,0.2,6,6,6,0,0,0.6666666666666666,0.0,0.6666666666666666,0.3333333333333333,1.0,4,2,0,2000,case,20260927
task,passage_retrieval_en,,full_cache_correct,svdd,streaming,0.2,0.2,6,6,6,0,0,0.6666666666666666,0.0,0.6666666666666666,0.3333333333333333,1.0,4,2,0,2000,case,20260927
task,passage_retrieval_en,,all,svdd,svdd_prerope,0.2,0.2,6,6,6,0,0,0.6666666666666666,0.8333333333333334,-0.16666666666666666,-0.5,0.0,0,5,1,2000,case,20260927
task,passage_retrieval_en,,full_cache_correct,svdd,svdd_prerope,0.2,0.2,6,6,6,0,0,0.6666666666666666,0.8333333333333334,-0.16666666666666666,-0.5,0.0,0,5,1,2000,case,20260927
task,passage_retrieval_en,,all,svdd,full,0.5,1.0,6,6,6,0,0,1.0,1.0,0.0,0.0,0.0,0,6,0,2000,case,20260927
task,passage_retrieval_en,,full_cache_correct,svdd,full,0.5,1.0,6,6,6,0,0,1.0,1.0,0.0,0.0,0.0,0,6,0,2000,case,20260927
task,passage_retrieval_en,,all,svdd,keydiff,0.5,0.5,6,6,6,0,0,1.0,1.0,0.0,0.0,0.0,0,6,0,2000,case,20260927
task,passage_retrieval_en,,full_cache_correct,svdd,keydiff,0.5,0.5,6,6,6,0,0,1.0,1.0,0.0,0.0,0.0,0,6,0,2000,case,20260927
task,passage_retrieval_en,,all,svdd,knorm,0.5,0.5,6,6,6,0,0,1.0,0.5,0.5,0.16666666666666666,0.8333333333333334,3,3,0,2000,case,20260927
task,passage_retrieval_en,,full_cache_correct,svdd,knorm,0.5,0.5,6,6,6,0,0,1.0,0.5,0.5,0.16666666666666666,0.8333333333333334,3,3,0,2000,case,20260927
task,passage_retrieval_en,,all,svdd,leverage,0.5,0.5,6,6,6,0,0,1.0,1.0,0.0,0.0,0.0,0,6,0,2000,case,20260927
task,passage_retrieval_en,,full_cache_correct,svdd,leverage,0.5,0.5,6,6,6,0,0,1.0,1.0,0.0,0.0,0.0,0,6,0,2000,case,20260927
task,passage_retrieval_en,,all,svdd,random,0.5,0.5,6,6,6,0,0,1.0,0.8333333333333334,0.16666666666666666,0.0,0.5,1,5,0,2000,case,20260927
task,passage_retrieval_en,,full_cache_correct,svdd,random,0.5,0.5,6,6,6,0,0,1.0,0.8333333333333334,0.16666666666666666,0.0,0.5,1,5,0,2000,case,20260927
task,passage_retrieval_en,,all,svdd,snapkv,0.5,0.5,6,6,6,0,0,1.0,1.0,0.0,0.0,0.0,0,6,0,2000,case,20260927
task,passage_retrieval_en,,full_cache_correct,svdd,snapkv,0.5,0.5,6,6,6,0,0,1.0,1.0,0.0,0.0,0.0,0,6,0,2000,case,20260927
task,passage_retrieval_en,,all,svdd,streaming,0.5,0.5,6,6,6,0,0,1.0,0.0,1.0,1.0,1.0,6,0,0,2000,case,20260927
task,passage_retrieval_en,,full_cache_correct,svdd,streaming,0.5,0.5,6,6,6,0,0,1.0,0.0,1.0,1.0,1.0,6,0,0,2000,case,20260927
task,passage_retrieval_en,,all,svdd,svdd_prerope,0.5,0.5,6,6,6,0,0,1.0,1.0,0.0,0.0,0.0,0,6,0,2000,case,20260927
task,passage_retrieval_en,,full_cache_correct,svdd,svdd_prerope,0.5,0.5,6,6,6,0,0,1.0,1.0,0.0,0.0,0.0,0,6,0,2000,case,20260927
task,passage_retrieval_en,,all,svdd_prerope,full,0.1,1.0,6,6,6,0,0,0.5,1.0,-0.5,-0.8333333333333334,-0.16666666666666666,0,3,3,2000,case,20260927
task,passage_retrieval_en,,full_cache_correct,svdd_prerope,full,0.1,1.0,6,6,6,0,0,0.5,1.0,-0.5,-0.8333333333333334,-0.16666666666666666,0,3,3,2000,case,20260927
task,passage_retrieval_en,,all,svdd_prerope,keydiff,0.1,0.1,6,6,6,0,0,0.5,0.16666666666666666,0.3333333333333333,0.0,0.6666666666666666,2,4,0,2000,case,20260927
task,passage_retrieval_en,,full_cache_correct,svdd_prerope,keydiff,0.1,0.1,6,6,6,0,0,0.5,0.16666666666666666,0.3333333333333333,0.0,0.6666666666666666,2,4,0,2000,case,20260927
task,passage_retrieval_en,,all,svdd_prerope,knorm,0.1,0.1,6,6,6,0,0,0.5,0.16666666666666666,0.3333333333333333,0.0,0.6666666666666666,2,4,0,2000,case,20260927
task,passage_retrieval_en,,full_cache_correct,svdd_prerope,knorm,0.1,0.1,6,6,6,0,0,0.5,0.16666666666666666,0.3333333333333333,0.0,0.6666666666666666,2,4,0,2000,case,20260927
task,passage_retrieval_en,,all,svdd_prerope,leverage,0.1,0.1,6,6,6,0,0,0.5,0.6666666666666666,-0.16666666666666666,-0.6666666666666666,0.3333333333333333,1,3,2,2000,case,20260927
task,passage_retrieval_en,,full_cache_correct,svdd_prerope,leverage,0.1,0.1,6,6,6,0,0,0.5,0.6666666666666666,-0.16666666666666666,-0.6666666666666666,0.3333333333333333,1,3,2,2000,case,20260927
task,passage_retrieval_en,,all,svdd_prerope,random,0.1,0.1,6,6,6,0,0,0.5,0.16666666666666666,0.3333333333333333,0.0,0.6666666666666666,2,4,0,2000,case,20260927
task,passage_retrieval_en,,full_cache_correct,svdd_prerope,random,0.1,0.1,6,6,6,0,0,0.5,0.16666666666666666,0.3333333333333333,0.0,0.6666666666666666,2,4,0,2000,case,20260927
task,passage_retrieval_en,,all,svdd_prerope,snapkv,0.1,0.1,6,6,6,0,0,0.5,0.5,0.0,-0.5,0.5,1,4,1,2000,case,20260927
task,passage_retrieval_en,,full_cache_correct,svdd_prerope,snapkv,0.1,0.1,6,6,6,0,0,0.5,0.5,0.0,-0.5,0.5,1,4,1,2000,case,20260927
task,passage_retrieval_en,,all,svdd_prerope,streaming,0.1,0.1,6,6,6,0,0,0.5,0.0,0.5,0.16666666666666666,0.8333333333333334,3,3,0,2000,case,20260927
task,passage_retrieval_en,,full_cache_correct,svdd_prerope,streaming,0.1,0.1,6,6,6,0,0,0.5,0.0,0.5,0.16666666666666666,0.8333333333333334,3,3,0,2000,case,20260927
task,passage_retrieval_en,,all,svdd_prerope,svdd,0.1,0.1,6,6,6,0,0,0.5,0.16666666666666666,0.3333333333333333,0.0,0.6666666666666666,2,4,0,2000,case,20260927
task,passage_retrieval_en,,full_cache_correct,svdd_prerope,svdd,0.1,0.1,6,6,6,0,0,0.5,0.16666666666666666,0.3333333333333333,0.0,0.6666666666666666,2,4,0,2000,case,20260927
task,passage_retrieval_en,,all,svdd_prerope,full,0.2,1.0,6,6,6,0,0,0.8333333333333334,1.0,-0.16666666666666666,-0.5,0.0,0,5,1,2000,case,20260927
task,passage_retrieval_en,,full_cache_correct,svdd_prerope,full,0.2,1.0,6,6,6,0,0,0.8333333333333334,1.0,-0.16666666666666666,-0.5,0.0,0,5,1,2000,case,20260927
task,passage_retrieval_en,,all,svdd_prerope,keydiff,0.2,0.2,6,6,6,0,0,0.8333333333333334,0.8333333333333334,0.0,-0.5,0.5,1,4,1,2000,case,20260927
task,passage_retrieval_en,,full_cache_correct,svdd_prerope,keydiff,0.2,0.2,6,6,6,0,0,0.8333333333333334,0.8333333333333334,0.0,-0.5,0.5,1,4,1,2000,case,20260927
task,passage_retrieval_en,,all,svdd_prerope,knorm,0.2,0.2,6,6,6,0,0,0.8333333333333334,0.0,0.8333333333333334,0.5,1.0,5,1,0,2000,case,20260927
task,passage_retrieval_en,,full_cache_correct,svdd_prerope,knorm,0.2,0.2,6,6,6,0,0,0.8333333333333334,0.0,0.8333333333333334,0.5,1.0,5,1,0,2000,case,20260927
task,passage_retrieval_en,,all,svdd_prerope,leverage,0.2,0.2,6,6,6,0,0,0.8333333333333334,0.8333333333333334,0.0,-0.5,0.5,1,4,1,2000,case,20260927
task,passage_retrieval_en,,full_cache_correct,svdd_prerope,leverage,0.2,0.2,6,6,6,0,0,0.8333333333333334,0.8333333333333334,0.0,-0.5,0.5,1,4,1,2000,case,20260927
task,passage_retrieval_en,,all,svdd_prerope,random,0.2,0.2,6,6,6,0,0,0.8333333333333334,0.16666666666666666,0.6666666666666666,0.3333333333333333,1.0,4,2,0,2000,case,20260927
task,passage_retrieval_en,,full_cache_correct,svdd_prerope,random,0.2,0.2,6,6,6,0,0,0.8333333333333334,0.16666666666666666,0.6666666666666666,0.3333333333333333,1.0,4,2,0,2000,case,20260927
task,passage_retrieval_en,,all,svdd_prerope,snapkv,0.2,0.2,6,6,6,0,0,0.8333333333333334,0.8333333333333334,0.0,0.0,0.0,0,6,0,2000,case,20260927
task,passage_retrieval_en,,full_cache_correct,svdd_prerope,snapkv,0.2,0.2,6,6,6,0,0,0.8333333333333334,0.8333333333333334,0.0,0.0,0.0,0,6,0,2000,case,20260927
task,passage_retrieval_en,,all,svdd_prerope,streaming,0.2,0.2,6,6,6,0,0,0.8333333333333334,0.0,0.8333333333333334,0.5,1.0,5,1,0,2000,case,20260927
task,passage_retrieval_en,,full_cache_correct,svdd_prerope,streaming,0.2,0.2,6,6,6,0,0,0.8333333333333334,0.0,0.8333333333333334,0.5,1.0,5,1,0,2000,case,20260927
task,passage_retrieval_en,,all,svdd_prerope,svdd,0.2,0.2,6,6,6,0,0,0.8333333333333334,0.6666666666666666,0.16666666666666666,0.0,0.5,1,5,0,2000,case,20260927
task,passage_retrieval_en,,full_cache_correct,svdd_prerope,svdd,0.2,0.2,6,6,6,0,0,0.8333333333333334,0.6666666666666666,0.16666666666666666,0.0,0.5,1,5,0,2000,case,20260927
task,passage_retrieval_en,,all,svdd_prerope,full,0.5,1.0,6,6,6,0,0,1.0,1.0,0.0,0.0,0.0,0,6,0,2000,case,20260927
task,passage_retrieval_en,,full_cache_correct,svdd_prerope,full,0.5,1.0,6,6,6,0,0,1.0,1.0,0.0,0.0,0.0,0,6,0,2000,case,20260927
task,passage_retrieval_en,,all,svdd_prerope,keydiff,0.5,0.5,6,6,6,0,0,1.0,1.0,0.0,0.0,0.0,0,6,0,2000,case,20260927
task,passage_retrieval_en,,full_cache_correct,svdd_prerope,keydiff,0.5,0.5,6,6,6,0,0,1.0,1.0,0.0,0.0,0.0,0,6,0,2000,case,20260927
task,passage_retrieval_en,,all,svdd_prerope,knorm,0.5,0.5,6,6,6,0,0,1.0,0.5,0.5,0.16666666666666666,0.8333333333333334,3,3,0,2000,case,20260927
task,passage_retrieval_en,,full_cache_correct,svdd_prerope,knorm,0.5,0.5,6,6,6,0,0,1.0,0.5,0.5,0.16666666666666666,0.8333333333333334,3,3,0,2000,case,20260927
task,passage_retrieval_en,,all,svdd_prerope,leverage,0.5,0.5,6,6,6,0,0,1.0,1.0,0.0,0.0,0.0,0,6,0,2000,case,20260927
task,passage_retrieval_en,,full_cache_correct,svdd_prerope,leverage,0.5,0.5,6,6,6,0,0,1.0,1.0,0.0,0.0,0.0,0,6,0,2000,case,20260927
task,passage_retrieval_en,,all,svdd_prerope,random,0.5,0.5,6,6,6,0,0,1.0,0.8333333333333334,0.16666666666666666,0.0,0.5,1,5,0,2000,case,20260927
task,passage_retrieval_en,,full_cache_correct,svdd_prerope,random,0.5,0.5,6,6,6,0,0,1.0,0.8333333333333334,0.16666666666666666,0.0,0.5,1,5,0,2000,case,20260927
task,passage_retrieval_en,,all,svdd_prerope,snapkv,0.5,0.5,6,6,6,0,0,1.0,1.0,0.0,0.0,0.0,0,6,0,2000,case,20260927
task,passage_retrieval_en,,full_cache_correct,svdd_prerope,snapkv,0.5,0.5,6,6,6,0,0,1.0,1.0,0.0,0.0,0.0,0,6,0,2000,case,20260927
task,passage_retrieval_en,,all,svdd_prerope,streaming,0.5,0.5,6,6,6,0,0,1.0,0.0,1.0,1.0,1.0,6,0,0,2000,case,20260927
task,passage_retrieval_en,,full_cache_correct,svdd_prerope,streaming,0.5,0.5,6,6,6,0,0,1.0,0.0,1.0,1.0,1.0,6,0,0,2000,case,20260927
task,passage_retrieval_en,,all,svdd_prerope,svdd,0.5,0.5,6,6,6,0,0,1.0,1.0,0.0,0.0,0.0,0,6,0,2000,case,20260927
task,passage_retrieval_en,,full_cache_correct,svdd_prerope,svdd,0.5,0.5,6,6,6,0,0,1.0,1.0,0.0,0.0,0.0,0,6,0,2000,case,20260927
task,qasper,,all,keydiff,full,0.1,1.0,6,6,6,0,0,0.05432940777768364,0.1898720755193988,-0.13554266774171517,-0.19875791709333637,-0.07520856685450385,0,0,6,2000,case,20260927
task,qasper,,all,keydiff,knorm,0.1,0.1,6,6,6,0,0,0.05432940777768364,0.05296397196288546,0.00136543581479819,-0.04754484256001621,0.05040550475954895,2,2,2,2000,case,20260927
task,qasper,,all,keydiff,leverage,0.1,0.1,6,6,6,0,0,0.05432940777768364,0.06710772887243475,-0.012778321094751114,-0.08137940490881668,0.0575134560935778,1,2,3,2000,case,20260927
task,qasper,,all,keydiff,random,0.1,0.1,6,6,6,0,0,0.05432940777768364,0.08558880977556747,-0.03125940199788383,-0.08241414776298497,0.025292908642059717,1,1,4,2000,case,20260927
task,qasper,,all,keydiff,snapkv,0.1,0.1,6,6,6,0,0,0.05432940777768364,0.04698795704534586,0.007341450732337787,-0.05718920123331888,0.07788117158324451,2,2,2,2000,case,20260927
task,qasper,,all,keydiff,streaming,0.1,0.1,6,6,6,0,0,0.05432940777768364,0.10281671347483812,-0.048487305697154474,-0.14657880831803372,0.02816723506378679,1,2,3,2000,case,20260927
task,qasper,,all,keydiff,svdd,0.1,0.1,6,6,6,0,0,0.05432940777768364,0.08450210584356926,-0.030172698065885614,-0.07385759677426346,0.0187675984213691,1,1,4,2000,case,20260927
task,qasper,,all,keydiff,svdd_prerope,0.1,0.1,6,6,6,0,0,0.05432940777768364,0.09234815966612116,-0.038018751888437514,-0.1178418168614247,0.03277987838125363,1,1,4,2000,case,20260927
task,qasper,,all,keydiff,full,0.2,1.0,6,6,6,0,0,0.11757966344432509,0.1898720755193988,-0.07229241207507371,-0.13756261787212853,-0.009625397545367042,2,0,4,2000,case,20260927
task,qasper,,all,keydiff,knorm,0.2,0.2,6,6,6,0,0,0.11757966344432509,0.04885366531329264,0.06872599813103246,-0.042555994729907766,0.1974097599306,3,2,1,2000,case,20260927
task,qasper,,all,keydiff,leverage,0.2,0.2,6,6,6,0,0,0.11757966344432509,0.15060850079972127,-0.03302883735539619,-0.12852022529441884,0.09007481270677921,2,0,4,2000,case,20260927
task,qasper,,all,keydiff,random,0.2,0.2,6,6,6,0,0,0.11757966344432509,0.14297249871304948,-0.025392835268724396,-0.1513576545060803,0.08647550553402138,2,1,3,2000,case,20260927
task,qasper,,all,keydiff,snapkv,0.2,0.2,6,6,6,0,0,0.11757966344432509,0.17785052272935994,-0.06027085928503482,-0.11688250978595846,0.007971868615432653,1,1,4,2000,case,20260927
task,qasper,,all,keydiff,streaming,0.2,0.2,6,6,6,0,0,0.11757966344432509,0.11896132828731232,-0.0013816648429872218,-0.12054357691964585,0.1294152775898999,2,2,2,2000,case,20260927
task,qasper,,all,keydiff,svdd,0.2,0.2,6,6,6,0,0,0.11757966344432509,0.2243719790504436,-0.10679231560611852,-0.2651583421212412,0.05898111831641154,1,1,4,2000,case,20260927
task,qasper,,all,keydiff,svdd_prerope,0.2,0.2,6,6,6,0,0,0.11757966344432509,0.13999322109280288,-0.022413557648477786,-0.103512896661717,0.09038280548680147,1,1,4,2000,case,20260927
task,qasper,,all,keydiff,full,0.5,1.0,6,6,6,0,0,0.20041611947398652,0.1898720755193988,0.010544043954587712,-0.012958386824679488,0.03289242213052695,3,1,2,2000,case,20260927
task,qasper,,all,keydiff,knorm,0.5,0.5,6,6,6,0,0,0.20041611947398652,0.138922874710414,0.06149324476357252,3.786742383656003e-05,0.12634759864659892,5,0,1,2000,case,20260927
task,qasper,,all,keydiff,leverage,0.5,0.5,6,6,6,0,0,0.20041611947398652,0.18995477541939607,0.010461344054590477,-0.05193236714975846,0.09935475910188936,1,2,3,2000,case,20260927
task,qasper,,all,keydiff,random,0.5,0.5,6,6,6,0,0,0.20041611947398652,0.20608161684830553,-0.005665497374319019,-0.03283764395144292,0.03278112591838082,2,0,4,2000,case,20260927
task,qasper,,all,keydiff,snapkv,0.5,0.5,6,6,6,0,0,0.20041611947398652,0.1857083445839005,0.01470777489008604,-0.050173950858882356,0.07427176403825803,4,0,2,2000,case,20260927
task,qasper,,all,keydiff,streaming,0.5,0.5,6,6,6,0,0,0.20041611947398652,0.20504945939728547,-0.004633339923298956,-0.07052840165169401,0.05684054109448658,3,0,3,2000,case,20260927
task,qasper,,all,keydiff,svdd,0.5,0.5,6,6,6,0,0,0.20041611947398652,0.1642565164304295,0.036159603043557045,-0.04639126305792973,0.12846353616387707,3,0,3,2000,case,20260927
task,qasper,,all,keydiff,svdd_prerope,0.5,0.5,6,6,6,0,0,0.20041611947398652,0.1605756415092406,0.03984047796474592,-0.052723861314132314,0.14127211860353897,3,1,2,2000,case,20260927
task,qasper,,all,knorm,full,0.1,1.0,6,6,6,0,0,0.05296397196288546,0.1898720755193988,-0.13690810355651337,-0.19697138253486846,-0.05067455133475146,1,0,5,2000,case,20260927
task,qasper,,all,knorm,keydiff,0.1,0.1,6,6,6,0,0,0.05296397196288546,0.05432940777768364,-0.00136543581479819,-0.04916985951468711,0.04462541668552097,2,2,2,2000,case,20260927
task,qasper,,all,knorm,leverage,0.1,0.1,6,6,6,0,0,0.05296397196288546,0.06710772887243475,-0.014143756909549304,-0.0854874914014699,0.04878048780487806,3,1,2,2000,case,20260927
task,qasper,,all,knorm,random,0.1,0.1,6,6,6,0,0,0.05296397196288546,0.08558880977556747,-0.03262483781268202,-0.06008425715589688,-0.005189057258029414,1,1,4,2000,case,20260927
task,qasper,,all,knorm,snapkv,0.1,0.1,6,6,6,0,0,0.05296397196288546,0.04698795704534586,0.005976014917539599,-0.01627732875569225,0.031001159271296597,2,2,2,2000,case,20260927
task,qasper,,all,knorm,streaming,0.1,0.1,6,6,6,0,0,0.05296397196288546,0.10281671347483812,-0.04985274151195265,-0.10593517157812254,-0.00830873660005313,0,2,4,2000,case,20260927
task,qasper,,all,knorm,svdd,0.1,0.1,6,6,6,0,0,0.05296397196288546,0.08450210584356926,-0.03153813388068381,-0.06689450051386192,0.002236079617031997,2,1,3,2000,case,20260927
task,qasper,,all,knorm,svdd_prerope,0.1,0.1,6,6,6,0,0,0.05296397196288546,0.09234815966612116,-0.03938418770323571,-0.109797660042958,0.012810544271909308,3,1,2,2000,case,20260927
task,qasper,,all,knorm,full,0.2,1.0,6,6,6,0,0,0.04885366531329264,0.1898720755193988,-0.14101841020610617,-0.23057868229006062,-0.03410956432100373,1,0,5,2000,case,20260927
task,qasper,,all,knorm,keydiff,0.2,0.2,6,6,6,0,0,0.04885366531329264,0.11757966344432509,-0.06872599813103246,-0.1973982575486335,0.042555994729907766,1,2,3,2000,case,20260927
task,qasper,,all,knorm,leverage,0.2,0.2,6,6,6,0,0,0.04885366531329264,0.15060850079972127,-0.10175483548642865,-0.1513451688083551,-0.03674861823439708,1,0,5,2000,case,20260927
task,qasper,,all,knorm,random,0.2,0.2,6,6,6,0,0,0.04885366531329264,0.14297249871304948,-0.09411883339975685,-0.1462468201175915,-0.04050576752440107,0,1,5,2000,case,20260927
task,qasper,,all,knorm,snapkv,0.2,0.2,6,6,6,0,0,0.04885366531329264,0.17785052272935994,-0.12899685741606728,-0.2146327056775216,-0.043527957287553376,0,1,5,2000,case,20260927
task,qasper,,all,knorm,streaming,0.2,0.2,6,6,6,0,0,0.04885366531329264,0.11896132828731232,-0.07010766297401967,-0.12320343924490564,-0.020059465623981754,0,2,4,2000,case,20260927
task,qasper,,all,knorm,svdd,0.2,0.2,6,6,6,0,0,0.04885366531329264,0.2243719790504436,-0.175518313737151,-0.31347015582433135,-0.038563946397445356,1,1,4,2000,case,20260927
task,qasper,,all,knorm,svdd_prerope,0.2,0.2,6,6,6,0,0,0.04885366531329264,0.13999322109280288,-0.09113955577951023,-0.16963868132455598,-0.02116589233294039,1,1,4,2000,case,20260927
task,qasper,,all,knorm,full,0.5,1.0,6,6,6,0,0,0.138922874710414,0.1898720755193988,-0.0509492008089848,-0.10640564857014666,0.008803606339977982,1,0,5,2000,case,20260927
task,qasper,,all,knorm,keydiff,0.5,0.5,6,6,6,0,0,0.138922874710414,0.20041611947398652,-0.06149324476357252,-0.13038999102115395,-0.003981012211230955,1,0,5,2000,case,20260927
task,qasper,,all,knorm,leverage,0.5,0.5,6,6,6,0,0,0.138922874710414,0.18995477541939607,-0.05103190070898204,-0.10139621082099275,-0.0008032693551707493,2,0,4,2000,case,20260927
task,qasper,,all,knorm,random,0.5,0.5,6,6,6,0,0,0.138922874710414,0.20608161684830553,-0.06715874213789154,-0.14620174867823352,0.01260947329751566,1,0,5,2000,case,20260927
task,qasper,,all,knorm,snapkv,0.5,0.5,6,6,6,0,0,0.138922874710414,0.1857083445839005,-0.046785469873486474,-0.08387896612909757,-0.010295007367028297,1,1,4,2000,case,20260927
task,qasper,,all,knorm,streaming,0.5,0.5,6,6,6,0,0,0.138922874710414,0.20504945939728547,-0.06612658468687148,-0.13529639319039982,0.014556577466878917,1,0,5,2000,case,20260927
task,qasper,,all,knorm,svdd,0.5,0.5,6,6,6,0,0,0.138922874710414,0.1642565164304295,-0.02533364172001547,-0.0530533601020329,0.0041673502871205845,1,1,4,2000,case,20260927
task,qasper,,all,knorm,svdd_prerope,0.5,0.5,6,6,6,0,0,0.138922874710414,0.1605756415092406,-0.021652766798826602,-0.07335331442474732,0.02725398607712606,2,1,3,2000,case,20260927
task,qasper,,all,leverage,full,0.1,1.0,6,6,6,0,0,0.06710772887243475,0.1898720755193988,-0.12276434664696405,-0.17999189217091988,-0.06542651248533601,0,0,6,2000,case,20260927
task,qasper,,all,leverage,keydiff,0.1,0.1,6,6,6,0,0,0.06710772887243475,0.05432940777768364,0.012778321094751114,-0.05974162008644768,0.08415758415758416,3,2,1,2000,case,20260927
task,qasper,,all,leverage,knorm,0.1,0.1,6,6,6,0,0,0.06710772887243475,0.05296397196288546,0.014143756909549304,-0.04819269101567386,0.07957031021547141,2,1,3,2000,case,20260927
task,qasper,,all,leverage,random,0.1,0.1,6,6,6,0,0,0.06710772887243475,0.08558880977556747,-0.018481080903132722,-0.07312359116280685,0.034729955758865484,2,1,3,2000,case,20260927
task,qasper,,all,leverage,snapkv,0.1,0.1,6,6,6,0,0,0.06710772887243475,0.04698795704534586,0.020119771827088902,-0.049898989898989894,0.08256410256410257,3,2,1,2000,case,20260927
task,qasper,,all,leverage,streaming,0.1,0.1,6,6,6,0,0,0.06710772887243475,0.10281671347483812,-0.03570898460240335,-0.1461675579322638,0.06102761213419338,2,1,3,2000,case,20260927
task,qasper,,all,leverage,svdd,0.1,0.1,6,6,6,0,0,0.06710772887243475,0.08450210584356926,-0.017394376971134495,-0.05256110504795344,0.015803153198538127,2,1,3,2000,case,20260927
task,qasper,,all,leverage,svdd_prerope,0.1,0.1,6,6,6,0,0,0.06710772887243475,0.09234815966612116,-0.025240430793686403,-0.050496170719780714,-0.004960560815930488,1,1,4,2000,case,20260927
task,qasper,,all,leverage,full,0.2,1.0,6,6,6,0,0,0.15060850079972127,0.1898720755193988,-0.039263574719677535,-0.11831692524251566,0.026069968835593,3,0,3,2000,case,20260927
task,qasper,,all,leverage,keydiff,0.2,0.2,6,6,6,0,0,0.15060850079972127,0.11757966344432509,0.03302883735539619,-0.08613216037703013,0.12457757296466974,4,0,2,2000,case,20260927
task,qasper,,all,leverage,knorm,0.2,0.2,6,6,6,0,0,0.15060850079972127,0.04885366531329264,0.10175483548642865,0.04509400761241703,0.1513451688083551,5,0,1,2000,case,20260927
task,qasper,,all,leverage,random,0.2,0.2,6,6,6,0,0,0.15060850079972127,0.14297249871304948,0.007636002086671795,-0.09129918201926608,0.0955187837534825,3,0,3,2000,case,20260927
task,qasper,,all,leverage,snapkv,0.2,0.2,6,6,6,0,0,0.15060850079972127,0.17785052272935994,-0.027242021929638646,-0.10233000514609879,0.05441780204203006,2,0,4,2000,case,20260927
task,qasper,,all,leverage,streaming,0.2,0.2,6,6,6,0,0,0.15060850079972127,0.11896132828731232,0.03164717251240897,-0.03457483664275615,0.08719615150027521,5,0,1,2000,case,20260927
task,qasper,,all,leverage,svdd,0.2,0.2,6,6,6,0,0,0.15060850079972127,0.2243719790504436,-0.07376347825072233,-0.20551206194179605,0.047142229380322476,2,0,4,2000,case,20260927
task,qasper,,all,leverage,svdd_prerope,0.2,0.2,6,6,6,0,0,0.15060850079972127,0.13999322109280288,0.010615279706918404,-0.046819210389131366,0.07224668953420453,2,0,4,2000,case,20260927
task,qasper,,all,leverage,full,0.5,1.0,6,6,6,0,0,0.18995477541939607,0.1898720755193988,8.269989999723504e-05,-0.07406325808495186,0.050363950457452095,4,1,1,2000,case,20260927
task,qasper,,all,leverage,keydiff,0.5,0.5,6,6,6,0,0,0.18995477541939607,0.20041611947398652,-0.010461344054590477,-0.10264891864604923,0.051278180354267226,3,2,1,2000,case,20260927
task,qasper,,all,leverage,knorm,0.5,0.5,6,6,6,0,0,0.18995477541939607,0.138922874710414,0.05103190070898204,-0.0009231880107223316,0.09954775750503174,4,0,2,2000,case,20260927
task,qasper,,all,leverage,random,0.5,0.5,6,6,6,0,0,0.18995477541939607,0.20608161684830553,-0.016126841428909498,-0.11570780989619654,0.07209282145343526,2,0,4,2000,case,20260927
task,qasper,,all,leverage,snapkv,0.5,0.5,6,6,6,0,0,0.18995477541939607,0.1857083445839005,0.0042464308354955614,-0.08541799192660836,0.08574136696748647,3,1,2,2000,case,20260927
task,qasper,,all,leverage,streaming,0.5,0.5,6,6,6,0,0,0.18995477541939607,0.20504945939728547,-0.015094683977889434,-0.12296659404502543,0.09183767189521634,3,0,3,2000,case,20260927
task,qasper,,all,leverage,svdd,0.5,0.5,6,6,6,0,0,0.18995477541939607,0.1642565164304295,0.025698258988966566,-0.01583479669583677,0.06996344412904498,5,0,1,2000,case,20260927
task,qasper,,all,leverage,svdd_prerope,0.5,0.5,6,6,6,0,0,0.18995477541939607,0.1605756415092406,0.02937913391015544,-0.004154922647059157,0.06968615606386504,4,1,1,2000,case,20260927
task,qasper,,all,random,full,0.1,1.0,6,6,6,0,0,0.08558880977556747,0.1898720755193988,-0.10428326574383133,-0.14017778742729128,-0.04308607198045699,1,0,5,2000,case,20260927
task,qasper,,all,random,keydiff,0.1,0.1,6,6,6,0,0,0.08558880977556747,0.05432940777768364,0.03125940199788383,-0.025615249331372925,0.07872235872235873,4,1,1,2000,case,20260927
task,qasper,,all,random,knorm,0.1,0.1,6,6,6,0,0,0.08558880977556747,0.05296397196288546,0.03262483781268202,0.005189057258029414,0.06054986317258957,4,1,1,2000,case,20260927
task,qasper,,all,random,leverage,0.1,0.1,6,6,6,0,0,0.08558880977556747,0.06710772887243475,0.018481080903132722,-0.034937495960005026,0.06977435957828115,3,1,2,2000,case,20260927
task,qasper,,all,random,snapkv,0.1,0.1,6,6,6,0,0,0.08558880977556747,0.04698795704534586,0.038600852730221624,-0.001345065996228784,0.07561572071109068,4,1,1,2000,case,20260927
task,qasper,,all,random,streaming,0.1,0.1,6,6,6,0,0,0.08558880977556747,0.10281671347483812,-0.017227903699270634,-0.09426292759626091,0.03815354512572935,3,1,2,2000,case,20260927
task,qasper,,all,random,svdd,0.1,0.1,6,6,6,0,0,0.08558880977556747,0.08450210584356926,0.0010867039319982185,-0.025544376689908093,0.03689947724831446,1,1,4,2000,case,20260927
task,qasper,,all,random,svdd_prerope,0.1,0.1,6,6,6,0,0,0.08558880977556747,0.09234815966612116,-0.006759349890553684,-0.06376497384556205,0.04195645874184684,3,1,2,2000,case,20260927
task,qasper,,all,random,full,0.2,1.0,6,6,6,0,0,0.14297249871304948,0.1898720755193988,-0.04689957680634932,-0.1366503769172437,0.08244321367204983,1,0,5,2000,case,20260927
task,qasper,,all,random,keydiff,0.2,0.2,6,6,6,0,0,0.14297249871304948,0.11757966344432509,0.025392835268724396,-0.08647550553402138,0.14013446194911852,3,1,2,2000,case,20260927
task,qasper,,all,random,knorm,0.2,0.2,6,6,6,0,0,0.14297249871304948,0.04885366531329264,0.09411883339975685,0.03812611238240529,0.14807722835194062,5,1,0,2000,case,20260927
task,qasper,,all,random,leverage,0.2,0.2,6,6,6,0,0,0.14297249871304948,0.15060850079972127,-0.007636002086671795,-0.09511824606169685,0.08957672353653419,3,0,3,2000,case,20260927
task,qasper,,all,random,snapkv,0.2,0.2,6,6,6,0,0,0.14297249871304948,0.17785052272935994,-0.03487802401631043,-0.09815556477771199,0.04669016199845367,1,1,4,2000,case,20260927
task,qasper,,all,random,streaming,0.2,0.2,6,6,6,0,0,0.14297249871304948,0.11896132828731232,0.024011170425737183,-0.0486720708845589,0.07666727129149062,4,1,1,2000,case,20260927
task,qasper,,all,random,svdd,0.2,0.2,6,6,6,0,0,0.14297249871304948,0.2243719790504436,-0.08139948033739411,-0.2275974339921457,0.05541916134620714,2,1,3,2000,case,20260927
task,qasper,,all,random,svdd_prerope,0.2,0.2,6,6,6,0,0,0.14297249871304948,0.13999322109280288,0.0029792776202466134,-0.0631934716168915,0.09165995152344086,2,1,3,2000,case,20260927
task,qasper,,all,random,full,0.5,1.0,6,6,6,0,0,0.20608161684830553,0.1898720755193988,0.016209541328906733,-0.04456706676229269,0.06535173650250746,4,0,2,2000,case,20260927
task,qasper,,all,random,keydiff,0.5,0.5,6,6,6,0,0,0.20608161684830553,0.20041611947398652,0.005665497374319019,-0.03073525403427364,0.03283257410708391,4,0,2,2000,case,20260927
task,qasper,,all,random,knorm,0.5,0.5,6,6,6,0,0,0.20608161684830553,0.138922874710414,0.06715874213789154,-0.003804263515221238,0.14635161403503724,5,0,1,2000,case,20260927
task,qasper,,all,random,leverage,0.5,0.5,6,6,6,0,0,0.20608161684830553,0.18995477541939607,0.016126841428909498,-0.07617322291235336,0.1176756133345882,4,0,2,2000,case,20260927
task,qasper,,all,random,snapkv,0.5,0.5,6,6,6,0,0,0.20608161684830553,0.1857083445839005,0.020373272264405055,-0.0639673617337632,0.09148749714386656,4,0,2,2000,case,20260927
task,qasper,,all,random,streaming,0.5,0.5,6,6,6,0,0,0.20608161684830553,0.20504945939728547,0.0010321574510200615,-0.045352684144818974,0.04083747834969134,3,1,2,2000,case,20260927
task,qasper,,all,random,svdd,0.5,0.5,6,6,6,0,0,0.20608161684830553,0.1642565164304295,0.041825100417876064,-0.05163059163059164,0.14698670352065565,3,0,3,2000,case,20260927
task,qasper,,all,random,svdd_prerope,0.5,0.5,6,6,6,0,0,0.20608161684830553,0.1605756415092406,0.045505975339064926,-0.0649400284123272,0.15917228549195941,4,0,2,2000,case,20260927
task,qasper,,all,snapkv,full,0.1,1.0,6,6,6,0,0,0.04698795704534586,0.1898720755193988,-0.14288411847405294,-0.21254679260986706,-0.05077389823156594,1,0,5,2000,case,20260927
task,qasper,,all,snapkv,keydiff,0.1,0.1,6,6,6,0,0,0.04698795704534586,0.05432940777768364,-0.007341450732337787,-0.08010933557611438,0.05649515825986414,2,2,2,2000,case,20260927
task,qasper,,all,snapkv,knorm,0.1,0.1,6,6,6,0,0,0.04698795704534586,0.05296397196288546,-0.005976014917539599,-0.031001159271296597,0.01627732875569225,2,2,2,2000,case,20260927
task,qasper,,all,snapkv,leverage,0.1,0.1,6,6,6,0,0,0.04698795704534586,0.06710772887243475,-0.020119771827088902,-0.08702408702408704,0.045521253813936735,1,2,3,2000,case,20260927
task,qasper,,all,snapkv,random,0.1,0.1,6,6,6,0,0,0.04698795704534586,0.08558880977556747,-0.038600852730221624,-0.07561572071109068,0.002694448000584474,1,1,4,2000,case,20260927
task,qasper,,all,snapkv,streaming,0.1,0.1,6,6,6,0,0,0.04698795704534586,0.10281671347483812,-0.055828756429492254,-0.0987870522590752,-0.017754716648135403,0,2,4,2000,case,20260927
task,qasper,,all,snapkv,svdd,0.1,0.1,6,6,6,0,0,0.04698795704534586,0.08450210584356926,-0.0375141487982234,-0.07571553709765093,-0.0014763071895426885,1,1,4,2000,case,20260927
task,qasper,,all,snapkv,svdd_prerope,0.1,0.1,6,6,6,0,0,0.04698795704534586,0.09234815966612116,-0.04536020262077531,-0.11258129050897535,0.006549746544075819,1,1,4,2000,case,20260927
task,qasper,,all,snapkv,full,0.2,1.0,6,6,6,0,0,0.17785052272935994,0.1898720755193988,-0.012021552790038892,-0.08354734263092321,0.06222105019629314,2,0,4,2000,case,20260927
task,qasper,,all,snapkv,keydiff,0.2,0.2,6,6,6,0,0,0.17785052272935994,0.11757966344432509,0.06027085928503482,-0.007914963395868621,0.11922447006561403,4,1,1,2000,case,20260927
task,qasper,,all,snapkv,knorm,0.2,0.2,6,6,6,0,0,0.17785052272935994,0.04885366531329264,0.12899685741606728,0.04353213099087686,0.21628641048204042,5,1,0,2000,case,20260927
task,qasper,,all,snapkv,leverage,0.2,0.2,6,6,6,0,0,0.17785052272935994,0.15060850079972127,0.027242021929638646,-0.055406322072988734,0.09967338594516106,4,0,2,2000,case,20260927
task,qasper,,all,snapkv,random,0.2,0.2,6,6,6,0,0,0.17785052272935994,0.14297249871304948,0.03487802401631043,-0.050046526571962506,0.09755359081361771,4,1,1,2000,case,20260927
task,qasper,,all,snapkv,streaming,0.2,0.2,6,6,6,0,0,0.17785052272935994,0.11896132828731232,0.05888919444204762,-0.013617640602941983,0.138793502637935,3,1,2,2000,case,20260927
task,qasper,,all,snapkv,svdd,0.2,0.2,6,6,6,0,0,0.17785052272935994,0.2243719790504436,-0.0465214563210837,-0.16605068391120373,0.05697913617262823,2,1,3,2000,case,20260927
task,qasper,,all,snapkv,svdd_prerope,0.2,0.2,6,6,6,0,0,0.17785052272935994,0.13999322109280288,0.037857301636557046,-0.004664386273581678,0.08835443519243863,4,1,1,2000,case,20260927
task,qasper,,all,snapkv,full,0.5,1.0,6,6,6,0,0,0.1857083445839005,0.1898720755193988,-0.004163730935498326,-0.06633526402204748,0.06746973915050318,2,0,4,2000,case,20260927
task,qasper,,all,snapkv,keydiff,0.5,0.5,6,6,6,0,0,0.1857083445839005,0.20041611947398652,-0.01470777489008604,-0.07378841947738,0.049679571131716345,2,0,4,2000,case,20260927
task,qasper,,all,snapkv,knorm,0.5,0.5,6,6,6,0,0,0.1857083445839005,0.138922874710414,0.046785469873486474,0.010188568776511015,0.08504428429513672,4,1,1,2000,case,20260927
task,qasper,,all,snapkv,leverage,0.5,0.5,6,6,6,0,0,0.1857083445839005,0.18995477541939607,-0.0042464308354955614,-0.09013539714717338,0.08399975974795376,2,1,3,2000,case,20260927
task,qasper,,all,snapkv,random,0.5,0.5,6,6,6,0,0,0.1857083445839005,0.20608161684830553,-0.020373272264405055,-0.0977287835007339,0.05594314640205025,2,0,4,2000,case,20260927
task,qasper,,all,snapkv,streaming,0.5,0.5,6,6,6,0,0,0.1857083445839005,0.20504945939728547,-0.019341114813384994,-0.08850012344607783,0.07155495311435905,1,0,5,2000,case,20260927
task,qasper,,all,snapkv,svdd,0.5,0.5,6,6,6,0,0,0.1857083445839005,0.1642565164304295,0.021451828153471006,-0.03551602136981224,0.08530727254905181,3,1,2,2000,case,20260927
task,qasper,,all,snapkv,svdd_prerope,0.5,0.5,6,6,6,0,0,0.1857083445839005,0.1605756415092406,0.02513270307465987,-0.05034013821267456,0.10552688697054725,3,1,2,2000,case,20260927
task,qasper,,all,streaming,full,0.1,1.0,6,6,6,0,0,0.10281671347483812,0.1898720755193988,-0.08705536204456071,-0.17011733869988066,0.04782377713565374,1,0,5,2000,case,20260927
task,qasper,,all,streaming,keydiff,0.1,0.1,6,6,6,0,0,0.10281671347483812,0.05432940777768364,0.048487305697154474,-0.02816723506378679,0.14653222078964653,3,2,1,2000,case,20260927
task,qasper,,all,streaming,knorm,0.1,0.1,6,6,6,0,0,0.10281671347483812,0.05296397196288546,0.04985274151195265,0.00830873660005313,0.10824150721779152,4,2,0,2000,case,20260927
task,qasper,,all,streaming,leverage,0.1,0.1,6,6,6,0,0,0.10281671347483812,0.06710772887243475,0.03570898460240335,-0.05732567034984041,0.14249423366706396,3,1,2,2000,case,20260927
task,qasper,,all,streaming,random,0.1,0.1,6,6,6,0,0,0.10281671347483812,0.08558880977556747,0.017227903699270634,-0.03815354512572935,0.08894887522416373,2,1,3,2000,case,20260927
task,qasper,,all,streaming,snapkv,0.1,0.1,6,6,6,0,0,0.10281671347483812,0.04698795704534586,0.055828756429492254,0.019561514975026915,0.10160262501725915,4,2,0,2000,case,20260927
task,qasper,,all,streaming,svdd,0.1,0.1,6,6,6,0,0,0.10281671347483812,0.08450210584356926,0.018314607631268853,-0.04472561401798443,0.09310792190330146,2,1,3,2000,case,20260927
task,qasper,,all,streaming,svdd_prerope,0.1,0.1,6,6,6,0,0,0.10281671347483812,0.09234815966612116,0.010468553808716946,-0.08930697930014948,0.09799252912039404,3,1,2,2000,case,20260927
task,qasper,,all,streaming,full,0.2,1.0,6,6,6,0,0,0.11896132828731232,0.1898720755193988,-0.0709107472320865,-0.17900777935599688,0.049462749729958545,2,0,4,2000,case,20260927
task,qasper,,all,streaming,keydiff,0.2,0.2,6,6,6,0,0,0.11896132828731232,0.11757966344432509,0.0013816648429872218,-0.1268525751608458,0.11898326263523068,2,2,2,2000,case,20260927
task,qasper,,all,streaming,knorm,0.2,0.2,6,6,6,0,0,0.11896132828731232,0.04885366531329264,0.07010766297401967,0.020059465623981754,0.12054912499382271,4,2,0,2000,case,20260927
task,qasper,,all,streaming,leverage,0.2,0.2,6,6,6,0,0,0.11896132828731232,0.15060850079972127,-0.03164717251240897,-0.08911645054620314,0.03110884387263967,1,0,5,2000,case,20260927
task,qasper,,all,streaming,random,0.2,0.2,6,6,6,0,0,0.11896132828731232,0.14297249871304948,-0.024011170425737183,-0.07649249110919591,0.04538692092194249,1,1,4,2000,case,20260927
task,qasper,,all,streaming,snapkv,0.2,0.2,6,6,6,0,0,0.11896132828731232,0.17785052272935994,-0.05888919444204762,-0.138793502637935,0.01737110333416286,2,1,3,2000,case,20260927
task,qasper,,all,streaming,svdd,0.2,0.2,6,6,6,0,0,0.11896132828731232,0.2243719790504436,-0.10541065076313129,-0.25938159964070157,0.024329314651895306,2,1,3,2000,case,20260927
task,qasper,,all,streaming,svdd_prerope,0.2,0.2,6,6,6,0,0,0.11896132828731232,0.13999322109280288,-0.02103189280549057,-0.09140410855178471,0.0487330785149355,2,1,3,2000,case,20260927
task,qasper,,all,streaming,full,0.5,1.0,6,6,6,0,0,0.20504945939728547,0.1898720755193988,0.015177383877886669,-0.06625001862447108,0.0990474051085492,5,0,1,2000,case,20260927
task,qasper,,all,streaming,keydiff,0.5,0.5,6,6,6,0,0,0.20504945939728547,0.20041611947398652,0.004633339923298956,-0.05684856188852353,0.07278794986829419,3,0,3,2000,case,20260927
task,qasper,,all,streaming,knorm,0.5,0.5,6,6,6,0,0,0.20504945939728547,0.138922874710414,0.06612658468687148,-0.01180541330397847,0.13448100530207605,5,0,1,2000,case,20260927
task,qasper,,all,streaming,leverage,0.5,0.5,6,6,6,0,0,0.20504945939728547,0.18995477541939607,0.015094683977889434,-0.08415147181131837,0.12003809394127986,3,0,3,2000,case,20260927
task,qasper,,all,streaming,random,0.5,0.5,6,6,6,0,0,0.20504945939728547,0.20608161684830553,-0.0010321574510200615,-0.04083747834969134,0.044531590413943355,2,1,3,2000,case,20260927
task,qasper,,all,streaming,snapkv,0.5,0.5,6,6,6,0,0,0.20504945939728547,0.1857083445839005,0.019341114813384994,-0.06830362226385546,0.08850012344607783,5,0,1,2000,case,20260927
task,qasper,,all,streaming,svdd,0.5,0.5,6,6,6,0,0,0.20504945939728547,0.1642565164304295,0.040792942966856,-0.06324764205198989,0.1380033643892336,4,0,2,2000,case,20260927
task,qasper,,all,streaming,svdd_prerope,0.5,0.5,6,6,6,0,0,0.20504945939728547,0.1605756415092406,0.044473817888044866,-0.07498448200111156,0.14982329485739546,4,0,2,2000,case,20260927
task,qasper,,all,svdd,full,0.1,1.0,6,6,6,0,0,0.08450210584356926,0.1898720755193988,-0.10536996967582957,-0.16272066805523483,-0.03579679048516142,1,0,5,2000,case,20260927
task,qasper,,all,svdd,keydiff,0.1,0.1,6,6,6,0,0,0.08450210584356926,0.05432940777768364,0.030172698065885614,-0.020110391430828777,0.07287157287157287,4,1,1,2000,case,20260927
task,qasper,,all,svdd,knorm,0.1,0.1,6,6,6,0,0,0.08450210584356926,0.05296397196288546,0.03153813388068381,-0.0031993375489310478,0.07181093356208564,3,1,2,2000,case,20260927
task,qasper,,all,svdd,leverage,0.1,0.1,6,6,6,0,0,0.08450210584356926,0.06710772887243475,0.017394376971134495,-0.01580315319853819,0.052561105047953444,3,1,2,2000,case,20260927
task,qasper,,all,svdd,random,0.1,0.1,6,6,6,0,0,0.08450210584356926,0.08558880977556747,-0.0010867039319982185,-0.036446788787495916,0.025544376689908093,4,1,1,2000,case,20260927
task,qasper,,all,svdd,snapkv,0.1,0.1,6,6,6,0,0,0.08450210584356926,0.04698795704534586,0.0375141487982234,-0.0026823793490460177,0.07429222538978637,4,1,1,2000,case,20260927
task,qasper,,all,svdd,streaming,0.1,0.1,6,6,6,0,0,0.08450210584356926,0.10281671347483812,-0.018314607631268853,-0.09878103823454241,0.046294035772754094,3,1,2,2000,case,20260927
task,qasper,,all,svdd,svdd_prerope,0.1,0.1,6,6,6,0,0,0.08450210584356926,0.09234815966612116,-0.007846053822551905,-0.046521230430206874,0.020883537338824535,3,1,2,2000,case,20260927
task,qasper,,all,svdd,full,0.2,1.0,6,6,6,0,0,0.2243719790504436,0.1898720755193988,0.0344999035310448,-0.09385070324909295,0.16285051031118256,4,0,2,2000,case,20260927
task,qasper,,all,svdd,keydiff,0.2,0.2,6,6,6,0,0,0.2243719790504436,0.11757966344432509,0.10679231560611852,-0.05626635045878129,0.2542421627840092,4,1,1,2000,case,20260927
task,qasper,,all,svdd,knorm,0.2,0.2,6,6,6,0,0,0.2243719790504436,0.04885366531329264,0.175518313737151,0.04777424998380095,0.32948610537986683,4,1,1,2000,case,20260927
task,qasper,,all,svdd,leverage,0.2,0.2,6,6,6,0,0,0.2243719790504436,0.15060850079972127,0.07376347825072233,-0.04111570480587493,0.20429503764566356,4,0,2,2000,case,20260927
task,qasper,,all,svdd,random,0.2,0.2,6,6,6,0,0,0.2243719790504436,0.14297249871304948,0.08139948033739411,-0.05520845400368125,0.2244836961351884,3,1,2,2000,case,20260927
task,qasper,,all,svdd,snapkv,0.2,0.2,6,6,6,0,0,0.2243719790504436,0.17785052272935994,0.0465214563210837,-0.057399091647228506,0.15887553854101857,3,1,2,2000,case,20260927
task,qasper,,all,svdd,streaming,0.2,0.2,6,6,6,0,0,0.2243719790504436,0.11896132828731232,0.10541065076313129,-0.020138926942287017,0.2521416469220254,3,1,2,2000,case,20260927
task,qasper,,all,svdd,svdd_prerope,0.2,0.2,6,6,6,0,0,0.2243719790504436,0.13999322109280288,0.08437875795764072,0.012051818816558273,0.17471221961596625,4,1,1,2000,case,20260927
task,qasper,,all,svdd,full,0.5,1.0,6,6,6,0,0,0.1642565164304295,0.1898720755193988,-0.02561555908896933,-0.10276920844478116,0.047275589413270536,3,1,2,2000,case,20260927
task,qasper,,all,svdd,keydiff,0.5,0.5,6,6,6,0,0,0.1642565164304295,0.20041611947398652,-0.036159603043557045,-0.12553221521241817,0.03774928774928776,3,0,3,2000,case,20260927
task,qasper,,all,svdd,knorm,0.5,0.5,6,6,6,0,0,0.1642565164304295,0.138922874710414,0.02533364172001547,-0.00603083252211985,0.05474161279741646,4,1,1,2000,case,20260927
task,qasper,,all,svdd,leverage,0.5,0.5,6,6,6,0,0,0.1642565164304295,0.18995477541939607,-0.025698258988966566,-0.06902138781934179,0.014584771106510241,1,0,5,2000,case,20260927
task,qasper,,all,svdd,random,0.5,0.5,6,6,6,0,0,0.1642565164304295,0.20608161684830553,-0.041825100417876064,-0.14056505069177846,0.05409665497900793,3,0,3,2000,case,20260927
task,qasper,,all,svdd,snapkv,0.5,0.5,6,6,6,0,0,0.1642565164304295,0.1857083445839005,-0.021451828153471006,-0.08221964480388982,0.03921972507351594,2,1,3,2000,case,20260927
task,qasper,,all,svdd,streaming,0.5,0.5,6,6,6,0,0,0.1642565164304295,0.20504945939728547,-0.040792942966856,-0.13631571729397815,0.05855495500875895,2,0,4,2000,case,20260927
task,qasper,,all,svdd,svdd_prerope,0.5,0.5,6,6,6,0,0,0.1642565164304295,0.1605756415092406,0.003680874921188869,-0.020598640946887434,0.030665277383094953,2,2,2,2000,case,20260927
task,qasper,,all,svdd_prerope,full,0.1,1.0,6,6,6,0,0,0.09234815966612116,0.1898720755193988,-0.09752391585327765,-0.16862685536217922,-0.02568117911822206,1,1,4,2000,case,20260927
task,qasper,,all,svdd_prerope,keydiff,0.1,0.1,6,6,6,0,0,0.09234815966612116,0.05432940777768364,0.038018751888437514,-0.040419870856145866,0.118792492798609,4,1,1,2000,case,20260927
task,qasper,,all,svdd_prerope,knorm,0.1,0.1,6,6,6,0,0,0.09234815966612116,0.05296397196288546,0.03938418770323571,-0.014087807104378918,0.10996533795918273,2,1,3,2000,case,20260927
task,qasper,,all,svdd_prerope,leverage,0.1,0.1,6,6,6,0,0,0.09234815966612116,0.06710772887243475,0.025240430793686403,0.005202444089033034,0.0486147149373448,4,1,1,2000,case,20260927
task,qasper,,all,svdd_prerope,random,0.1,0.1,6,6,6,0,0,0.09234815966612116,0.08558880977556747,0.006759349890553684,-0.0421245688342116,0.061785004903915225,2,1,3,2000,case,20260927
task,qasper,,all,svdd_prerope,snapkv,0.1,0.1,6,6,6,0,0,0.09234815966612116,0.04698795704534586,0.04536020262077531,-0.008786554793428674,0.11641321641888715,4,1,1,2000,case,20260927
task,qasper,,all,svdd_prerope,streaming,0.1,0.1,6,6,6,0,0,0.09234815966612116,0.10281671347483812,-0.010468553808716946,-0.10348367231403154,0.08794445772689126,2,1,3,2000,case,20260927
task,qasper,,all,svdd_prerope,svdd,0.1,0.1,6,6,6,0,0,0.09234815966612116,0.08450210584356926,0.007846053822551905,-0.020883537338824535,0.047008428367485755,2,1,3,2000,case,20260927
task,qasper,,all,svdd_prerope,full,0.2,1.0,6,6,6,0,0,0.13999322109280288,0.1898720755193988,-0.04987885442659593,-0.13021061434239076,0.028097656438939966,2,0,4,2000,case,20260927
task,qasper,,all,svdd_prerope,keydiff,0.2,0.2,6,6,6,0,0,0.13999322109280288,0.11757966344432509,0.022413557648477786,-0.0932984753432612,0.10376083887880623,4,1,1,2000,case,20260927
task,qasper,,all,svdd_prerope,knorm,0.2,0.2,6,6,6,0,0,0.13999322109280288,0.04885366531329264,0.09113955577951023,0.022437186510413053,0.16480036883228147,4,1,1,2000,case,20260927
task,qasper,,all,svdd_prerope,leverage,0.2,0.2,6,6,6,0,0,0.13999322109280288,0.15060850079972127,-0.010615279706918404,-0.07482918169504685,0.046899972939401686,4,0,2,2000,case,20260927
task,qasper,,all,svdd_prerope,random,0.2,0.2,6,6,6,0,0,0.13999322109280288,0.14297249871304948,-0.0029792776202466134,-0.08995039960083755,0.06297384458830052,3,1,2,2000,case,20260927
task,qasper,,all,svdd_prerope,snapkv,0.2,0.2,6,6,6,0,0,0.13999322109280288,0.17785052272935994,-0.037857301636557046,-0.0874646639924956,0.004527306410624608,1,1,4,2000,case,20260927
task,qasper,,all,svdd_prerope,streaming,0.2,0.2,6,6,6,0,0,0.13999322109280288,0.11896132828731232,0.02103189280549057,-0.04934032294080357,0.08923933637409028,3,1,2,2000,case,20260927
task,qasper,,all,svdd_prerope,svdd,0.2,0.2,6,6,6,0,0,0.13999322109280288,0.2243719790504436,-0.08437875795764072,-0.17471221961596625,-0.016090488024345977,1,1,4,2000,case,20260927
task,qasper,,all,svdd_prerope,full,0.5,1.0,6,6,6,0,0,0.1605756415092406,0.1898720755193988,-0.029296434010158204,-0.11378115301425733,0.04567642172382572,4,0,2,2000,case,20260927
task,qasper,,all,svdd_prerope,keydiff,0.5,0.5,6,6,6,0,0,0.1605756415092406,0.20041611947398652,-0.03984047796474592,-0.13396217708307115,0.04753887509234781,2,1,3,2000,case,20260927
task,qasper,,all,svdd_prerope,knorm,0.5,0.5,6,6,6,0,0,0.1605756415092406,0.138922874710414,0.021652766798826602,-0.025045192007436688,0.07157260592228715,3,1,2,2000,case,20260927
task,qasper,,all,svdd_prerope,leverage,0.5,0.5,6,6,6,0,0,0.1605756415092406,0.18995477541939607,-0.02937913391015544,-0.06840556353571804,0.004176086867852004,1,1,4,2000,case,20260927
task,qasper,,all,svdd_prerope,random,0.5,0.5,6,6,6,0,0,0.1605756415092406,0.20608161684830553,-0.045505975339064926,-0.16025232791896665,0.05964776074311031,2,0,4,2000,case,20260927
task,qasper,,all,svdd_prerope,snapkv,0.5,0.5,6,6,6,0,0,0.1605756415092406,0.1857083445839005,-0.02513270307465987,-0.10613183584202995,0.05034013821267456,2,1,3,2000,case,20260927
task,qasper,,all,svdd_prerope,streaming,0.5,0.5,6,6,6,0,0,0.1605756415092406,0.20504945939728547,-0.044473817888044866,-0.16017351384998443,0.07498448200111156,2,0,4,2000,case,20260927
task,qasper,,all,svdd_prerope,svdd,0.5,0.5,6,6,6,0,0,0.1605756415092406,0.1642565164304295,-0.003680874921188869,-0.030665277383094946,0.022353026911799707,2,2,2,2000,case,20260927
